interaction_id,user_id,product_id,interaction_type,rating,implicit_score,timestamp,month,is_festival_period
I00001,U0109,P0152,cart,,2.0,2024-07-01T00:00:00,7,False
I00002,U0192,P0424,view,,1.0,2024-03-05T00:00:00,3,False
I00003,U0081,P0150,view,,1.0,2025-04-18T00:00:00,4,False
I00004,U0015,P0465,view,,1.0,2024-04-09T00:00:00,4,False
I00005,U0032,P0277,view,,1.0,2024-05-07T00:00:00,5,False
I00006,U0196,P0220,view,,1.0,2025-01-03T00:00:00,1,False
I00007,U0083,P0221,view,,1.0,2024-02-12T00:00:00,2,False
I00008,U0116,P0296,view,,1.0,2025-02-22T00:00:00,2,False
I00009,U0232,P0480,rating,2.9,2.9,2024-03-18T00:00:00,3,False
I00010,U0059,P0280,purchase,,4.0,2024-06-16T00:00:00,6,False
I00011,U0083,P0197,purchase,,4.0,2024-07-11T00:00:00,7,False
I00012,U0197,P0226,view,,1.0,2024-10-09T00:00:00,10,True
I00013,U0080,P0030,cart,,2.0,2025-01-24T00:00:00,1,False
I00014,U0232,P0140,cart,,2.0,2024-08-27T00:00:00,8,False
I00015,U0064,P0013,view,,1.0,2025-04-27T00:00:00,4,False
I00016,U0147,P0348,cart,,2.0,2025-04-02T00:00:00,4,False
I00017,U0089,P0251,view,,1.0,2024-04-04T00:00:00,4,False
I00018,U0196,P0126,view,,1.0,2025-03-03T00:00:00,3,False
I00019,U0151,P0231,cart,,2.0,2025-05-28T00:00:00,5,False
I00020,U0120,P0153,view,,1.0,2024-01-22T00:00:00,1,False
I00021,U0115,P0393,rating,3.8,3.8,2024-11-08T00:00:00,11,True
I00022,U0229,P0207,view,,1.0,2025-06-02T00:00:00,6,False
I00023,U0206,P0493,view,,1.0,2025-01-09T00:00:00,1,False
I00024,U0195,P0434,cart,,2.0,2024-06-27T00:00:00,6,False
I00025,U0210,P0293,view,,1.0,2025-05-14T00:00:00,5,False
I00026,U0208,P0439,purchase,,4.0,2024-05-03T00:00:00,5,False
I00027,U0225,P0111,view,,1.0,2024-04-22T00:00:00,4,False
I00028,U0012,P0323,view,,1.0,2024-05-05T00:00:00,5,False
I00029,U0053,P0321,rating,3.7,3.7,2024-11-26T00:00:00,11,True
I00030,U0134,P0039,view,,1.0,2024-04-06T00:00:00,4,False
I00031,U0005,P0049,rating,3.1,3.1,2024-03-09T00:00:00,3,False
I00032,U0118,P0401,view,,1.0,2024-02-28T00:00:00,2,False
I00033,U0033,P0006,view,,1.0,2024-11-13T00:00:00,11,True
I00034,U0050,P0376,view,,1.0,2025-05-03T00:00:00,5,False
I00035,U0019,P0426,view,,1.0,2024-07-15T00:00:00,7,False
I00036,U0123,P0138,view,,1.0,2025-03-25T00:00:00,3,False
I00037,U0222,P0228,view,,1.0,2025-03-27T00:00:00,3,False
I00038,U0033,P0381,cart,,2.0,2024-05-20T00:00:00,5,False
I00039,U0084,P0367,purchase,,4.0,2025-01-25T00:00:00,1,False
I00040,U0079,P0396,view,,1.0,2024-08-02T00:00:00,8,False
I00041,U0014,P0006,view,,1.0,2024-08-02T00:00:00,8,False
I00042,U0147,P0248,view,,1.0,2024-05-07T00:00:00,5,False
I00043,U0054,P0313,cart,,2.0,2025-04-21T00:00:00,4,False
I00044,U0148,P0316,rating,4.3,4.3,2024-01-29T00:00:00,1,False
I00045,U0105,P0013,view,,1.0,2025-01-26T00:00:00,1,False
I00046,U0218,P0421,cart,,2.0,2024-07-20T00:00:00,7,False
I00047,U0017,P0481,rating,3.9,3.9,2024-11-17T00:00:00,11,True
I00048,U0006,P0116,view,,1.0,2024-11-20T00:00:00,11,True
I00049,U0156,P0061,view,,1.0,2024-11-13T00:00:00,11,True
I00050,U0169,P0151,view,,1.0,2024-03-22T00:00:00,3,False
I00051,U0218,P0311,view,,1.0,2025-04-12T00:00:00,4,False
I00052,U0169,P0218,view,,1.0,2024-07-22T00:00:00,7,False
I00053,U0071,P0241,view,,1.0,2025-01-21T00:00:00,1,False
I00054,U0010,P0245,view,,1.0,2024-04-07T00:00:00,4,False
I00055,U0089,P0152,rating,4.6,4.6,2024-07-26T00:00:00,7,False
I00056,U0166,P0142,view,,1.0,2024-01-22T00:00:00,1,False
I00057,U0154,P0499,purchase,,4.0,2025-03-14T00:00:00,3,False
I00058,U0039,P0391,rating,5.0,5.0,2024-08-06T00:00:00,8,False
I00059,U0157,P0388,cart,,2.0,2025-05-09T00:00:00,5,False
I00060,U0230,P0059,view,,1.0,2024-01-20T00:00:00,1,False
I00061,U0219,P0230,view,,1.0,2024-05-27T00:00:00,5,False
I00062,U0108,P0037,cart,,2.0,2025-02-06T00:00:00,2,False
I00063,U0084,P0423,view,,1.0,2025-04-27T00:00:00,4,False
I00064,U0111,P0297,purchase,,4.0,2025-02-17T00:00:00,2,False
I00065,U0053,P0386,purchase,,4.0,2024-05-13T00:00:00,5,False
I00066,U0207,P0336,rating,4.8,4.8,2024-10-09T00:00:00,10,True
I00067,U0048,P0060,purchase,,4.0,2024-11-21T00:00:00,11,True
I00068,U0233,P0028,view,,1.0,2025-03-18T00:00:00,3,False
I00069,U0100,P0418,purchase,,4.0,2024-02-28T00:00:00,2,False
I00070,U0002,P0284,view,,1.0,2025-02-16T00:00:00,2,False
I00071,U0196,P0049,cart,,2.0,2024-03-05T00:00:00,3,False
I00072,U0083,P0172,purchase,,4.0,2024-06-02T00:00:00,6,False
I00073,U0217,P0333,cart,,2.0,2024-09-22T00:00:00,9,False
I00074,U0053,P0116,rating,4.7,4.7,2024-03-19T00:00:00,3,False
I00075,U0059,P0193,view,,1.0,2024-09-04T00:00:00,9,False
I00076,U0022,P0133,cart,,2.0,2025-02-17T00:00:00,2,False
I00077,U0025,P0450,purchase,,4.0,2024-10-10T00:00:00,10,True
I00078,U0193,P0493,view,,1.0,2024-10-27T00:00:00,10,True
I00079,U0068,P0050,view,,1.0,2024-01-07T00:00:00,1,False
I00080,U0049,P0333,view,,1.0,2024-05-16T00:00:00,5,False
I00081,U0164,P0236,cart,,2.0,2024-03-23T00:00:00,3,False
I00082,U0129,P0320,view,,1.0,2025-02-23T00:00:00,2,False
I00083,U0073,P0453,cart,,2.0,2024-08-24T00:00:00,8,False
I00084,U0046,P0472,rating,4.0,4.0,2024-09-18T00:00:00,9,False
I00085,U0163,P0434,view,,1.0,2025-05-21T00:00:00,5,False
I00086,U0085,P0446,rating,3.9,3.9,2024-05-06T00:00:00,5,False
I00087,U0153,P0036,view,,1.0,2025-01-01T00:00:00,1,False
I00088,U0015,P0145,purchase,,4.0,2025-01-13T00:00:00,1,False
I00089,U0073,P0209,cart,,2.0,2024-09-04T00:00:00,9,False
I00090,U0092,P0366,rating,3.1,3.1,2024-02-12T00:00:00,2,False
I00091,U0212,P0241,rating,4.5,4.5,2025-05-07T00:00:00,5,False
I00092,U0168,P0201,view,,1.0,2024-02-08T00:00:00,2,False
I00093,U0113,P0168,purchase,,4.0,2024-05-30T00:00:00,5,False
I00094,U0111,P0269,view,,1.0,2025-04-24T00:00:00,4,False
I00095,U0180,P0219,view,,1.0,2024-02-16T00:00:00,2,False
I00096,U0063,P0229,view,,1.0,2024-12-31T00:00:00,12,False
I00097,U0069,P0408,cart,,2.0,2024-10-25T00:00:00,10,True
I00098,U0176,P0231,view,,1.0,2024-10-22T00:00:00,10,True
I00099,U0203,P0368,view,,1.0,2024-03-01T00:00:00,3,False
I00100,U0178,P0154,cart,,2.0,2024-11-09T00:00:00,11,True
I00101,U0161,P0053,view,,1.0,2024-11-26T00:00:00,11,True
I00102,U0016,P0231,cart,,2.0,2024-12-03T00:00:00,12,False
I00103,U0094,P0379,view,,1.0,2024-10-30T00:00:00,10,True
I00104,U0138,P0236,view,,1.0,2024-12-03T00:00:00,12,False
I00105,U0038,P0067,view,,1.0,2024-10-01T00:00:00,10,True
I00106,U0164,P0189,view,,1.0,2025-03-18T00:00:00,3,False
I00107,U0063,P0456,view,,1.0,2025-05-18T00:00:00,5,False
I00108,U0174,P0089,view,,1.0,2025-01-21T00:00:00,1,False
I00109,U0202,P0258,view,,1.0,2025-05-08T00:00:00,5,False
I00110,U0234,P0329,view,,1.0,2024-03-13T00:00:00,3,False
I00111,U0134,P0065,view,,1.0,2024-10-21T00:00:00,10,True
I00112,U0113,P0218,view,,1.0,2024-07-05T00:00:00,7,False
I00113,U0085,P0355,cart,,2.0,2025-03-20T00:00:00,3,False
I00114,U0058,P0200,purchase,,4.0,2024-12-28T00:00:00,12,False
I00115,U0123,P0009,view,,1.0,2024-07-06T00:00:00,7,False
I00116,U0230,P0235,purchase,,4.0,2025-02-23T00:00:00,2,False
I00117,U0114,P0435,purchase,,4.0,2024-09-08T00:00:00,9,False
I00118,U0107,P0152,cart,,2.0,2024-11-30T00:00:00,11,True
I00119,U0092,P0111,cart,,2.0,2024-03-03T00:00:00,3,False
I00120,U0150,P0111,view,,1.0,2025-05-26T00:00:00,5,False
I00121,U0139,P0185,view,,1.0,2024-07-03T00:00:00,7,False
I00122,U0205,P0097,view,,1.0,2024-08-01T00:00:00,8,False
I00123,U0135,P0260,view,,1.0,2024-03-28T00:00:00,3,False
I00124,U0068,P0184,view,,1.0,2024-07-25T00:00:00,7,False
I00125,U0129,P0050,view,,1.0,2024-01-03T00:00:00,1,False
I00126,U0206,P0154,cart,,2.0,2024-04-30T00:00:00,4,False
I00127,U0129,P0295,cart,,2.0,2024-02-07T00:00:00,2,False
I00128,U0085,P0126,view,,1.0,2024-01-21T00:00:00,1,False
I00129,U0199,P0091,view,,1.0,2024-10-29T00:00:00,10,True
I00130,U0084,P0240,view,,1.0,2024-03-09T00:00:00,3,False
I00131,U0129,P0369,view,,1.0,2024-07-14T00:00:00,7,False
I00132,U0140,P0202,view,,1.0,2025-03-19T00:00:00,3,False
I00133,U0027,P0258,purchase,,4.0,2024-11-07T00:00:00,11,True
I00134,U0234,P0390,rating,3.8,3.8,2024-10-03T00:00:00,10,True
I00135,U0088,P0091,view,,1.0,2024-06-01T00:00:00,6,False
I00136,U0237,P0359,rating,4.1,4.1,2024-11-06T00:00:00,11,True
I00137,U0046,P0128,view,,1.0,2025-01-23T00:00:00,1,False
I00138,U0036,P0115,rating,4.5,4.5,2024-06-25T00:00:00,6,False
I00139,U0097,P0197,view,,1.0,2024-07-31T00:00:00,7,False
I00140,U0061,P0419,cart,,2.0,2024-05-16T00:00:00,5,False
I00141,U0006,P0343,purchase,,4.0,2024-04-18T00:00:00,4,False
I00142,U0035,P0200,view,,1.0,2024-02-08T00:00:00,2,False
I00143,U0150,P0489,purchase,,4.0,2025-02-28T00:00:00,2,False
I00144,U0118,P0223,view,,1.0,2024-09-17T00:00:00,9,False
I00145,U0170,P0333,view,,1.0,2024-03-27T00:00:00,3,False
I00146,U0209,P0323,view,,1.0,2024-03-16T00:00:00,3,False
I00147,U0215,P0460,view,,1.0,2025-02-17T00:00:00,2,False
I00148,U0057,P0436,view,,1.0,2025-04-01T00:00:00,4,False
I00149,U0029,P0426,view,,1.0,2024-08-26T00:00:00,8,False
I00150,U0165,P0477,view,,1.0,2025-01-06T00:00:00,1,False
I00151,U0239,P0418,view,,1.0,2024-02-14T00:00:00,2,False
I00152,U0145,P0475,purchase,,4.0,2024-09-03T00:00:00,9,False
I00153,U0104,P0403,view,,1.0,2025-03-25T00:00:00,3,False
I00154,U0229,P0379,view,,1.0,2024-01-18T00:00:00,1,False
I00155,U0094,P0158,cart,,2.0,2024-10-15T00:00:00,10,True
I00156,U0158,P0430,view,,1.0,2024-08-22T00:00:00,8,False
I00157,U0160,P0230,view,,1.0,2025-05-13T00:00:00,5,False
I00158,U0206,P0356,view,,1.0,2024-04-24T00:00:00,4,False
I00159,U0164,P0243,view,,1.0,2024-08-21T00:00:00,8,False
I00160,U0028,P0418,view,,1.0,2024-01-11T00:00:00,1,False
I00161,U0206,P0025,purchase,,4.0,2024-09-03T00:00:00,9,False
I00162,U0047,P0221,cart,,2.0,2024-05-06T00:00:00,5,False
I00163,U0147,P0485,view,,1.0,2024-04-27T00:00:00,4,False
I00164,U0143,P0381,purchase,,4.0,2025-01-16T00:00:00,1,False
I00165,U0156,P0068,purchase,,4.0,2024-12-28T00:00:00,12,False
I00166,U0137,P0394,cart,,2.0,2024-06-23T00:00:00,6,False
I00167,U0033,P0110,cart,,2.0,2025-04-25T00:00:00,4,False
I00168,U0019,P0029,cart,,2.0,2024-07-13T00:00:00,7,False
I00169,U0074,P0386,cart,,2.0,2024-06-23T00:00:00,6,False
I00170,U0234,P0242,rating,4.0,4.0,2025-03-24T00:00:00,3,False
I00171,U0157,P0203,rating,4.7,4.7,2024-12-19T00:00:00,12,False
I00172,U0162,P0258,view,,1.0,2024-04-02T00:00:00,4,False
I00173,U0176,P0062,view,,1.0,2024-08-26T00:00:00,8,False
I00174,U0205,P0303,cart,,2.0,2025-03-08T00:00:00,3,False
I00175,U0064,P0330,cart,,2.0,2024-11-12T00:00:00,11,True
I00176,U0157,P0343,view,,1.0,2024-10-21T00:00:00,10,True
I00177,U0128,P0228,view,,1.0,2024-10-08T00:00:00,10,True
I00178,U0017,P0463,cart,,2.0,2024-03-11T00:00:00,3,False
I00179,U0013,P0417,view,,1.0,2024-11-20T00:00:00,11,True
I00180,U0026,P0213,rating,3.8,3.8,2024-10-31T00:00:00,10,True
I00181,U0195,P0288,view,,1.0,2024-01-07T00:00:00,1,False
I00182,U0058,P0250,rating,3.8,3.8,2024-04-12T00:00:00,4,False
I00183,U0017,P0054,view,,1.0,2024-06-19T00:00:00,6,False
I00184,U0025,P0437,view,,1.0,2024-09-07T00:00:00,9,False
I00185,U0131,P0191,view,,1.0,2024-07-25T00:00:00,7,False
I00186,U0029,P0469,view,,1.0,2025-02-19T00:00:00,2,False
I00187,U0026,P0288,view,,1.0,2025-01-14T00:00:00,1,False
I00188,U0144,P0061,view,,1.0,2024-01-25T00:00:00,1,False
I00189,U0054,P0420,view,,1.0,2024-03-13T00:00:00,3,False
I00190,U0120,P0044,view,,1.0,2024-04-02T00:00:00,4,False
I00191,U0086,P0483,cart,,2.0,2024-12-01T00:00:00,12,False
I00192,U0169,P0016,purchase,,4.0,2025-05-13T00:00:00,5,False
I00193,U0108,P0387,view,,1.0,2024-07-17T00:00:00,7,False
I00194,U0206,P0478,view,,1.0,2025-02-16T00:00:00,2,False
I00195,U0083,P0444,view,,1.0,2025-03-04T00:00:00,3,False
I00196,U0015,P0114,view,,1.0,2024-05-18T00:00:00,5,False
I00197,U0181,P0203,view,,1.0,2024-02-26T00:00:00,2,False
I00198,U0232,P0275,view,,1.0,2025-03-10T00:00:00,3,False
I00199,U0128,P0245,cart,,2.0,2024-07-12T00:00:00,7,False
I00200,U0224,P0120,cart,,2.0,2025-06-01T00:00:00,6,False
I00201,U0204,P0259,view,,1.0,2024-07-03T00:00:00,7,False
I00202,U0104,P0442,cart,,2.0,2024-10-18T00:00:00,10,True
I00203,U0079,P0127,view,,1.0,2024-04-25T00:00:00,4,False
I00204,U0057,P0257,view,,1.0,2024-02-18T00:00:00,2,False
I00205,U0173,P0424,view,,1.0,2024-03-22T00:00:00,3,False
I00206,U0066,P0171,cart,,2.0,2024-11-28T00:00:00,11,True
I00207,U0045,P0483,purchase,,4.0,2024-11-30T00:00:00,11,True
I00208,U0020,P0344,view,,1.0,2024-08-08T00:00:00,8,False
I00209,U0123,P0316,view,,1.0,2024-11-18T00:00:00,11,True
I00210,U0083,P0200,view,,1.0,2024-01-03T00:00:00,1,False
I00211,U0182,P0075,view,,1.0,2024-07-24T00:00:00,7,False
I00212,U0064,P0292,view,,1.0,2024-02-09T00:00:00,2,False
I00213,U0059,P0382,view,,1.0,2025-05-21T00:00:00,5,False
I00214,U0060,P0235,cart,,2.0,2024-05-01T00:00:00,5,False
I00215,U0223,P0349,view,,1.0,2024-04-05T00:00:00,4,False
I00216,U0091,P0217,purchase,,4.0,2025-02-17T00:00:00,2,False
I00217,U0235,P0368,view,,1.0,2024-03-02T00:00:00,3,False
I00218,U0049,P0403,cart,,2.0,2024-12-13T00:00:00,12,False
I00219,U0159,P0182,purchase,,4.0,2024-05-03T00:00:00,5,False
I00220,U0226,P0351,view,,1.0,2024-11-12T00:00:00,11,True
I00221,U0207,P0090,view,,1.0,2024-02-17T00:00:00,2,False
I00222,U0153,P0150,view,,1.0,2024-05-15T00:00:00,5,False
I00223,U0201,P0118,view,,1.0,2024-09-06T00:00:00,9,False
I00224,U0058,P0095,view,,1.0,2025-01-02T00:00:00,1,False
I00225,U0173,P0252,cart,,2.0,2025-04-24T00:00:00,4,False
I00226,U0058,P0343,view,,1.0,2025-05-14T00:00:00,5,False
I00227,U0209,P0120,view,,1.0,2024-12-20T00:00:00,12,False
I00228,U0229,P0319,cart,,2.0,2024-07-29T00:00:00,7,False
I00229,U0192,P0386,rating,4.0,4.0,2024-02-13T00:00:00,2,False
I00230,U0029,P0113,view,,1.0,2024-04-01T00:00:00,4,False
I00231,U0009,P0292,view,,1.0,2024-08-07T00:00:00,8,False
I00232,U0134,P0120,view,,1.0,2025-03-17T00:00:00,3,False
I00233,U0145,P0269,cart,,2.0,2025-02-03T00:00:00,2,False
I00234,U0215,P0220,rating,5.0,5.0,2025-05-04T00:00:00,5,False
I00235,U0170,P0289,view,,1.0,2025-03-20T00:00:00,3,False
I00236,U0013,P0488,view,,1.0,2024-09-23T00:00:00,9,False
I00237,U0054,P0332,view,,1.0,2025-06-03T00:00:00,6,False
I00238,U0104,P0295,view,,1.0,2024-02-28T00:00:00,2,False
I00239,U0057,P0293,view,,1.0,2024-02-09T00:00:00,2,False
I00240,U0237,P0266,view,,1.0,2025-01-20T00:00:00,1,False
I00241,U0094,P0053,cart,,2.0,2024-10-26T00:00:00,10,True
I00242,U0139,P0475,purchase,,4.0,2024-07-25T00:00:00,7,False
I00243,U0080,P0179,view,,1.0,2025-05-28T00:00:00,5,False
I00244,U0178,P0142,view,,1.0,2025-01-30T00:00:00,1,False
I00245,U0115,P0111,purchase,,4.0,2024-11-13T00:00:00,11,True
I00246,U0224,P0336,cart,,2.0,2025-01-03T00:00:00,1,False
I00247,U0128,P0459,view,,1.0,2024-03-02T00:00:00,3,False
I00248,U0038,P0303,view,,1.0,2025-05-19T00:00:00,5,False
I00249,U0239,P0075,view,,1.0,2024-07-13T00:00:00,7,False
I00250,U0166,P0322,purchase,,4.0,2024-08-09T00:00:00,8,False
I00251,U0061,P0224,view,,1.0,2024-05-08T00:00:00,5,False
I00252,U0222,P0454,view,,1.0,2024-06-04T00:00:00,6,False
I00253,U0149,P0432,view,,1.0,2025-01-12T00:00:00,1,False
I00254,U0110,P0138,rating,4.8,4.8,2025-03-12T00:00:00,3,False
I00255,U0207,P0065,cart,,2.0,2024-07-25T00:00:00,7,False
I00256,U0132,P0391,cart,,2.0,2025-04-24T00:00:00,4,False
I00257,U0023,P0182,purchase,,4.0,2024-12-05T00:00:00,12,False
I00258,U0101,P0022,view,,1.0,2024-12-05T00:00:00,12,False
I00259,U0204,P0215,purchase,,4.0,2024-06-09T00:00:00,6,False
I00260,U0028,P0055,view,,1.0,2025-01-26T00:00:00,1,False
I00261,U0001,P0081,purchase,,4.0,2024-03-10T00:00:00,3,False
I00262,U0125,P0148,view,,1.0,2025-02-08T00:00:00,2,False
I00263,U0096,P0442,cart,,2.0,2025-05-31T00:00:00,5,False
I00264,U0060,P0216,purchase,,4.0,2024-04-29T00:00:00,4,False
I00265,U0046,P0364,cart,,2.0,2024-08-04T00:00:00,8,False
I00266,U0056,P0109,cart,,2.0,2024-12-31T00:00:00,12,False
I00267,U0187,P0469,view,,1.0,2025-05-18T00:00:00,5,False
I00268,U0232,P0131,purchase,,4.0,2025-03-30T00:00:00,3,False
I00269,U0104,P0339,view,,1.0,2024-03-17T00:00:00,3,False
I00270,U0230,P0172,cart,,2.0,2024-09-14T00:00:00,9,False
I00271,U0008,P0111,view,,1.0,2024-11-26T00:00:00,11,True
I00272,U0225,P0424,view,,1.0,2024-06-30T00:00:00,6,False
I00273,U0125,P0341,view,,1.0,2024-01-27T00:00:00,1,False
I00274,U0020,P0305,rating,5.0,5.0,2024-10-25T00:00:00,10,True
I00275,U0144,P0406,purchase,,4.0,2024-09-09T00:00:00,9,False
I00276,U0013,P0091,rating,3.2,3.2,2025-04-03T00:00:00,4,False
I00277,U0187,P0470,view,,1.0,2025-05-13T00:00:00,5,False
I00278,U0182,P0039,rating,3.2,3.2,2025-05-22T00:00:00,5,False
I00279,U0166,P0393,view,,1.0,2025-02-18T00:00:00,2,False
I00280,U0206,P0089,view,,1.0,2024-04-23T00:00:00,4,False
I00281,U0177,P0428,view,,1.0,2024-12-21T00:00:00,12,False
I00282,U0160,P0154,purchase,,4.0,2024-07-25T00:00:00,7,False
I00283,U0235,P0405,view,,1.0,2025-03-17T00:00:00,3,False
I00284,U0099,P0095,cart,,2.0,2025-05-29T00:00:00,5,False
I00285,U0208,P0166,cart,,2.0,2024-05-04T00:00:00,5,False
I00286,U0138,P0229,view,,1.0,2024-12-04T00:00:00,12,False
I00287,U0025,P0379,purchase,,4.0,2024-03-08T00:00:00,3,False
I00288,U0061,P0460,view,,1.0,2025-01-17T00:00:00,1,False
I00289,U0019,P0305,cart,,2.0,2025-03-25T00:00:00,3,False
I00290,U0074,P0419,rating,4.5,4.5,2024-10-02T00:00:00,10,True
I00291,U0048,P0225,view,,1.0,2024-07-29T00:00:00,7,False
I00292,U0087,P0290,view,,1.0,2024-07-09T00:00:00,7,False
I00293,U0059,P0004,purchase,,4.0,2024-04-22T00:00:00,4,False
I00294,U0170,P0439,view,,1.0,2025-04-12T00:00:00,4,False
I00295,U0166,P0273,cart,,2.0,2024-01-14T00:00:00,1,False
I00296,U0203,P0421,view,,1.0,2024-10-14T00:00:00,10,True
I00297,U0139,P0042,purchase,,4.0,2024-07-07T00:00:00,7,False
I00298,U0146,P0241,view,,1.0,2024-06-03T00:00:00,6,False
I00299,U0055,P0257,purchase,,4.0,2025-04-15T00:00:00,4,False
I00300,U0075,P0295,view,,1.0,2024-10-03T00:00:00,10,True
I00301,U0172,P0500,view,,1.0,2024-12-08T00:00:00,12,False
I00302,U0169,P0325,cart,,2.0,2025-05-25T00:00:00,5,False
I00303,U0089,P0336,purchase,,4.0,2024-06-30T00:00:00,6,False
I00304,U0202,P0471,view,,1.0,2024-03-04T00:00:00,3,False
I00305,U0071,P0412,purchase,,4.0,2024-09-16T00:00:00,9,False
I00306,U0193,P0030,view,,1.0,2025-02-09T00:00:00,2,False
I00307,U0214,P0469,purchase,,4.0,2024-04-02T00:00:00,4,False
I00308,U0174,P0013,view,,1.0,2025-03-09T00:00:00,3,False
I00309,U0148,P0104,view,,1.0,2025-03-09T00:00:00,3,False
I00310,U0112,P0002,rating,3.9,3.9,2025-01-09T00:00:00,1,False
I00311,U0040,P0257,view,,1.0,2024-04-27T00:00:00,4,False
I00312,U0020,P0415,purchase,,4.0,2024-08-09T00:00:00,8,False
I00313,U0166,P0388,view,,1.0,2024-06-04T00:00:00,6,False
I00314,U0184,P0169,view,,1.0,2024-03-30T00:00:00,3,False
I00315,U0094,P0221,view,,1.0,2024-01-13T00:00:00,1,False
I00316,U0205,P0227,cart,,2.0,2025-03-13T00:00:00,3,False
I00317,U0026,P0388,view,,1.0,2024-05-29T00:00:00,5,False
I00318,U0148,P0240,cart,,2.0,2024-01-08T00:00:00,1,False
I00319,U0029,P0435,cart,,2.0,2024-10-22T00:00:00,10,True
I00320,U0218,P0146,view,,1.0,2024-12-05T00:00:00,12,False
I00321,U0116,P0058,cart,,2.0,2025-03-14T00:00:00,3,False
I00322,U0144,P0002,view,,1.0,2025-06-02T00:00:00,6,False
I00323,U0208,P0050,view,,1.0,2024-02-14T00:00:00,2,False
I00324,U0187,P0142,view,,1.0,2024-08-26T00:00:00,8,False
I00325,U0184,P0266,view,,1.0,2024-06-03T00:00:00,6,False
I00326,U0181,P0420,view,,1.0,2024-08-02T00:00:00,8,False
I00327,U0088,P0082,rating,3.1,3.1,2024-09-12T00:00:00,9,False
I00328,U0073,P0254,cart,,2.0,2024-06-27T00:00:00,6,False
I00329,U0212,P0285,view,,1.0,2024-08-21T00:00:00,8,False
I00330,U0209,P0233,view,,1.0,2024-08-10T00:00:00,8,False
I00331,U0119,P0481,view,,1.0,2024-09-20T00:00:00,9,False
I00332,U0207,P0192,view,,1.0,2024-12-31T00:00:00,12,False
I00333,U0020,P0184,view,,1.0,2025-01-14T00:00:00,1,False
I00334,U0231,P0464,purchase,,4.0,2024-11-04T00:00:00,11,True
I00335,U0119,P0090,cart,,2.0,2024-09-24T00:00:00,9,False
I00336,U0177,P0405,view,,1.0,2024-03-04T00:00:00,3,False
I00337,U0042,P0313,cart,,2.0,2024-12-15T00:00:00,12,False
I00338,U0157,P0364,cart,,2.0,2025-05-08T00:00:00,5,False
I00339,U0011,P0264,view,,1.0,2024-04-07T00:00:00,4,False
I00340,U0178,P0136,cart,,2.0,2024-03-11T00:00:00,3,False
I00341,U0108,P0100,purchase,,4.0,2024-10-02T00:00:00,10,True
I00342,U0050,P0367,cart,,2.0,2024-12-23T00:00:00,12,False
I00343,U0216,P0138,view,,1.0,2025-04-29T00:00:00,4,False
I00344,U0084,P0063,view,,1.0,2024-10-22T00:00:00,10,True
I00345,U0236,P0084,cart,,2.0,2024-02-25T00:00:00,2,False
I00346,U0151,P0233,view,,1.0,2024-12-25T00:00:00,12,False
I00347,U0139,P0257,view,,1.0,2024-04-19T00:00:00,4,False
I00348,U0192,P0093,view,,1.0,2024-04-02T00:00:00,4,False
I00349,U0094,P0386,view,,1.0,2024-02-29T00:00:00,2,False
I00350,U0138,P0328,cart,,2.0,2024-02-08T00:00:00,2,False
I00351,U0028,P0433,cart,,2.0,2024-02-18T00:00:00,2,False
I00352,U0164,P0466,rating,3.7,3.7,2024-01-13T00:00:00,1,False
I00353,U0192,P0018,purchase,,4.0,2024-06-14T00:00:00,6,False
I00354,U0127,P0396,purchase,,4.0,2025-01-10T00:00:00,1,False
I00355,U0215,P0131,view,,1.0,2024-01-31T00:00:00,1,False
I00356,U0119,P0302,view,,1.0,2024-01-11T00:00:00,1,False
I00357,U0220,P0237,view,,1.0,2024-10-28T00:00:00,10,True
I00358,U0096,P0036,purchase,,4.0,2024-07-08T00:00:00,7,False
I00359,U0197,P0474,rating,4.2,4.2,2024-07-10T00:00:00,7,False
I00360,U0230,P0295,view,,1.0,2024-09-22T00:00:00,9,False
I00361,U0168,P0151,view,,1.0,2024-05-07T00:00:00,5,False
I00362,U0238,P0354,view,,1.0,2024-12-20T00:00:00,12,False
I00363,U0172,P0009,rating,4.1,4.1,2024-04-21T00:00:00,4,False
I00364,U0065,P0196,view,,1.0,2024-09-03T00:00:00,9,False
I00365,U0223,P0339,view,,1.0,2025-05-04T00:00:00,5,False
I00366,U0057,P0323,cart,,2.0,2025-03-14T00:00:00,3,False
I00367,U0106,P0457,view,,1.0,2024-06-29T00:00:00,6,False
I00368,U0184,P0461,view,,1.0,2024-08-13T00:00:00,8,False
I00369,U0009,P0349,view,,1.0,2024-03-29T00:00:00,3,False
I00370,U0176,P0163,view,,1.0,2025-01-05T00:00:00,1,False
I00371,U0204,P0039,rating,3.9,3.9,2025-02-02T00:00:00,2,False
I00372,U0106,P0241,view,,1.0,2024-09-27T00:00:00,9,False
I00373,U0207,P0374,cart,,2.0,2025-05-17T00:00:00,5,False
I00374,U0167,P0459,view,,1.0,2024-02-01T00:00:00,2,False
I00375,U0137,P0423,view,,1.0,2024-02-09T00:00:00,2,False
I00376,U0148,P0382,view,,1.0,2024-08-05T00:00:00,8,False
I00377,U0219,P0367,view,,1.0,2024-03-22T00:00:00,3,False
I00378,U0077,P0053,view,,1.0,2024-07-19T00:00:00,7,False
I00379,U0191,P0303,rating,4.8,4.8,2025-03-03T00:00:00,3,False
I00380,U0227,P0482,view,,1.0,2024-02-17T00:00:00,2,False
I00381,U0018,P0201,view,,1.0,2025-03-14T00:00:00,3,False
I00382,U0039,P0379,purchase,,4.0,2024-07-05T00:00:00,7,False
I00383,U0089,P0388,cart,,2.0,2024-08-11T00:00:00,8,False
I00384,U0062,P0043,view,,1.0,2025-05-02T00:00:00,5,False
I00385,U0141,P0261,cart,,2.0,2024-08-16T00:00:00,8,False
I00386,U0134,P0150,view,,1.0,2024-07-06T00:00:00,7,False
I00387,U0090,P0055,rating,4.9,4.9,2024-09-26T00:00:00,9,False
I00388,U0095,P0076,view,,1.0,2024-11-05T00:00:00,11,True
I00389,U0132,P0363,view,,1.0,2024-03-12T00:00:00,3,False
I00390,U0025,P0400,cart,,2.0,2024-07-05T00:00:00,7,False
I00391,U0230,P0444,view,,1.0,2024-07-09T00:00:00,7,False
I00392,U0166,P0009,cart,,2.0,2024-04-29T00:00:00,4,False
I00393,U0220,P0423,view,,1.0,2024-02-22T00:00:00,2,False
I00394,U0222,P0296,rating,3.6,3.6,2025-03-26T00:00:00,3,False
I00395,U0226,P0309,view,,1.0,2025-02-09T00:00:00,2,False
I00396,U0096,P0494,cart,,2.0,2025-02-25T00:00:00,2,False
I00397,U0200,P0110,view,,1.0,2024-09-03T00:00:00,9,False
I00398,U0072,P0448,purchase,,4.0,2024-07-03T00:00:00,7,False
I00399,U0006,P0166,cart,,2.0,2024-07-24T00:00:00,7,False
I00400,U0032,P0081,purchase,,4.0,2025-01-21T00:00:00,1,False
I00401,U0187,P0021,view,,1.0,2024-03-16T00:00:00,3,False
I00402,U0177,P0257,view,,1.0,2024-12-14T00:00:00,12,False
I00403,U0069,P0042,view,,1.0,2024-11-03T00:00:00,11,True
I00404,U0089,P0344,cart,,2.0,2024-05-06T00:00:00,5,False
I00405,U0169,P0296,view,,1.0,2024-10-13T00:00:00,10,True
I00406,U0213,P0221,view,,1.0,2025-05-01T00:00:00,5,False
I00407,U0127,P0338,view,,1.0,2025-02-09T00:00:00,2,False
I00408,U0132,P0104,view,,1.0,2024-10-02T00:00:00,10,True
I00409,U0205,P0065,purchase,,4.0,2024-12-02T00:00:00,12,False
I00410,U0182,P0404,cart,,2.0,2025-04-25T00:00:00,4,False
I00411,U0129,P0143,cart,,2.0,2024-09-29T00:00:00,9,False
I00412,U0152,P0004,view,,1.0,2024-02-27T00:00:00,2,False
I00413,U0072,P0009,view,,1.0,2024-04-18T00:00:00,4,False
I00414,U0023,P0282,view,,1.0,2024-11-23T00:00:00,11,True
I00415,U0008,P0099,view,,1.0,2024-11-10T00:00:00,11,True
I00416,U0218,P0025,view,,1.0,2024-04-20T00:00:00,4,False
I00417,U0187,P0429,cart,,2.0,2024-08-16T00:00:00,8,False
I00418,U0156,P0252,view,,1.0,2025-04-17T00:00:00,4,False
I00419,U0189,P0155,view,,1.0,2024-09-28T00:00:00,9,False
I00420,U0119,P0432,view,,1.0,2024-01-02T00:00:00,1,False
I00421,U0210,P0497,view,,1.0,2025-05-25T00:00:00,5,False
I00422,U0145,P0227,view,,1.0,2024-10-12T00:00:00,10,True
I00423,U0103,P0403,purchase,,4.0,2024-01-13T00:00:00,1,False
I00424,U0096,P0116,view,,1.0,2025-05-12T00:00:00,5,False
I00425,U0221,P0306,rating,3.6,3.6,2024-08-25T00:00:00,8,False
I00426,U0094,P0243,view,,1.0,2024-12-03T00:00:00,12,False
I00427,U0013,P0277,purchase,,4.0,2024-06-19T00:00:00,6,False
I00428,U0213,P0464,purchase,,4.0,2025-04-11T00:00:00,4,False
I00429,U0116,P0201,view,,1.0,2024-05-22T00:00:00,5,False
I00430,U0201,P0272,view,,1.0,2024-06-28T00:00:00,6,False
I00431,U0202,P0128,view,,1.0,2024-12-29T00:00:00,12,False
I00432,U0223,P0469,view,,1.0,2025-04-15T00:00:00,4,False
I00433,U0128,P0370,view,,1.0,2025-02-20T00:00:00,2,False
I00434,U0057,P0225,cart,,2.0,2024-11-03T00:00:00,11,True
I00435,U0137,P0294,rating,2.9,2.9,2025-01-01T00:00:00,1,False
I00436,U0015,P0465,view,,1.0,2024-05-19T00:00:00,5,False
I00437,U0225,P0323,purchase,,4.0,2024-08-24T00:00:00,8,False
I00438,U0206,P0153,view,,1.0,2024-03-12T00:00:00,3,False
I00439,U0155,P0247,view,,1.0,2024-07-08T00:00:00,7,False
I00440,U0012,P0321,view,,1.0,2024-11-16T00:00:00,11,True
I00441,U0107,P0419,purchase,,4.0,2024-08-19T00:00:00,8,False
I00442,U0042,P0206,view,,1.0,2024-05-18T00:00:00,5,False
I00443,U0103,P0394,view,,1.0,2024-09-29T00:00:00,9,False
I00444,U0225,P0442,cart,,2.0,2025-02-19T00:00:00,2,False
I00445,U0221,P0066,view,,1.0,2025-02-27T00:00:00,2,False
I00446,U0151,P0148,view,,1.0,2025-01-24T00:00:00,1,False
I00447,U0086,P0039,rating,3.8,3.8,2025-05-07T00:00:00,5,False
I00448,U0192,P0095,cart,,2.0,2025-05-13T00:00:00,5,False
I00449,U0054,P0059,view,,1.0,2024-08-20T00:00:00,8,False
I00450,U0177,P0145,purchase,,4.0,2024-08-14T00:00:00,8,False
I00451,U0115,P0308,view,,1.0,2024-05-18T00:00:00,5,False
I00452,U0088,P0227,view,,1.0,2024-05-28T00:00:00,5,False
I00453,U0115,P0447,view,,1.0,2025-03-25T00:00:00,3,False
I00454,U0063,P0060,view,,1.0,2024-04-13T00:00:00,4,False
I00455,U0083,P0381,purchase,,4.0,2024-09-29T00:00:00,9,False
I00456,U0006,P0049,cart,,2.0,2024-05-26T00:00:00,5,False
I00457,U0184,P0041,view,,1.0,2024-01-28T00:00:00,1,False
I00458,U0194,P0088,view,,1.0,2024-04-28T00:00:00,4,False
I00459,U0037,P0162,purchase,,4.0,2025-01-05T00:00:00,1,False
I00460,U0068,P0479,view,,1.0,2024-08-05T00:00:00,8,False
I00461,U0177,P0440,view,,1.0,2024-10-25T00:00:00,10,True
I00462,U0164,P0270,view,,1.0,2024-02-27T00:00:00,2,False
I00463,U0013,P0049,rating,4.3,4.3,2024-11-03T00:00:00,11,True
I00464,U0228,P0091,purchase,,4.0,2024-09-03T00:00:00,9,False
I00465,U0188,P0348,view,,1.0,2025-05-08T00:00:00,5,False
I00466,U0083,P0067,view,,1.0,2024-07-04T00:00:00,7,False
I00467,U0099,P0277,view,,1.0,2024-07-28T00:00:00,7,False
I00468,U0048,P0082,view,,1.0,2025-03-22T00:00:00,3,False
I00469,U0204,P0461,view,,1.0,2025-04-16T00:00:00,4,False
I00470,U0208,P0189,view,,1.0,2025-01-04T00:00:00,1,False
I00471,U0132,P0082,view,,1.0,2025-05-06T00:00:00,5,False
I00472,U0155,P0482,cart,,2.0,2024-05-16T00:00:00,5,False
I00473,U0111,P0499,cart,,2.0,2024-07-02T00:00:00,7,False
I00474,U0076,P0359,view,,1.0,2024-10-13T00:00:00,10,True
I00475,U0216,P0201,view,,1.0,2025-01-09T00:00:00,1,False
I00476,U0142,P0428,view,,1.0,2025-05-25T00:00:00,5,False
I00477,U0034,P0219,view,,1.0,2024-09-06T00:00:00,9,False
I00478,U0152,P0033,cart,,2.0,2025-05-24T00:00:00,5,False
I00479,U0118,P0162,purchase,,4.0,2024-03-13T00:00:00,3,False
I00480,U0026,P0114,view,,1.0,2024-12-25T00:00:00,12,False
I00481,U0010,P0245,purchase,,4.0,2024-07-29T00:00:00,7,False
I00482,U0067,P0329,cart,,2.0,2024-05-31T00:00:00,5,False
I00483,U0005,P0155,view,,1.0,2024-07-13T00:00:00,7,False
I00484,U0186,P0065,purchase,,4.0,2024-10-09T00:00:00,10,True
I00485,U0208,P0093,view,,1.0,2024-04-22T00:00:00,4,False
I00486,U0015,P0041,purchase,,4.0,2024-06-11T00:00:00,6,False
I00487,U0204,P0140,view,,1.0,2024-04-14T00:00:00,4,False
I00488,U0181,P0494,view,,1.0,2024-10-08T00:00:00,10,True
I00489,U0175,P0414,cart,,2.0,2024-06-10T00:00:00,6,False
I00490,U0215,P0386,view,,1.0,2024-12-16T00:00:00,12,False
I00491,U0178,P0349,view,,1.0,2024-05-19T00:00:00,5,False
I00492,U0215,P0487,view,,1.0,2024-05-11T00:00:00,5,False
I00493,U0087,P0043,view,,1.0,2024-07-01T00:00:00,7,False
I00494,U0112,P0386,view,,1.0,2024-05-08T00:00:00,5,False
I00495,U0089,P0087,view,,1.0,2025-01-12T00:00:00,1,False
I00496,U0149,P0500,purchase,,4.0,2025-03-08T00:00:00,3,False
I00497,U0116,P0083,view,,1.0,2025-04-13T00:00:00,4,False
I00498,U0190,P0275,view,,1.0,2025-04-25T00:00:00,4,False
I00499,U0116,P0341,view,,1.0,2024-10-20T00:00:00,10,True
I00500,U0143,P0434,view,,1.0,2024-09-06T00:00:00,9,False
I00501,U0110,P0021,view,,1.0,2024-10-28T00:00:00,10,True
I00502,U0025,P0256,view,,1.0,2024-03-10T00:00:00,3,False
I00503,U0113,P0136,purchase,,4.0,2024-04-21T00:00:00,4,False
I00504,U0108,P0169,view,,1.0,2024-10-29T00:00:00,10,True
I00505,U0215,P0099,view,,1.0,2024-03-31T00:00:00,3,False
I00506,U0018,P0369,cart,,2.0,2024-07-10T00:00:00,7,False
I00507,U0195,P0387,view,,1.0,2024-08-29T00:00:00,8,False
I00508,U0138,P0248,purchase,,4.0,2024-12-10T00:00:00,12,False
I00509,U0180,P0286,view,,1.0,2025-05-17T00:00:00,5,False
I00510,U0203,P0172,view,,1.0,2024-07-10T00:00:00,7,False
I00511,U0005,P0252,view,,1.0,2024-08-24T00:00:00,8,False
I00512,U0181,P0477,view,,1.0,2024-11-06T00:00:00,11,True
I00513,U0037,P0376,rating,5.0,5.0,2024-02-25T00:00:00,2,False
I00514,U0187,P0322,purchase,,4.0,2024-08-24T00:00:00,8,False
I00515,U0102,P0232,purchase,,4.0,2024-07-15T00:00:00,7,False
I00516,U0073,P0220,view,,1.0,2025-05-28T00:00:00,5,False
I00517,U0193,P0468,view,,1.0,2024-12-25T00:00:00,12,False
I00518,U0188,P0336,view,,1.0,2024-01-30T00:00:00,1,False
I00519,U0011,P0235,view,,1.0,2024-04-17T00:00:00,4,False
I00520,U0076,P0018,view,,1.0,2025-03-20T00:00:00,3,False
I00521,U0125,P0139,view,,1.0,2025-03-13T00:00:00,3,False
I00522,U0220,P0485,purchase,,4.0,2025-04-01T00:00:00,4,False
I00523,U0103,P0038,purchase,,4.0,2025-05-09T00:00:00,5,False
I00524,U0162,P0282,view,,1.0,2024-09-03T00:00:00,9,False
I00525,U0031,P0459,cart,,2.0,2025-03-14T00:00:00,3,False
I00526,U0022,P0146,rating,3.2,3.2,2024-04-20T00:00:00,4,False
I00527,U0234,P0063,view,,1.0,2025-03-01T00:00:00,3,False
I00528,U0149,P0151,view,,1.0,2024-11-30T00:00:00,11,True
I00529,U0209,P0488,purchase,,4.0,2024-01-22T00:00:00,1,False
I00530,U0166,P0442,view,,1.0,2024-07-26T00:00:00,7,False
I00531,U0008,P0139,cart,,2.0,2024-06-14T00:00:00,6,False
I00532,U0081,P0477,view,,1.0,2025-05-10T00:00:00,5,False
I00533,U0078,P0113,view,,1.0,2025-03-04T00:00:00,3,False
I00534,U0006,P0352,view,,1.0,2024-06-11T00:00:00,6,False
I00535,U0110,P0442,cart,,2.0,2024-08-26T00:00:00,8,False
I00536,U0072,P0351,view,,1.0,2025-03-20T00:00:00,3,False
I00537,U0143,P0422,view,,1.0,2025-05-23T00:00:00,5,False
I00538,U0027,P0338,cart,,2.0,2024-09-25T00:00:00,9,False
I00539,U0159,P0333,rating,4.2,4.2,2024-09-01T00:00:00,9,False
I00540,U0163,P0483,purchase,,4.0,2024-02-29T00:00:00,2,False
I00541,U0006,P0294,view,,1.0,2025-02-10T00:00:00,2,False
I00542,U0217,P0114,view,,1.0,2024-01-26T00:00:00,1,False
I00543,U0047,P0058,view,,1.0,2024-01-05T00:00:00,1,False
I00544,U0218,P0359,view,,1.0,2025-01-24T00:00:00,1,False
I00545,U0198,P0311,view,,1.0,2025-03-23T00:00:00,3,False
I00546,U0146,P0203,purchase,,4.0,2025-01-22T00:00:00,1,False
I00547,U0017,P0129,purchase,,4.0,2024-09-05T00:00:00,9,False
I00548,U0014,P0209,cart,,2.0,2025-04-06T00:00:00,4,False
I00549,U0013,P0479,purchase,,4.0,2025-01-18T00:00:00,1,False
I00550,U0044,P0199,view,,1.0,2025-02-02T00:00:00,2,False
I00551,U0019,P0098,cart,,2.0,2025-05-05T00:00:00,5,False
I00552,U0239,P0095,purchase,,4.0,2025-02-22T00:00:00,2,False
I00553,U0081,P0311,purchase,,4.0,2025-02-22T00:00:00,2,False
I00554,U0147,P0048,view,,1.0,2024-05-01T00:00:00,5,False
I00555,U0176,P0398,view,,1.0,2024-02-13T00:00:00,2,False
I00556,U0104,P0063,view,,1.0,2024-11-12T00:00:00,11,True
I00557,U0125,P0199,view,,1.0,2024-05-24T00:00:00,5,False
I00558,U0071,P0104,cart,,2.0,2024-12-28T00:00:00,12,False
I00559,U0050,P0261,purchase,,4.0,2024-03-05T00:00:00,3,False
I00560,U0099,P0290,cart,,2.0,2024-06-12T00:00:00,6,False
I00561,U0141,P0114,cart,,2.0,2024-05-07T00:00:00,5,False
I00562,U0142,P0332,cart,,2.0,2025-04-07T00:00:00,4,False
I00563,U0239,P0366,purchase,,4.0,2024-07-05T00:00:00,7,False
I00564,U0208,P0141,cart,,2.0,2024-07-08T00:00:00,7,False
I00565,U0132,P0488,view,,1.0,2025-03-04T00:00:00,3,False
I00566,U0090,P0189,cart,,2.0,2024-10-10T00:00:00,10,True
I00567,U0096,P0180,view,,1.0,2024-08-24T00:00:00,8,False
I00568,U0194,P0437,view,,1.0,2024-10-13T00:00:00,10,True
I00569,U0003,P0423,rating,5.0,5.0,2024-05-15T00:00:00,5,False
I00570,U0201,P0237,purchase,,4.0,2025-05-01T00:00:00,5,False
I00571,U0045,P0461,rating,4.0,4.0,2025-05-18T00:00:00,5,False
I00572,U0108,P0022,view,,1.0,2025-01-05T00:00:00,1,False
I00573,U0103,P0196,rating,3.1,3.1,2024-05-04T00:00:00,5,False
I00574,U0202,P0365,view,,1.0,2024-08-17T00:00:00,8,False
I00575,U0146,P0336,view,,1.0,2024-07-15T00:00:00,7,False
I00576,U0117,P0296,view,,1.0,2025-02-26T00:00:00,2,False
I00577,U0060,P0446,view,,1.0,2024-06-19T00:00:00,6,False
I00578,U0126,P0214,rating,5.0,5.0,2024-06-21T00:00:00,6,False
I00579,U0151,P0110,cart,,2.0,2025-03-28T00:00:00,3,False
I00580,U0094,P0057,purchase,,4.0,2025-05-08T00:00:00,5,False
I00581,U0108,P0402,cart,,2.0,2024-01-04T00:00:00,1,False
I00582,U0093,P0206,view,,1.0,2024-01-06T00:00:00,1,False
I00583,U0032,P0164,view,,1.0,2024-05-25T00:00:00,5,False
I00584,U0015,P0418,view,,1.0,2025-02-27T00:00:00,2,False
I00585,U0122,P0160,purchase,,4.0,2025-04-01T00:00:00,4,False
I00586,U0229,P0432,view,,1.0,2024-07-20T00:00:00,7,False
I00587,U0212,P0234,view,,1.0,2024-01-06T00:00:00,1,False
I00588,U0112,P0252,rating,3.9,3.9,2025-01-10T00:00:00,1,False
I00589,U0041,P0249,view,,1.0,2025-02-19T00:00:00,2,False
I00590,U0214,P0230,view,,1.0,2025-05-18T00:00:00,5,False
I00591,U0198,P0229,view,,1.0,2024-10-17T00:00:00,10,True
I00592,U0022,P0286,purchase,,4.0,2024-07-11T00:00:00,7,False
I00593,U0212,P0344,cart,,2.0,2024-05-29T00:00:00,5,False
I00594,U0112,P0414,view,,1.0,2025-05-29T00:00:00,5,False
I00595,U0137,P0270,view,,1.0,2024-11-11T00:00:00,11,True
I00596,U0076,P0024,view,,1.0,2024-09-26T00:00:00,9,False
I00597,U0225,P0197,view,,1.0,2024-04-22T00:00:00,4,False
I00598,U0233,P0066,view,,1.0,2024-03-23T00:00:00,3,False
I00599,U0125,P0112,purchase,,4.0,2024-06-23T00:00:00,6,False
I00600,U0069,P0107,cart,,2.0,2024-02-16T00:00:00,2,False
I00601,U0116,P0325,rating,4.3,4.3,2024-09-12T00:00:00,9,False
I00602,U0215,P0059,view,,1.0,2024-01-30T00:00:00,1,False
I00603,U0025,P0366,purchase,,4.0,2024-08-24T00:00:00,8,False
I00604,U0112,P0424,view,,1.0,2025-05-09T00:00:00,5,False
I00605,U0025,P0391,view,,1.0,2025-05-04T00:00:00,5,False
I00606,U0238,P0260,view,,1.0,2024-11-09T00:00:00,11,True
I00607,U0094,P0063,view,,1.0,2025-01-09T00:00:00,1,False
I00608,U0127,P0122,view,,1.0,2024-01-25T00:00:00,1,False
I00609,U0078,P0328,cart,,2.0,2024-12-20T00:00:00,12,False
I00610,U0116,P0437,view,,1.0,2024-02-17T00:00:00,2,False
I00611,U0226,P0397,view,,1.0,2024-04-08T00:00:00,4,False
I00612,U0203,P0148,view,,1.0,2025-02-08T00:00:00,2,False
I00613,U0214,P0238,cart,,2.0,2025-05-17T00:00:00,5,False
I00614,U0209,P0293,view,,1.0,2025-03-23T00:00:00,3,False
I00615,U0126,P0221,view,,1.0,2024-09-14T00:00:00,9,False
I00616,U0076,P0055,view,,1.0,2024-04-30T00:00:00,4,False
I00617,U0042,P0397,cart,,2.0,2024-02-23T00:00:00,2,False
I00618,U0075,P0286,view,,1.0,2024-08-28T00:00:00,8,False
I00619,U0018,P0018,view,,1.0,2025-04-27T00:00:00,4,False
I00620,U0187,P0381,view,,1.0,2024-09-18T00:00:00,9,False
I00621,U0185,P0052,view,,1.0,2024-12-29T00:00:00,12,False
I00622,U0235,P0076,view,,1.0,2025-03-06T00:00:00,3,False
I00623,U0239,P0241,view,,1.0,2024-10-30T00:00:00,10,True
I00624,U0042,P0397,view,,1.0,2024-03-16T00:00:00,3,False
I00625,U0188,P0383,view,,1.0,2024-11-28T00:00:00,11,True
I00626,U0132,P0119,view,,1.0,2025-04-18T00:00:00,4,False
I00627,U0059,P0232,view,,1.0,2024-10-09T00:00:00,10,True
I00628,U0079,P0267,view,,1.0,2024-03-12T00:00:00,3,False
I00629,U0007,P0264,view,,1.0,2024-01-12T00:00:00,1,False
I00630,U0141,P0142,purchase,,4.0,2024-01-17T00:00:00,1,False
I00631,U0063,P0333,view,,1.0,2024-09-09T00:00:00,9,False
I00632,U0209,P0450,cart,,2.0,2025-01-10T00:00:00,1,False
I00633,U0036,P0061,view,,1.0,2025-06-03T00:00:00,6,False
I00634,U0069,P0213,purchase,,4.0,2024-03-30T00:00:00,3,False
I00635,U0208,P0249,rating,4.5,4.5,2024-06-23T00:00:00,6,False
I00636,U0237,P0350,view,,1.0,2024-06-28T00:00:00,6,False
I00637,U0124,P0041,purchase,,4.0,2025-01-15T00:00:00,1,False
I00638,U0037,P0490,view,,1.0,2024-07-13T00:00:00,7,False
I00639,U0143,P0316,cart,,2.0,2024-08-15T00:00:00,8,False
I00640,U0175,P0284,cart,,2.0,2025-03-11T00:00:00,3,False
I00641,U0019,P0147,view,,1.0,2025-04-05T00:00:00,4,False
I00642,U0106,P0051,view,,1.0,2024-01-21T00:00:00,1,False
I00643,U0064,P0429,view,,1.0,2024-06-13T00:00:00,6,False
I00644,U0027,P0340,purchase,,4.0,2024-11-06T00:00:00,11,True
I00645,U0029,P0478,cart,,2.0,2024-10-07T00:00:00,10,True
I00646,U0070,P0369,view,,1.0,2024-06-12T00:00:00,6,False
I00647,U0130,P0454,view,,1.0,2024-08-11T00:00:00,8,False
I00648,U0016,P0110,rating,3.5,3.5,2024-05-25T00:00:00,5,False
I00649,U0197,P0482,view,,1.0,2024-01-30T00:00:00,1,False
I00650,U0045,P0028,view,,1.0,2025-04-15T00:00:00,4,False
I00651,U0034,P0412,view,,1.0,2025-03-02T00:00:00,3,False
I00652,U0062,P0494,cart,,2.0,2024-08-08T00:00:00,8,False
I00653,U0100,P0354,view,,1.0,2025-01-01T00:00:00,1,False
I00654,U0164,P0436,purchase,,4.0,2024-04-25T00:00:00,4,False
I00655,U0239,P0044,view,,1.0,2024-11-30T00:00:00,11,True
I00656,U0185,P0329,view,,1.0,2024-05-27T00:00:00,5,False
I00657,U0009,P0200,purchase,,4.0,2024-10-14T00:00:00,10,True
I00658,U0132,P0308,view,,1.0,2024-02-19T00:00:00,2,False
I00659,U0082,P0009,purchase,,4.0,2025-05-31T00:00:00,5,False
I00660,U0148,P0371,cart,,2.0,2024-10-04T00:00:00,10,True
I00661,U0186,P0468,view,,1.0,2024-10-26T00:00:00,10,True
I00662,U0034,P0250,view,,1.0,2024-05-14T00:00:00,5,False
I00663,U0068,P0338,cart,,2.0,2024-05-26T00:00:00,5,False
I00664,U0234,P0455,rating,4.9,4.9,2025-04-22T00:00:00,4,False
I00665,U0085,P0063,rating,3.5,3.5,2024-07-07T00:00:00,7,False
I00666,U0159,P0333,purchase,,4.0,2024-12-04T00:00:00,12,False
I00667,U0095,P0470,view,,1.0,2024-06-29T00:00:00,6,False
I00668,U0032,P0316,purchase,,4.0,2024-07-05T00:00:00,7,False
I00669,U0116,P0248,view,,1.0,2024-05-17T00:00:00,5,False
I00670,U0130,P0393,view,,1.0,2024-07-12T00:00:00,7,False
I00671,U0060,P0363,view,,1.0,2024-05-23T00:00:00,5,False
I00672,U0016,P0113,view,,1.0,2024-10-28T00:00:00,10,True
I00673,U0167,P0096,cart,,2.0,2024-09-01T00:00:00,9,False
I00674,U0159,P0408,cart,,2.0,2024-04-16T00:00:00,4,False
I00675,U0088,P0026,view,,1.0,2024-05-08T00:00:00,5,False
I00676,U0139,P0203,cart,,2.0,2024-12-06T00:00:00,12,False
I00677,U0004,P0033,cart,,2.0,2024-11-22T00:00:00,11,True
I00678,U0154,P0166,purchase,,4.0,2024-11-01T00:00:00,11,True
I00679,U0140,P0015,view,,1.0,2024-08-12T00:00:00,8,False
I00680,U0203,P0474,view,,1.0,2024-12-13T00:00:00,12,False
I00681,U0224,P0172,purchase,,4.0,2024-11-16T00:00:00,11,True
I00682,U0047,P0420,cart,,2.0,2024-06-29T00:00:00,6,False
I00683,U0106,P0143,view,,1.0,2025-01-20T00:00:00,1,False
I00684,U0106,P0445,view,,1.0,2024-04-17T00:00:00,4,False
I00685,U0019,P0497,view,,1.0,2025-02-13T00:00:00,2,False
I00686,U0203,P0437,view,,1.0,2024-10-22T00:00:00,10,True
I00687,U0050,P0386,view,,1.0,2024-06-19T00:00:00,6,False
I00688,U0075,P0265,view,,1.0,2025-05-07T00:00:00,5,False
I00689,U0195,P0494,view,,1.0,2024-01-12T00:00:00,1,False
I00690,U0195,P0289,cart,,2.0,2025-05-04T00:00:00,5,False
I00691,U0027,P0228,purchase,,4.0,2024-06-30T00:00:00,6,False
I00692,U0194,P0305,purchase,,4.0,2024-11-11T00:00:00,11,True
I00693,U0182,P0043,view,,1.0,2024-01-30T00:00:00,1,False
I00694,U0084,P0301,view,,1.0,2024-04-05T00:00:00,4,False
I00695,U0125,P0467,purchase,,4.0,2025-03-19T00:00:00,3,False
I00696,U0042,P0339,view,,1.0,2024-12-26T00:00:00,12,False
I00697,U0118,P0123,purchase,,4.0,2024-10-29T00:00:00,10,True
I00698,U0165,P0128,purchase,,4.0,2024-09-02T00:00:00,9,False
I00699,U0208,P0155,view,,1.0,2024-08-24T00:00:00,8,False
I00700,U0022,P0033,purchase,,4.0,2024-07-03T00:00:00,7,False
I00701,U0212,P0424,view,,1.0,2024-12-28T00:00:00,12,False
I00702,U0027,P0225,purchase,,4.0,2024-12-01T00:00:00,12,False
I00703,U0162,P0300,view,,1.0,2024-06-08T00:00:00,6,False
I00704,U0218,P0084,cart,,2.0,2024-11-17T00:00:00,11,True
I00705,U0012,P0151,view,,1.0,2025-02-27T00:00:00,2,False
I00706,U0073,P0354,view,,1.0,2024-07-19T00:00:00,7,False
I00707,U0010,P0283,cart,,2.0,2025-05-19T00:00:00,5,False
I00708,U0226,P0216,view,,1.0,2024-02-08T00:00:00,2,False
I00709,U0060,P0161,cart,,2.0,2024-11-16T00:00:00,11,True
I00710,U0179,P0415,view,,1.0,2025-02-11T00:00:00,2,False
I00711,U0155,P0020,view,,1.0,2025-01-20T00:00:00,1,False
I00712,U0159,P0108,purchase,,4.0,2024-03-18T00:00:00,3,False
I00713,U0194,P0467,rating,4.3,4.3,2024-10-11T00:00:00,10,True
I00714,U0084,P0140,cart,,2.0,2024-05-04T00:00:00,5,False
I00715,U0103,P0405,view,,1.0,2024-10-06T00:00:00,10,True
I00716,U0149,P0390,view,,1.0,2024-05-07T00:00:00,5,False
I00717,U0058,P0015,purchase,,4.0,2024-11-27T00:00:00,11,True
I00718,U0150,P0459,cart,,2.0,2025-03-29T00:00:00,3,False
I00719,U0036,P0283,purchase,,4.0,2025-02-23T00:00:00,2,False
I00720,U0022,P0387,view,,1.0,2024-07-24T00:00:00,7,False
I00721,U0127,P0479,view,,1.0,2024-12-21T00:00:00,12,False
I00722,U0184,P0158,cart,,2.0,2024-04-05T00:00:00,4,False
I00723,U0161,P0188,cart,,2.0,2024-06-12T00:00:00,6,False
I00724,U0148,P0427,cart,,2.0,2024-10-20T00:00:00,10,True
I00725,U0195,P0254,purchase,,4.0,2025-04-24T00:00:00,4,False
I00726,U0109,P0215,view,,1.0,2024-05-02T00:00:00,5,False
I00727,U0144,P0138,view,,1.0,2025-03-27T00:00:00,3,False
I00728,U0149,P0405,view,,1.0,2024-04-13T00:00:00,4,False
I00729,U0206,P0371,view,,1.0,2025-01-30T00:00:00,1,False
I00730,U0144,P0065,view,,1.0,2024-12-02T00:00:00,12,False
I00731,U0237,P0398,rating,4.9,4.9,2024-05-21T00:00:00,5,False
I00732,U0061,P0228,cart,,2.0,2025-02-04T00:00:00,2,False
I00733,U0169,P0354,cart,,2.0,2024-11-05T00:00:00,11,True
I00734,U0239,P0182,cart,,2.0,2024-04-18T00:00:00,4,False
I00735,U0027,P0287,view,,1.0,2025-01-06T00:00:00,1,False
I00736,U0087,P0170,cart,,2.0,2024-07-24T00:00:00,7,False
I00737,U0079,P0170,view,,1.0,2024-02-12T00:00:00,2,False
I00738,U0097,P0428,rating,3.4,3.4,2024-09-01T00:00:00,9,False
I00739,U0083,P0390,view,,1.0,2024-04-19T00:00:00,4,False
I00740,U0182,P0099,view,,1.0,2024-07-08T00:00:00,7,False
I00741,U0215,P0151,purchase,,4.0,2024-09-07T00:00:00,9,False
I00742,U0212,P0481,purchase,,4.0,2024-10-17T00:00:00,10,True
I00743,U0133,P0483,cart,,2.0,2024-07-19T00:00:00,7,False
I00744,U0029,P0397,view,,1.0,2024-11-21T00:00:00,11,True
I00745,U0153,P0093,cart,,2.0,2025-05-22T00:00:00,5,False
I00746,U0219,P0393,view,,1.0,2024-03-12T00:00:00,3,False
I00747,U0129,P0181,view,,1.0,2024-12-09T00:00:00,12,False
I00748,U0203,P0252,view,,1.0,2024-02-23T00:00:00,2,False
I00749,U0218,P0442,view,,1.0,2024-07-11T00:00:00,7,False
I00750,U0127,P0426,rating,4.9,4.9,2024-02-27T00:00:00,2,False
I00751,U0181,P0488,view,,1.0,2024-04-20T00:00:00,4,False
I00752,U0129,P0435,cart,,2.0,2024-11-21T00:00:00,11,True
I00753,U0008,P0414,view,,1.0,2024-01-29T00:00:00,1,False
I00754,U0112,P0469,view,,1.0,2024-05-10T00:00:00,5,False
I00755,U0188,P0402,view,,1.0,2025-04-19T00:00:00,4,False
I00756,U0108,P0184,purchase,,4.0,2024-07-22T00:00:00,7,False
I00757,U0212,P0394,purchase,,4.0,2024-10-02T00:00:00,10,True
I00758,U0073,P0117,view,,1.0,2024-08-30T00:00:00,8,False
I00759,U0019,P0282,view,,1.0,2024-04-11T00:00:00,4,False
I00760,U0219,P0161,cart,,2.0,2024-06-19T00:00:00,6,False
I00761,U0141,P0331,purchase,,4.0,2024-07-06T00:00:00,7,False
I00762,U0185,P0118,rating,3.9,3.9,2024-03-26T00:00:00,3,False
I00763,U0109,P0206,cart,,2.0,2024-02-12T00:00:00,2,False
I00764,U0211,P0140,view,,1.0,2024-07-18T00:00:00,7,False
I00765,U0042,P0446,purchase,,4.0,2024-01-26T00:00:00,1,False
I00766,U0151,P0253,purchase,,4.0,2024-10-25T00:00:00,10,True
I00767,U0077,P0203,view,,1.0,2024-05-16T00:00:00,5,False
I00768,U0020,P0348,view,,1.0,2025-03-15T00:00:00,3,False
I00769,U0211,P0081,view,,1.0,2025-03-10T00:00:00,3,False
I00770,U0012,P0379,cart,,2.0,2024-07-25T00:00:00,7,False
I00771,U0223,P0369,view,,1.0,2025-03-14T00:00:00,3,False
I00772,U0206,P0124,view,,1.0,2024-02-11T00:00:00,2,False
I00773,U0155,P0408,view,,1.0,2025-03-02T00:00:00,3,False
I00774,U0019,P0182,view,,1.0,2025-03-23T00:00:00,3,False
I00775,U0134,P0100,view,,1.0,2025-01-03T00:00:00,1,False
I00776,U0170,P0128,view,,1.0,2024-08-07T00:00:00,8,False
I00777,U0065,P0339,purchase,,4.0,2024-08-19T00:00:00,8,False
I00778,U0072,P0273,view,,1.0,2025-03-18T00:00:00,3,False
I00779,U0052,P0430,view,,1.0,2025-01-10T00:00:00,1,False
I00780,U0007,P0052,view,,1.0,2024-09-23T00:00:00,9,False
I00781,U0103,P0377,rating,2.6,2.6,2024-11-12T00:00:00,11,True
I00782,U0068,P0192,cart,,2.0,2025-02-24T00:00:00,2,False
I00783,U0046,P0005,view,,1.0,2024-09-25T00:00:00,9,False
I00784,U0089,P0134,purchase,,4.0,2025-01-15T00:00:00,1,False
I00785,U0118,P0111,cart,,2.0,2024-04-25T00:00:00,4,False
I00786,U0118,P0106,view,,1.0,2024-09-16T00:00:00,9,False
I00787,U0075,P0457,purchase,,4.0,2025-04-24T00:00:00,4,False
I00788,U0049,P0088,cart,,2.0,2024-01-07T00:00:00,1,False
I00789,U0110,P0379,view,,1.0,2024-12-13T00:00:00,12,False
I00790,U0182,P0257,rating,3.5,3.5,2024-08-02T00:00:00,8,False
I00791,U0235,P0233,view,,1.0,2025-01-01T00:00:00,1,False
I00792,U0057,P0315,view,,1.0,2024-02-23T00:00:00,2,False
I00793,U0029,P0228,rating,4.7,4.7,2025-04-11T00:00:00,4,False
I00794,U0097,P0198,cart,,2.0,2024-06-12T00:00:00,6,False
I00795,U0014,P0313,view,,1.0,2024-11-29T00:00:00,11,True
I00796,U0035,P0405,view,,1.0,2024-12-13T00:00:00,12,False
I00797,U0017,P0439,view,,1.0,2025-02-17T00:00:00,2,False
I00798,U0093,P0419,purchase,,4.0,2024-03-19T00:00:00,3,False
I00799,U0110,P0191,view,,1.0,2024-08-04T00:00:00,8,False
I00800,U0179,P0233,view,,1.0,2024-12-23T00:00:00,12,False
I00801,U0106,P0188,view,,1.0,2025-05-21T00:00:00,5,False
I00802,U0047,P0494,view,,1.0,2024-06-29T00:00:00,6,False
I00803,U0064,P0178,view,,1.0,2024-09-02T00:00:00,9,False
I00804,U0166,P0308,cart,,2.0,2024-11-15T00:00:00,11,True
I00805,U0087,P0207,view,,1.0,2024-08-04T00:00:00,8,False
I00806,U0234,P0414,rating,4.3,4.3,2025-06-02T00:00:00,6,False
I00807,U0169,P0211,rating,4.1,4.1,2024-11-25T00:00:00,11,True
I00808,U0138,P0292,view,,1.0,2025-03-16T00:00:00,3,False
I00809,U0135,P0121,view,,1.0,2025-05-10T00:00:00,5,False
I00810,U0125,P0485,view,,1.0,2024-11-01T00:00:00,11,True
I00811,U0230,P0143,view,,1.0,2025-05-27T00:00:00,5,False
I00812,U0236,P0089,view,,1.0,2024-07-06T00:00:00,7,False
I00813,U0162,P0016,cart,,2.0,2025-05-30T00:00:00,5,False
I00814,U0145,P0111,view,,1.0,2025-03-02T00:00:00,3,False
I00815,U0218,P0428,cart,,2.0,2024-09-16T00:00:00,9,False
I00816,U0001,P0026,view,,1.0,2024-03-11T00:00:00,3,False
I00817,U0222,P0382,view,,1.0,2024-06-26T00:00:00,6,False
I00818,U0201,P0315,cart,,2.0,2024-07-07T00:00:00,7,False
I00819,U0035,P0354,rating,4.8,4.8,2025-06-03T00:00:00,6,False
I00820,U0178,P0397,view,,1.0,2024-10-09T00:00:00,10,True
I00821,U0032,P0015,view,,1.0,2025-01-11T00:00:00,1,False
I00822,U0146,P0076,view,,1.0,2024-06-04T00:00:00,6,False
I00823,U0157,P0231,view,,1.0,2024-12-20T00:00:00,12,False
I00824,U0047,P0158,view,,1.0,2024-07-05T00:00:00,7,False
I00825,U0031,P0101,view,,1.0,2024-09-16T00:00:00,9,False
I00826,U0165,P0414,cart,,2.0,2024-10-30T00:00:00,10,True
I00827,U0174,P0185,view,,1.0,2024-02-08T00:00:00,2,False
I00828,U0233,P0063,cart,,2.0,2024-10-04T00:00:00,10,True
I00829,U0203,P0167,cart,,2.0,2024-03-06T00:00:00,3,False
I00830,U0108,P0422,view,,1.0,2024-09-24T00:00:00,9,False
I00831,U0222,P0066,view,,1.0,2024-03-30T00:00:00,3,False
I00832,U0181,P0368,view,,1.0,2024-09-11T00:00:00,9,False
I00833,U0199,P0075,purchase,,4.0,2024-09-09T00:00:00,9,False
I00834,U0001,P0296,view,,1.0,2025-01-17T00:00:00,1,False
I00835,U0186,P0128,purchase,,4.0,2024-03-30T00:00:00,3,False
I00836,U0237,P0309,rating,3.6,3.6,2025-01-24T00:00:00,1,False
I00837,U0070,P0220,cart,,2.0,2024-02-13T00:00:00,2,False
I00838,U0200,P0181,view,,1.0,2024-01-19T00:00:00,1,False
I00839,U0101,P0325,view,,1.0,2024-12-22T00:00:00,12,False
I00840,U0030,P0133,cart,,2.0,2024-02-02T00:00:00,2,False
I00841,U0202,P0287,view,,1.0,2024-08-16T00:00:00,8,False
I00842,U0012,P0004,view,,1.0,2024-06-03T00:00:00,6,False
I00843,U0167,P0057,purchase,,4.0,2024-09-02T00:00:00,9,False
I00844,U0149,P0341,cart,,2.0,2024-06-09T00:00:00,6,False
I00845,U0235,P0099,rating,5.0,5.0,2024-04-26T00:00:00,4,False
I00846,U0117,P0467,view,,1.0,2024-06-20T00:00:00,6,False
I00847,U0182,P0434,cart,,2.0,2024-09-30T00:00:00,9,False
I00848,U0003,P0160,cart,,2.0,2024-05-14T00:00:00,5,False
I00849,U0171,P0272,rating,3.4,3.4,2025-02-25T00:00:00,2,False
I00850,U0165,P0181,view,,1.0,2024-07-04T00:00:00,7,False
I00851,U0161,P0033,view,,1.0,2024-12-29T00:00:00,12,False
I00852,U0187,P0114,purchase,,4.0,2025-01-12T00:00:00,1,False
I00853,U0011,P0178,view,,1.0,2024-07-14T00:00:00,7,False
I00854,U0113,P0405,view,,1.0,2024-04-07T00:00:00,4,False
I00855,U0093,P0443,view,,1.0,2024-01-22T00:00:00,1,False
I00856,U0194,P0455,purchase,,4.0,2024-06-20T00:00:00,6,False
I00857,U0127,P0007,purchase,,4.0,2024-05-13T00:00:00,5,False
I00858,U0170,P0398,cart,,2.0,2024-01-25T00:00:00,1,False
I00859,U0185,P0202,view,,1.0,2024-03-25T00:00:00,3,False
I00860,U0055,P0262,rating,3.9,3.9,2024-05-23T00:00:00,5,False
I00861,U0224,P0166,purchase,,4.0,2024-08-07T00:00:00,8,False
I00862,U0179,P0059,view,,1.0,2025-03-08T00:00:00,3,False
I00863,U0009,P0211,view,,1.0,2025-03-04T00:00:00,3,False
I00864,U0150,P0243,view,,1.0,2025-02-19T00:00:00,2,False
I00865,U0197,P0272,view,,1.0,2024-07-15T00:00:00,7,False
I00866,U0042,P0234,cart,,2.0,2024-02-22T00:00:00,2,False
I00867,U0224,P0285,purchase,,4.0,2025-03-18T00:00:00,3,False
I00868,U0074,P0388,purchase,,4.0,2024-09-07T00:00:00,9,False
I00869,U0039,P0110,view,,1.0,2024-05-02T00:00:00,5,False
I00870,U0111,P0420,cart,,2.0,2025-01-21T00:00:00,1,False
I00871,U0083,P0106,view,,1.0,2024-12-13T00:00:00,12,False
I00872,U0029,P0351,view,,1.0,2024-02-04T00:00:00,2,False
I00873,U0006,P0339,cart,,2.0,2025-01-30T00:00:00,1,False
I00874,U0111,P0117,cart,,2.0,2024-10-20T00:00:00,10,True
I00875,U0077,P0466,view,,1.0,2024-12-14T00:00:00,12,False
I00876,U0147,P0020,purchase,,4.0,2024-03-07T00:00:00,3,False
I00877,U0136,P0436,rating,4.1,4.1,2025-06-03T00:00:00,6,False
I00878,U0122,P0088,view,,1.0,2024-12-05T00:00:00,12,False
I00879,U0175,P0290,view,,1.0,2025-03-26T00:00:00,3,False
I00880,U0045,P0248,view,,1.0,2024-05-15T00:00:00,5,False
I00881,U0087,P0042,view,,1.0,2024-01-16T00:00:00,1,False
I00882,U0077,P0192,view,,1.0,2024-07-13T00:00:00,7,False
I00883,U0240,P0406,view,,1.0,2024-01-09T00:00:00,1,False
I00884,U0060,P0445,cart,,2.0,2024-11-29T00:00:00,11,True
I00885,U0077,P0336,view,,1.0,2024-11-22T00:00:00,11,True
I00886,U0015,P0401,purchase,,4.0,2024-08-13T00:00:00,8,False
I00887,U0169,P0307,view,,1.0,2025-02-11T00:00:00,2,False
I00888,U0113,P0422,cart,,2.0,2025-03-03T00:00:00,3,False
I00889,U0001,P0259,cart,,2.0,2024-09-22T00:00:00,9,False
I00890,U0235,P0155,view,,1.0,2024-07-26T00:00:00,7,False
I00891,U0110,P0398,cart,,2.0,2025-01-03T00:00:00,1,False
I00892,U0217,P0234,view,,1.0,2024-11-01T00:00:00,11,True
I00893,U0012,P0499,view,,1.0,2024-12-10T00:00:00,12,False
I00894,U0209,P0365,view,,1.0,2025-05-08T00:00:00,5,False
I00895,U0112,P0384,rating,4.2,4.2,2025-02-23T00:00:00,2,False
I00896,U0018,P0300,purchase,,4.0,2024-07-08T00:00:00,7,False
I00897,U0141,P0295,purchase,,4.0,2024-11-10T00:00:00,11,True
I00898,U0188,P0049,cart,,2.0,2024-11-14T00:00:00,11,True
I00899,U0185,P0198,view,,1.0,2024-04-01T00:00:00,4,False
I00900,U0179,P0171,view,,1.0,2024-02-25T00:00:00,2,False
I00901,U0155,P0141,view,,1.0,2024-04-20T00:00:00,4,False
I00902,U0137,P0230,view,,1.0,2024-08-19T00:00:00,8,False
I00903,U0224,P0147,view,,1.0,2025-04-12T00:00:00,4,False
I00904,U0220,P0266,purchase,,4.0,2025-04-25T00:00:00,4,False
I00905,U0068,P0268,view,,1.0,2024-09-05T00:00:00,9,False
I00906,U0226,P0297,view,,1.0,2024-11-18T00:00:00,11,True
I00907,U0154,P0081,rating,4.1,4.1,2025-06-01T00:00:00,6,False
I00908,U0208,P0446,cart,,2.0,2025-03-07T00:00:00,3,False
I00909,U0231,P0065,view,,1.0,2025-03-04T00:00:00,3,False
I00910,U0013,P0025,view,,1.0,2024-05-27T00:00:00,5,False
I00911,U0118,P0002,purchase,,4.0,2025-01-01T00:00:00,1,False
I00912,U0082,P0473,cart,,2.0,2024-03-06T00:00:00,3,False
I00913,U0202,P0368,cart,,2.0,2025-01-04T00:00:00,1,False
I00914,U0175,P0302,cart,,2.0,2025-05-09T00:00:00,5,False
I00915,U0205,P0393,cart,,2.0,2024-04-23T00:00:00,4,False
I00916,U0111,P0209,view,,1.0,2025-03-14T00:00:00,3,False
I00917,U0203,P0036,purchase,,4.0,2024-05-26T00:00:00,5,False
I00918,U0035,P0271,view,,1.0,2024-11-04T00:00:00,11,True
I00919,U0026,P0459,cart,,2.0,2024-01-14T00:00:00,1,False
I00920,U0118,P0283,cart,,2.0,2025-03-03T00:00:00,3,False
I00921,U0216,P0223,cart,,2.0,2024-08-20T00:00:00,8,False
I00922,U0193,P0075,view,,1.0,2025-03-15T00:00:00,3,False
I00923,U0019,P0396,view,,1.0,2024-03-16T00:00:00,3,False
I00924,U0183,P0209,view,,1.0,2024-10-15T00:00:00,10,True
I00925,U0147,P0379,rating,4.2,4.2,2024-09-09T00:00:00,9,False
I00926,U0168,P0179,view,,1.0,2024-10-20T00:00:00,10,True
I00927,U0077,P0228,cart,,2.0,2024-12-08T00:00:00,12,False
I00928,U0054,P0030,purchase,,4.0,2025-02-22T00:00:00,2,False
I00929,U0188,P0294,view,,1.0,2024-08-23T00:00:00,8,False
I00930,U0183,P0431,cart,,2.0,2024-08-01T00:00:00,8,False
I00931,U0085,P0247,view,,1.0,2024-03-25T00:00:00,3,False
I00932,U0153,P0364,view,,1.0,2025-05-03T00:00:00,5,False
I00933,U0065,P0082,rating,4.5,4.5,2024-03-04T00:00:00,3,False
I00934,U0087,P0238,view,,1.0,2024-12-17T00:00:00,12,False
I00935,U0158,P0497,purchase,,4.0,2025-05-05T00:00:00,5,False
I00936,U0146,P0430,view,,1.0,2025-04-07T00:00:00,4,False
I00937,U0225,P0454,view,,1.0,2024-11-08T00:00:00,11,True
I00938,U0103,P0379,purchase,,4.0,2025-04-10T00:00:00,4,False
I00939,U0088,P0350,view,,1.0,2024-10-29T00:00:00,10,True
I00940,U0168,P0269,view,,1.0,2025-03-10T00:00:00,3,False
I00941,U0170,P0350,rating,4.2,4.2,2024-05-14T00:00:00,5,False
I00942,U0134,P0090,rating,5.0,5.0,2024-12-12T00:00:00,12,False
I00943,U0137,P0005,view,,1.0,2024-09-01T00:00:00,9,False
I00944,U0109,P0032,view,,1.0,2024-03-30T00:00:00,3,False
I00945,U0040,P0259,purchase,,4.0,2024-04-21T00:00:00,4,False
I00946,U0045,P0288,rating,3.7,3.7,2024-06-25T00:00:00,6,False
I00947,U0117,P0467,rating,3.6,3.6,2025-02-04T00:00:00,2,False
I00948,U0028,P0115,cart,,2.0,2024-02-27T00:00:00,2,False
I00949,U0041,P0113,cart,,2.0,2024-05-13T00:00:00,5,False
I00950,U0075,P0087,view,,1.0,2024-09-05T00:00:00,9,False
I00951,U0038,P0394,cart,,2.0,2024-03-15T00:00:00,3,False
I00952,U0142,P0198,view,,1.0,2024-06-16T00:00:00,6,False
I00953,U0003,P0233,view,,1.0,2025-05-17T00:00:00,5,False
I00954,U0117,P0363,purchase,,4.0,2024-12-20T00:00:00,12,False
I00955,U0225,P0457,view,,1.0,2024-05-25T00:00:00,5,False
I00956,U0192,P0241,rating,3.4,3.4,2024-08-28T00:00:00,8,False
I00957,U0035,P0180,view,,1.0,2024-01-01T00:00:00,1,False
I00958,U0228,P0090,view,,1.0,2024-06-01T00:00:00,6,False
I00959,U0173,P0359,cart,,2.0,2025-05-22T00:00:00,5,False
I00960,U0126,P0448,view,,1.0,2025-05-05T00:00:00,5,False
I00961,U0226,P0423,view,,1.0,2024-12-10T00:00:00,12,False
I00962,U0144,P0192,cart,,2.0,2024-08-08T00:00:00,8,False
I00963,U0147,P0328,cart,,2.0,2024-01-25T00:00:00,1,False
I00964,U0016,P0128,view,,1.0,2024-06-30T00:00:00,6,False
I00965,U0073,P0429,view,,1.0,2024-02-11T00:00:00,2,False
I00966,U0147,P0213,rating,3.8,3.8,2025-04-25T00:00:00,4,False
I00967,U0162,P0089,rating,3.2,3.2,2025-03-14T00:00:00,3,False
I00968,U0045,P0388,rating,2.6,2.6,2024-01-21T00:00:00,1,False
I00969,U0122,P0116,view,,1.0,2024-03-10T00:00:00,3,False
I00970,U0096,P0419,cart,,2.0,2024-02-17T00:00:00,2,False
I00971,U0235,P0427,view,,1.0,2024-10-13T00:00:00,10,True
I00972,U0234,P0217,cart,,2.0,2024-01-10T00:00:00,1,False
I00973,U0030,P0347,cart,,2.0,2024-09-30T00:00:00,9,False
I00974,U0188,P0400,cart,,2.0,2025-01-15T00:00:00,1,False
I00975,U0073,P0404,cart,,2.0,2025-04-23T00:00:00,4,False
I00976,U0015,P0315,view,,1.0,2025-05-30T00:00:00,5,False
I00977,U0191,P0254,purchase,,4.0,2024-06-16T00:00:00,6,False
I00978,U0009,P0309,view,,1.0,2024-05-16T00:00:00,5,False
I00979,U0154,P0232,view,,1.0,2025-01-22T00:00:00,1,False
I00980,U0209,P0402,view,,1.0,2024-09-28T00:00:00,9,False
I00981,U0143,P0165,cart,,2.0,2024-03-09T00:00:00,3,False
I00982,U0005,P0107,rating,4.9,4.9,2024-03-19T00:00:00,3,False
I00983,U0013,P0412,view,,1.0,2024-11-25T00:00:00,11,True
I00984,U0189,P0041,cart,,2.0,2024-04-04T00:00:00,4,False
I00985,U0105,P0181,view,,1.0,2024-01-08T00:00:00,1,False
I00986,U0067,P0321,view,,1.0,2025-05-10T00:00:00,5,False
I00987,U0191,P0487,view,,1.0,2024-12-31T00:00:00,12,False
I00988,U0009,P0367,purchase,,4.0,2024-04-26T00:00:00,4,False
I00989,U0011,P0443,cart,,2.0,2025-04-29T00:00:00,4,False
I00990,U0042,P0141,cart,,2.0,2024-06-12T00:00:00,6,False
I00991,U0120,P0332,view,,1.0,2024-09-24T00:00:00,9,False
I00992,U0037,P0303,purchase,,4.0,2024-03-14T00:00:00,3,False
I00993,U0073,P0477,cart,,2.0,2024-11-03T00:00:00,11,True
I00994,U0199,P0418,cart,,2.0,2024-05-09T00:00:00,5,False
I00995,U0056,P0232,view,,1.0,2025-05-01T00:00:00,5,False
I00996,U0085,P0471,rating,4.8,4.8,2024-05-30T00:00:00,5,False
I00997,U0157,P0192,rating,4.6,4.6,2024-07-24T00:00:00,7,False
I00998,U0223,P0036,view,,1.0,2024-03-29T00:00:00,3,False
I00999,U0031,P0157,view,,1.0,2025-03-09T00:00:00,3,False
I01000,U0020,P0467,purchase,,4.0,2024-07-01T00:00:00,7,False
I01001,U0209,P0265,purchase,,4.0,2025-05-07T00:00:00,5,False
I01002,U0130,P0379,cart,,2.0,2024-01-13T00:00:00,1,False
I01003,U0122,P0387,view,,1.0,2024-04-15T00:00:00,4,False
I01004,U0119,P0350,view,,1.0,2024-04-08T00:00:00,4,False
I01005,U0082,P0359,view,,1.0,2024-07-10T00:00:00,7,False
I01006,U0069,P0435,rating,3.8,3.8,2025-04-11T00:00:00,4,False
I01007,U0126,P0180,view,,1.0,2025-01-01T00:00:00,1,False
I01008,U0062,P0412,view,,1.0,2024-05-23T00:00:00,5,False
I01009,U0128,P0113,cart,,2.0,2024-08-03T00:00:00,8,False
I01010,U0105,P0082,view,,1.0,2024-11-19T00:00:00,11,True
I01011,U0015,P0257,view,,1.0,2024-08-04T00:00:00,8,False
I01012,U0236,P0164,view,,1.0,2024-07-01T00:00:00,7,False
I01013,U0014,P0348,purchase,,4.0,2025-04-11T00:00:00,4,False
I01014,U0102,P0005,view,,1.0,2025-06-02T00:00:00,6,False
I01015,U0030,P0427,rating,4.1,4.1,2025-04-11T00:00:00,4,False
I01016,U0232,P0027,view,,1.0,2025-05-14T00:00:00,5,False
I01017,U0083,P0199,cart,,2.0,2024-09-29T00:00:00,9,False
I01018,U0191,P0464,rating,4.1,4.1,2024-06-21T00:00:00,6,False
I01019,U0205,P0367,purchase,,4.0,2024-01-07T00:00:00,1,False
I01020,U0155,P0185,view,,1.0,2025-06-01T00:00:00,6,False
I01021,U0152,P0341,view,,1.0,2024-08-02T00:00:00,8,False
I01022,U0134,P0048,purchase,,4.0,2024-10-11T00:00:00,10,True
I01023,U0126,P0196,view,,1.0,2025-03-14T00:00:00,3,False
I01024,U0081,P0119,view,,1.0,2024-05-31T00:00:00,5,False
I01025,U0075,P0470,view,,1.0,2025-01-17T00:00:00,1,False
I01026,U0115,P0250,view,,1.0,2025-04-26T00:00:00,4,False
I01027,U0028,P0244,view,,1.0,2024-03-15T00:00:00,3,False
I01028,U0166,P0140,purchase,,4.0,2024-07-07T00:00:00,7,False
I01029,U0078,P0398,view,,1.0,2024-01-21T00:00:00,1,False
I01030,U0054,P0221,view,,1.0,2024-07-02T00:00:00,7,False
I01031,U0103,P0450,cart,,2.0,2024-08-09T00:00:00,8,False
I01032,U0059,P0284,rating,3.7,3.7,2024-11-23T00:00:00,11,True
I01033,U0214,P0494,cart,,2.0,2024-02-28T00:00:00,2,False
I01034,U0071,P0388,view,,1.0,2024-07-09T00:00:00,7,False
I01035,U0200,P0401,view,,1.0,2024-11-07T00:00:00,11,True
I01036,U0196,P0151,purchase,,4.0,2024-02-04T00:00:00,2,False
I01037,U0123,P0366,purchase,,4.0,2025-01-21T00:00:00,1,False
I01038,U0237,P0152,rating,4.5,4.5,2025-06-02T00:00:00,6,False
I01039,U0027,P0412,purchase,,4.0,2024-01-01T00:00:00,1,False
I01040,U0219,P0232,purchase,,4.0,2025-04-08T00:00:00,4,False
I01041,U0230,P0075,view,,1.0,2024-06-20T00:00:00,6,False
I01042,U0087,P0320,cart,,2.0,2024-05-02T00:00:00,5,False
I01043,U0075,P0017,purchase,,4.0,2024-10-24T00:00:00,10,True
I01044,U0117,P0493,purchase,,4.0,2025-04-28T00:00:00,4,False
I01045,U0165,P0305,purchase,,4.0,2025-01-17T00:00:00,1,False
I01046,U0209,P0267,view,,1.0,2025-03-07T00:00:00,3,False
I01047,U0133,P0181,purchase,,4.0,2024-08-11T00:00:00,8,False
I01048,U0003,P0123,view,,1.0,2025-01-06T00:00:00,1,False
I01049,U0175,P0053,rating,3.5,3.5,2025-03-21T00:00:00,3,False
I01050,U0112,P0110,rating,2.3,2.3,2024-09-09T00:00:00,9,False
I01051,U0061,P0463,view,,1.0,2025-02-18T00:00:00,2,False
I01052,U0095,P0006,cart,,2.0,2024-01-24T00:00:00,1,False
I01053,U0116,P0134,cart,,2.0,2024-02-19T00:00:00,2,False
I01054,U0206,P0464,view,,1.0,2025-05-12T00:00:00,5,False
I01055,U0079,P0413,view,,1.0,2024-03-19T00:00:00,3,False
I01056,U0070,P0066,view,,1.0,2024-01-27T00:00:00,1,False
I01057,U0015,P0500,cart,,2.0,2024-09-03T00:00:00,9,False
I01058,U0008,P0444,purchase,,4.0,2025-01-21T00:00:00,1,False
I01059,U0190,P0387,purchase,,4.0,2024-12-26T00:00:00,12,False
I01060,U0098,P0046,cart,,2.0,2025-05-02T00:00:00,5,False
I01061,U0096,P0101,view,,1.0,2024-09-12T00:00:00,9,False
I01062,U0222,P0431,view,,1.0,2024-01-01T00:00:00,1,False
I01063,U0034,P0055,view,,1.0,2025-03-21T00:00:00,3,False
I01064,U0079,P0116,purchase,,4.0,2024-08-23T00:00:00,8,False
I01065,U0078,P0330,view,,1.0,2024-12-14T00:00:00,12,False
I01066,U0098,P0493,view,,1.0,2024-03-22T00:00:00,3,False
I01067,U0199,P0161,view,,1.0,2025-04-21T00:00:00,4,False
I01068,U0159,P0269,cart,,2.0,2024-01-14T00:00:00,1,False
I01069,U0136,P0259,view,,1.0,2024-12-12T00:00:00,12,False
I01070,U0054,P0236,cart,,2.0,2025-01-20T00:00:00,1,False
I01071,U0209,P0315,view,,1.0,2024-12-22T00:00:00,12,False
I01072,U0206,P0432,cart,,2.0,2024-04-03T00:00:00,4,False
I01073,U0093,P0454,cart,,2.0,2024-12-05T00:00:00,12,False
I01074,U0085,P0030,cart,,2.0,2025-03-20T00:00:00,3,False
I01075,U0022,P0048,view,,1.0,2024-10-17T00:00:00,10,True
I01076,U0229,P0299,view,,1.0,2024-11-01T00:00:00,11,True
I01077,U0122,P0470,cart,,2.0,2024-05-07T00:00:00,5,False
I01078,U0113,P0361,view,,1.0,2024-09-29T00:00:00,9,False
I01079,U0080,P0458,rating,4.9,4.9,2025-03-17T00:00:00,3,False
I01080,U0081,P0232,view,,1.0,2024-11-20T00:00:00,11,True
I01081,U0069,P0397,view,,1.0,2025-03-23T00:00:00,3,False
I01082,U0016,P0104,view,,1.0,2024-06-13T00:00:00,6,False
I01083,U0232,P0091,cart,,2.0,2025-03-01T00:00:00,3,False
I01084,U0185,P0475,purchase,,4.0,2024-09-21T00:00:00,9,False
I01085,U0107,P0323,view,,1.0,2024-12-07T00:00:00,12,False
I01086,U0064,P0379,view,,1.0,2024-10-04T00:00:00,10,True
I01087,U0162,P0405,purchase,,4.0,2025-03-14T00:00:00,3,False
I01088,U0157,P0475,purchase,,4.0,2025-02-25T00:00:00,2,False
I01089,U0110,P0387,view,,1.0,2024-11-22T00:00:00,11,True
I01090,U0193,P0008,view,,1.0,2024-04-06T00:00:00,4,False
I01091,U0001,P0329,view,,1.0,2024-08-03T00:00:00,8,False
I01092,U0132,P0028,view,,1.0,2024-09-16T00:00:00,9,False
I01093,U0125,P0355,view,,1.0,2024-03-22T00:00:00,3,False
I01094,U0027,P0325,rating,4.6,4.6,2024-02-28T00:00:00,2,False
I01095,U0032,P0188,view,,1.0,2024-06-09T00:00:00,6,False
I01096,U0028,P0444,purchase,,4.0,2024-04-15T00:00:00,4,False
I01097,U0105,P0213,view,,1.0,2025-03-14T00:00:00,3,False
I01098,U0228,P0386,purchase,,4.0,2024-11-13T00:00:00,11,True
I01099,U0208,P0095,view,,1.0,2025-04-16T00:00:00,4,False
I01100,U0056,P0140,cart,,2.0,2024-01-13T00:00:00,1,False
I01101,U0184,P0158,view,,1.0,2024-01-18T00:00:00,1,False
I01102,U0182,P0117,cart,,2.0,2024-04-22T00:00:00,4,False
I01103,U0229,P0338,purchase,,4.0,2024-06-19T00:00:00,6,False
I01104,U0039,P0449,rating,4.8,4.8,2024-07-07T00:00:00,7,False
I01105,U0151,P0326,view,,1.0,2024-06-30T00:00:00,6,False
I01106,U0030,P0326,view,,1.0,2024-03-11T00:00:00,3,False
I01107,U0146,P0402,view,,1.0,2024-10-22T00:00:00,10,True
I01108,U0070,P0062,view,,1.0,2025-04-14T00:00:00,4,False
I01109,U0193,P0346,view,,1.0,2024-03-08T00:00:00,3,False
I01110,U0238,P0203,view,,1.0,2024-02-21T00:00:00,2,False
I01111,U0114,P0402,cart,,2.0,2024-12-28T00:00:00,12,False
I01112,U0029,P0063,view,,1.0,2025-04-18T00:00:00,4,False
I01113,U0078,P0045,purchase,,4.0,2025-03-06T00:00:00,3,False
I01114,U0076,P0196,view,,1.0,2024-10-24T00:00:00,10,True
I01115,U0179,P0202,cart,,2.0,2024-07-16T00:00:00,7,False
I01116,U0128,P0188,cart,,2.0,2025-02-14T00:00:00,2,False
I01117,U0166,P0101,cart,,2.0,2024-03-05T00:00:00,3,False
I01118,U0182,P0223,purchase,,4.0,2024-08-28T00:00:00,8,False
I01119,U0113,P0257,view,,1.0,2025-01-18T00:00:00,1,False
I01120,U0175,P0192,view,,1.0,2024-03-23T00:00:00,3,False
I01121,U0214,P0140,cart,,2.0,2024-10-12T00:00:00,10,True
I01122,U0221,P0383,view,,1.0,2025-04-03T00:00:00,4,False
I01123,U0212,P0221,view,,1.0,2024-05-05T00:00:00,5,False
I01124,U0157,P0439,view,,1.0,2025-05-13T00:00:00,5,False
I01125,U0169,P0286,view,,1.0,2024-06-06T00:00:00,6,False
I01126,U0112,P0220,purchase,,4.0,2025-02-05T00:00:00,2,False
I01127,U0122,P0290,view,,1.0,2024-09-29T00:00:00,9,False
I01128,U0038,P0114,cart,,2.0,2025-02-01T00:00:00,2,False
I01129,U0215,P0052,purchase,,4.0,2024-07-25T00:00:00,7,False
I01130,U0110,P0499,view,,1.0,2025-03-15T00:00:00,3,False
I01131,U0022,P0319,view,,1.0,2025-04-26T00:00:00,4,False
I01132,U0035,P0439,purchase,,4.0,2024-04-23T00:00:00,4,False
I01133,U0125,P0050,cart,,2.0,2025-04-21T00:00:00,4,False
I01134,U0198,P0014,purchase,,4.0,2024-11-16T00:00:00,11,True
I01135,U0179,P0377,view,,1.0,2024-08-06T00:00:00,8,False
I01136,U0021,P0346,cart,,2.0,2025-05-06T00:00:00,5,False
I01137,U0123,P0460,cart,,2.0,2024-03-01T00:00:00,3,False
I01138,U0054,P0025,view,,1.0,2024-03-05T00:00:00,3,False
I01139,U0100,P0322,purchase,,4.0,2024-06-19T00:00:00,6,False
I01140,U0017,P0320,view,,1.0,2025-01-25T00:00:00,1,False
I01141,U0172,P0464,view,,1.0,2024-11-22T00:00:00,11,True
I01142,U0108,P0237,view,,1.0,2024-06-10T00:00:00,6,False
I01143,U0046,P0463,cart,,2.0,2025-03-27T00:00:00,3,False
I01144,U0206,P0178,view,,1.0,2024-01-16T00:00:00,1,False
I01145,U0071,P0298,view,,1.0,2024-01-02T00:00:00,1,False
I01146,U0010,P0241,view,,1.0,2025-03-09T00:00:00,3,False
I01147,U0125,P0008,cart,,2.0,2024-03-21T00:00:00,3,False
I01148,U0229,P0481,rating,4.0,4.0,2024-05-29T00:00:00,5,False
I01149,U0032,P0413,view,,1.0,2024-12-05T00:00:00,12,False
I01150,U0129,P0305,view,,1.0,2025-03-13T00:00:00,3,False
I01151,U0239,P0106,view,,1.0,2025-05-15T00:00:00,5,False
I01152,U0058,P0336,cart,,2.0,2024-07-16T00:00:00,7,False
I01153,U0211,P0097,cart,,2.0,2024-02-14T00:00:00,2,False
I01154,U0097,P0288,rating,4.6,4.6,2024-10-05T00:00:00,10,True
I01155,U0055,P0027,view,,1.0,2024-08-06T00:00:00,8,False
I01156,U0185,P0290,view,,1.0,2024-03-09T00:00:00,3,False
I01157,U0061,P0164,view,,1.0,2024-05-09T00:00:00,5,False
I01158,U0055,P0028,cart,,2.0,2024-11-29T00:00:00,11,True
I01159,U0157,P0307,purchase,,4.0,2024-06-02T00:00:00,6,False
I01160,U0035,P0221,view,,1.0,2024-03-19T00:00:00,3,False
I01161,U0067,P0271,purchase,,4.0,2025-02-16T00:00:00,2,False
I01162,U0034,P0027,rating,4.7,4.7,2024-06-17T00:00:00,6,False
I01163,U0169,P0199,view,,1.0,2025-05-29T00:00:00,5,False
I01164,U0058,P0308,cart,,2.0,2024-02-01T00:00:00,2,False
I01165,U0031,P0169,purchase,,4.0,2024-02-12T00:00:00,2,False
I01166,U0135,P0163,cart,,2.0,2024-01-01T00:00:00,1,False
I01167,U0061,P0339,view,,1.0,2024-09-26T00:00:00,9,False
I01168,U0180,P0391,view,,1.0,2025-06-01T00:00:00,6,False
I01169,U0103,P0349,cart,,2.0,2024-01-10T00:00:00,1,False
I01170,U0071,P0050,view,,1.0,2024-03-30T00:00:00,3,False
I01171,U0226,P0229,rating,3.7,3.7,2024-05-05T00:00:00,5,False
I01172,U0115,P0141,view,,1.0,2024-07-09T00:00:00,7,False
I01173,U0239,P0217,purchase,,4.0,2024-02-25T00:00:00,2,False
I01174,U0208,P0213,view,,1.0,2024-02-01T00:00:00,2,False
I01175,U0015,P0287,purchase,,4.0,2024-10-10T00:00:00,10,True
I01176,U0209,P0006,view,,1.0,2025-05-08T00:00:00,5,False
I01177,U0187,P0093,view,,1.0,2025-05-12T00:00:00,5,False
I01178,U0186,P0144,view,,1.0,2024-05-09T00:00:00,5,False
I01179,U0127,P0384,view,,1.0,2024-10-18T00:00:00,10,True
I01180,U0114,P0099,view,,1.0,2024-07-17T00:00:00,7,False
I01181,U0013,P0222,cart,,2.0,2024-09-27T00:00:00,9,False
I01182,U0089,P0489,view,,1.0,2024-08-02T00:00:00,8,False
I01183,U0188,P0144,view,,1.0,2025-05-26T00:00:00,5,False
I01184,U0191,P0203,cart,,2.0,2024-03-14T00:00:00,3,False
I01185,U0025,P0287,cart,,2.0,2024-04-10T00:00:00,4,False
I01186,U0176,P0286,view,,1.0,2025-03-02T00:00:00,3,False
I01187,U0117,P0107,cart,,2.0,2024-06-14T00:00:00,6,False
I01188,U0041,P0248,view,,1.0,2025-03-04T00:00:00,3,False
I01189,U0088,P0029,view,,1.0,2025-02-27T00:00:00,2,False
I01190,U0110,P0352,view,,1.0,2024-04-29T00:00:00,4,False
I01191,U0097,P0376,view,,1.0,2024-08-16T00:00:00,8,False
I01192,U0057,P0341,view,,1.0,2024-05-09T00:00:00,5,False
I01193,U0096,P0110,view,,1.0,2024-11-13T00:00:00,11,True
I01194,U0216,P0117,view,,1.0,2024-12-02T00:00:00,12,False
I01195,U0017,P0245,cart,,2.0,2024-04-26T00:00:00,4,False
I01196,U0050,P0333,cart,,2.0,2025-01-02T00:00:00,1,False
I01197,U0094,P0432,cart,,2.0,2024-06-16T00:00:00,6,False
I01198,U0186,P0493,view,,1.0,2024-12-06T00:00:00,12,False
I01199,U0149,P0054,view,,1.0,2024-05-31T00:00:00,5,False
I01200,U0074,P0361,rating,2.9,2.9,2024-09-30T00:00:00,9,False
I01201,U0042,P0287,view,,1.0,2025-05-10T00:00:00,5,False
I01202,U0212,P0248,cart,,2.0,2024-04-10T00:00:00,4,False
I01203,U0045,P0474,cart,,2.0,2024-03-22T00:00:00,3,False
I01204,U0017,P0459,view,,1.0,2024-03-13T00:00:00,3,False
I01205,U0014,P0396,view,,1.0,2025-03-08T00:00:00,3,False
I01206,U0157,P0110,cart,,2.0,2024-05-11T00:00:00,5,False
I01207,U0082,P0211,rating,5.0,5.0,2025-02-07T00:00:00,2,False
I01208,U0108,P0355,cart,,2.0,2024-09-21T00:00:00,9,False
I01209,U0205,P0144,view,,1.0,2024-03-19T00:00:00,3,False
I01210,U0155,P0089,view,,1.0,2024-09-03T00:00:00,9,False
I01211,U0019,P0129,view,,1.0,2024-06-02T00:00:00,6,False
I01212,U0154,P0300,cart,,2.0,2024-04-01T00:00:00,4,False
I01213,U0177,P0499,view,,1.0,2024-12-03T00:00:00,12,False
I01214,U0224,P0061,view,,1.0,2024-05-10T00:00:00,5,False
I01215,U0194,P0366,cart,,2.0,2024-09-29T00:00:00,9,False
I01216,U0236,P0469,view,,1.0,2024-06-25T00:00:00,6,False
I01217,U0184,P0450,view,,1.0,2024-02-18T00:00:00,2,False
I01218,U0055,P0287,cart,,2.0,2024-12-20T00:00:00,12,False
I01219,U0200,P0359,view,,1.0,2024-11-03T00:00:00,11,True
I01220,U0100,P0002,purchase,,4.0,2024-02-15T00:00:00,2,False
I01221,U0046,P0464,cart,,2.0,2025-02-11T00:00:00,2,False
I01222,U0189,P0258,view,,1.0,2024-05-08T00:00:00,5,False
I01223,U0049,P0226,purchase,,4.0,2024-09-22T00:00:00,9,False
I01224,U0118,P0421,view,,1.0,2025-04-08T00:00:00,4,False
I01225,U0144,P0144,rating,5.0,5.0,2025-03-17T00:00:00,3,False
I01226,U0200,P0287,purchase,,4.0,2024-06-05T00:00:00,6,False
I01227,U0231,P0232,view,,1.0,2024-05-13T00:00:00,5,False
I01228,U0144,P0480,cart,,2.0,2024-05-27T00:00:00,5,False
I01229,U0080,P0456,purchase,,4.0,2024-03-11T00:00:00,3,False
I01230,U0233,P0343,view,,1.0,2024-11-29T00:00:00,11,True
I01231,U0043,P0090,view,,1.0,2024-03-30T00:00:00,3,False
I01232,U0078,P0459,view,,1.0,2024-07-17T00:00:00,7,False
I01233,U0161,P0053,view,,1.0,2024-04-30T00:00:00,4,False
I01234,U0045,P0322,view,,1.0,2025-03-11T00:00:00,3,False
I01235,U0068,P0121,view,,1.0,2025-04-03T00:00:00,4,False
I01236,U0002,P0445,purchase,,4.0,2025-02-01T00:00:00,2,False
I01237,U0108,P0344,view,,1.0,2024-10-12T00:00:00,10,True
I01238,U0049,P0308,view,,1.0,2024-05-19T00:00:00,5,False
I01239,U0218,P0393,view,,1.0,2024-10-08T00:00:00,10,True
I01240,U0149,P0480,view,,1.0,2025-04-01T00:00:00,4,False
I01241,U0087,P0222,view,,1.0,2024-03-19T00:00:00,3,False
I01242,U0205,P0256,cart,,2.0,2024-12-02T00:00:00,12,False
I01243,U0048,P0158,view,,1.0,2025-01-14T00:00:00,1,False
I01244,U0130,P0316,view,,1.0,2024-10-02T00:00:00,10,True
I01245,U0187,P0224,cart,,2.0,2024-07-01T00:00:00,7,False
I01246,U0012,P0408,view,,1.0,2024-11-17T00:00:00,11,True
I01247,U0100,P0130,view,,1.0,2024-03-18T00:00:00,3,False
I01248,U0016,P0469,view,,1.0,2024-12-04T00:00:00,12,False
I01249,U0162,P0116,view,,1.0,2025-05-23T00:00:00,5,False
I01250,U0238,P0329,view,,1.0,2024-05-13T00:00:00,5,False
I01251,U0205,P0189,cart,,2.0,2024-07-10T00:00:00,7,False
I01252,U0100,P0464,cart,,2.0,2024-10-04T00:00:00,10,True
I01253,U0018,P0440,view,,1.0,2024-06-28T00:00:00,6,False
I01254,U0123,P0396,view,,1.0,2024-09-02T00:00:00,9,False
I01255,U0222,P0144,view,,1.0,2025-01-07T00:00:00,1,False
I01256,U0051,P0422,rating,5.0,5.0,2024-03-11T00:00:00,3,False
I01257,U0084,P0063,view,,1.0,2024-06-03T00:00:00,6,False
I01258,U0053,P0243,purchase,,4.0,2024-12-22T00:00:00,12,False
I01259,U0048,P0479,view,,1.0,2025-03-18T00:00:00,3,False
I01260,U0069,P0420,cart,,2.0,2024-05-22T00:00:00,5,False
I01261,U0192,P0035,view,,1.0,2025-01-21T00:00:00,1,False
I01262,U0122,P0380,view,,1.0,2024-10-19T00:00:00,10,True
I01263,U0009,P0058,purchase,,4.0,2024-09-27T00:00:00,9,False
I01264,U0131,P0282,rating,5.0,5.0,2024-04-02T00:00:00,4,False
I01265,U0198,P0260,view,,1.0,2024-06-02T00:00:00,6,False
I01266,U0149,P0163,view,,1.0,2024-05-28T00:00:00,5,False
I01267,U0121,P0051,cart,,2.0,2024-09-23T00:00:00,9,False
I01268,U0166,P0434,view,,1.0,2025-04-16T00:00:00,4,False
I01269,U0125,P0243,cart,,2.0,2025-05-17T00:00:00,5,False
I01270,U0014,P0308,view,,1.0,2024-12-29T00:00:00,12,False
I01271,U0119,P0355,view,,1.0,2024-08-25T00:00:00,8,False
I01272,U0034,P0464,purchase,,4.0,2024-06-17T00:00:00,6,False
I01273,U0010,P0382,view,,1.0,2025-05-30T00:00:00,5,False
I01274,U0170,P0008,view,,1.0,2025-01-31T00:00:00,1,False
I01275,U0098,P0394,rating,4.4,4.4,2024-04-15T00:00:00,4,False
I01276,U0082,P0307,view,,1.0,2024-07-15T00:00:00,7,False
I01277,U0019,P0024,purchase,,4.0,2024-01-12T00:00:00,1,False
I01278,U0081,P0303,view,,1.0,2024-11-25T00:00:00,11,True
I01279,U0098,P0145,cart,,2.0,2025-01-26T00:00:00,1,False
I01280,U0125,P0404,view,,1.0,2024-11-02T00:00:00,11,True
I01281,U0011,P0150,cart,,2.0,2025-03-22T00:00:00,3,False
I01282,U0185,P0104,view,,1.0,2024-01-02T00:00:00,1,False
I01283,U0008,P0170,purchase,,4.0,2024-11-04T00:00:00,11,True
I01284,U0228,P0217,cart,,2.0,2025-04-13T00:00:00,4,False
I01285,U0212,P0245,cart,,2.0,2024-04-21T00:00:00,4,False
I01286,U0008,P0307,view,,1.0,2025-04-21T00:00:00,4,False
I01287,U0106,P0424,view,,1.0,2025-04-04T00:00:00,4,False
I01288,U0014,P0058,view,,1.0,2025-03-13T00:00:00,3,False
I01289,U0213,P0435,purchase,,4.0,2024-08-23T00:00:00,8,False
I01290,U0050,P0347,view,,1.0,2025-04-22T00:00:00,4,False
I01291,U0167,P0488,view,,1.0,2024-01-20T00:00:00,1,False
I01292,U0216,P0361,rating,4.2,4.2,2024-05-14T00:00:00,5,False
I01293,U0137,P0271,rating,4.5,4.5,2024-05-08T00:00:00,5,False
I01294,U0189,P0343,view,,1.0,2024-03-26T00:00:00,3,False
I01295,U0044,P0114,view,,1.0,2025-01-09T00:00:00,1,False
I01296,U0190,P0067,view,,1.0,2025-01-12T00:00:00,1,False
I01297,U0134,P0299,view,,1.0,2024-02-20T00:00:00,2,False
I01298,U0038,P0076,purchase,,4.0,2024-09-22T00:00:00,9,False
I01299,U0120,P0160,purchase,,4.0,2024-09-04T00:00:00,9,False
I01300,U0070,P0487,purchase,,4.0,2024-02-26T00:00:00,2,False
I01301,U0126,P0157,cart,,2.0,2024-02-08T00:00:00,2,False
I01302,U0216,P0230,cart,,2.0,2025-03-18T00:00:00,3,False
I01303,U0018,P0461,view,,1.0,2024-12-17T00:00:00,12,False
I01304,U0204,P0208,rating,4.4,4.4,2024-10-24T00:00:00,10,True
I01305,U0027,P0273,cart,,2.0,2024-04-19T00:00:00,4,False
I01306,U0180,P0349,purchase,,4.0,2024-01-25T00:00:00,1,False
I01307,U0075,P0287,view,,1.0,2024-02-26T00:00:00,2,False
I01308,U0180,P0044,view,,1.0,2024-08-19T00:00:00,8,False
I01309,U0126,P0471,rating,4.8,4.8,2024-12-08T00:00:00,12,False
I01310,U0018,P0405,cart,,2.0,2024-08-16T00:00:00,8,False
I01311,U0226,P0478,view,,1.0,2025-03-10T00:00:00,3,False
I01312,U0114,P0217,view,,1.0,2025-02-05T00:00:00,2,False
I01313,U0110,P0007,cart,,2.0,2024-03-28T00:00:00,3,False
I01314,U0072,P0163,view,,1.0,2024-11-04T00:00:00,11,True
I01315,U0138,P0059,view,,1.0,2024-12-08T00:00:00,12,False
I01316,U0180,P0448,purchase,,4.0,2024-06-25T00:00:00,6,False
I01317,U0139,P0049,view,,1.0,2024-07-12T00:00:00,7,False
I01318,U0186,P0116,view,,1.0,2024-08-05T00:00:00,8,False
I01319,U0164,P0218,view,,1.0,2024-06-09T00:00:00,6,False
I01320,U0175,P0341,view,,1.0,2024-02-11T00:00:00,2,False
I01321,U0147,P0447,cart,,2.0,2024-07-28T00:00:00,7,False
I01322,U0229,P0122,view,,1.0,2024-10-01T00:00:00,10,True
I01323,U0186,P0128,view,,1.0,2024-10-05T00:00:00,10,True
I01324,U0054,P0151,purchase,,4.0,2024-05-19T00:00:00,5,False
I01325,U0024,P0131,view,,1.0,2024-02-26T00:00:00,2,False
I01326,U0112,P0155,purchase,,4.0,2024-01-05T00:00:00,1,False
I01327,U0154,P0219,view,,1.0,2025-02-17T00:00:00,2,False
I01328,U0182,P0067,view,,1.0,2024-01-13T00:00:00,1,False
I01329,U0083,P0051,cart,,2.0,2024-09-15T00:00:00,9,False
I01330,U0090,P0398,view,,1.0,2024-09-06T00:00:00,9,False
I01331,U0076,P0006,purchase,,4.0,2024-04-17T00:00:00,4,False
I01332,U0156,P0321,rating,3.9,3.9,2025-04-29T00:00:00,4,False
I01333,U0214,P0287,view,,1.0,2024-09-14T00:00:00,9,False
I01334,U0127,P0193,view,,1.0,2024-10-08T00:00:00,10,True
I01335,U0218,P0343,purchase,,4.0,2024-03-28T00:00:00,3,False
I01336,U0204,P0293,view,,1.0,2024-01-16T00:00:00,1,False
I01337,U0151,P0458,purchase,,4.0,2024-09-10T00:00:00,9,False
I01338,U0188,P0172,view,,1.0,2024-11-24T00:00:00,11,True
I01339,U0032,P0449,cart,,2.0,2025-01-31T00:00:00,1,False
I01340,U0005,P0036,view,,1.0,2025-04-03T00:00:00,4,False
I01341,U0074,P0254,view,,1.0,2024-06-17T00:00:00,6,False
I01342,U0181,P0320,view,,1.0,2024-12-31T00:00:00,12,False
I01343,U0178,P0214,view,,1.0,2024-12-27T00:00:00,12,False
I01344,U0127,P0414,purchase,,4.0,2024-02-09T00:00:00,2,False
I01345,U0156,P0273,rating,4.6,4.6,2025-02-19T00:00:00,2,False
I01346,U0228,P0421,view,,1.0,2024-01-11T00:00:00,1,False
I01347,U0108,P0193,cart,,2.0,2024-01-26T00:00:00,1,False
I01348,U0189,P0009,cart,,2.0,2025-02-24T00:00:00,2,False
I01349,U0151,P0231,cart,,2.0,2024-08-08T00:00:00,8,False
I01350,U0085,P0200,view,,1.0,2025-05-10T00:00:00,5,False
I01351,U0237,P0161,view,,1.0,2024-08-24T00:00:00,8,False
I01352,U0219,P0163,view,,1.0,2025-05-01T00:00:00,5,False
I01353,U0168,P0282,rating,3.0,3.0,2025-04-05T00:00:00,4,False
I01354,U0151,P0211,view,,1.0,2024-05-23T00:00:00,5,False
I01355,U0222,P0297,view,,1.0,2024-07-07T00:00:00,7,False
I01356,U0068,P0252,cart,,2.0,2024-12-01T00:00:00,12,False
I01357,U0159,P0227,view,,1.0,2025-02-12T00:00:00,2,False
I01358,U0044,P0243,view,,1.0,2024-12-22T00:00:00,12,False
I01359,U0240,P0117,cart,,2.0,2024-12-18T00:00:00,12,False
I01360,U0220,P0343,cart,,2.0,2024-10-10T00:00:00,10,True
I01361,U0056,P0487,view,,1.0,2024-04-08T00:00:00,4,False
I01362,U0197,P0167,purchase,,4.0,2025-04-26T00:00:00,4,False
I01363,U0110,P0329,view,,1.0,2024-08-13T00:00:00,8,False
I01364,U0077,P0232,view,,1.0,2024-12-30T00:00:00,12,False
I01365,U0112,P0478,rating,3.9,3.9,2024-03-15T00:00:00,3,False
I01366,U0033,P0099,view,,1.0,2024-03-11T00:00:00,3,False
I01367,U0056,P0007,view,,1.0,2024-04-14T00:00:00,4,False
I01368,U0200,P0297,view,,1.0,2024-04-10T00:00:00,4,False
I01369,U0051,P0376,view,,1.0,2025-01-11T00:00:00,1,False
I01370,U0143,P0432,view,,1.0,2025-02-02T00:00:00,2,False
I01371,U0005,P0290,view,,1.0,2024-08-08T00:00:00,8,False
I01372,U0083,P0332,purchase,,4.0,2024-06-30T00:00:00,6,False
I01373,U0051,P0032,view,,1.0,2025-01-30T00:00:00,1,False
I01374,U0004,P0417,view,,1.0,2024-10-07T00:00:00,10,True
I01375,U0215,P0137,purchase,,4.0,2025-02-23T00:00:00,2,False
I01376,U0101,P0284,purchase,,4.0,2024-11-04T00:00:00,11,True
I01377,U0146,P0061,view,,1.0,2025-05-24T00:00:00,5,False
I01378,U0063,P0206,view,,1.0,2024-08-13T00:00:00,8,False
I01379,U0105,P0221,cart,,2.0,2025-02-28T00:00:00,2,False
I01380,U0173,P0483,view,,1.0,2025-03-09T00:00:00,3,False
I01381,U0207,P0015,view,,1.0,2024-01-28T00:00:00,1,False
I01382,U0170,P0216,purchase,,4.0,2024-12-01T00:00:00,12,False
I01383,U0076,P0361,view,,1.0,2024-03-09T00:00:00,3,False
I01384,U0098,P0343,cart,,2.0,2025-05-27T00:00:00,5,False
I01385,U0167,P0319,view,,1.0,2025-01-02T00:00:00,1,False
I01386,U0091,P0467,view,,1.0,2024-06-18T00:00:00,6,False
I01387,U0167,P0200,cart,,2.0,2024-03-30T00:00:00,3,False
I01388,U0049,P0290,purchase,,4.0,2025-03-21T00:00:00,3,False
I01389,U0038,P0267,purchase,,4.0,2024-05-29T00:00:00,5,False
I01390,U0132,P0232,cart,,2.0,2025-03-08T00:00:00,3,False
I01391,U0059,P0276,cart,,2.0,2024-07-17T00:00:00,7,False
I01392,U0215,P0097,purchase,,4.0,2025-04-16T00:00:00,4,False
I01393,U0232,P0382,purchase,,4.0,2024-09-03T00:00:00,9,False
I01394,U0126,P0207,view,,1.0,2024-08-26T00:00:00,8,False
I01395,U0159,P0365,cart,,2.0,2025-01-01T00:00:00,1,False
I01396,U0168,P0046,view,,1.0,2024-02-20T00:00:00,2,False
I01397,U0043,P0211,view,,1.0,2025-01-14T00:00:00,1,False
I01398,U0218,P0196,cart,,2.0,2024-03-20T00:00:00,3,False
I01399,U0185,P0427,view,,1.0,2025-01-01T00:00:00,1,False
I01400,U0205,P0386,view,,1.0,2025-03-27T00:00:00,3,False
I01401,U0208,P0266,purchase,,4.0,2025-04-22T00:00:00,4,False
I01402,U0236,P0222,cart,,2.0,2025-02-23T00:00:00,2,False
I01403,U0195,P0308,rating,4.2,4.2,2024-08-01T00:00:00,8,False
I01404,U0113,P0249,view,,1.0,2024-04-23T00:00:00,4,False
I01405,U0124,P0016,view,,1.0,2024-11-06T00:00:00,11,True
I01406,U0213,P0147,cart,,2.0,2024-02-13T00:00:00,2,False
I01407,U0159,P0445,cart,,2.0,2024-09-02T00:00:00,9,False
I01408,U0181,P0051,view,,1.0,2024-03-24T00:00:00,3,False
I01409,U0207,P0241,view,,1.0,2024-05-30T00:00:00,5,False
I01410,U0156,P0042,rating,4.0,4.0,2024-06-13T00:00:00,6,False
I01411,U0037,P0283,view,,1.0,2024-11-28T00:00:00,11,True
I01412,U0147,P0018,purchase,,4.0,2025-02-17T00:00:00,2,False
I01413,U0045,P0310,purchase,,4.0,2025-02-05T00:00:00,2,False
I01414,U0206,P0053,view,,1.0,2024-03-02T00:00:00,3,False
I01415,U0164,P0368,view,,1.0,2025-04-12T00:00:00,4,False
I01416,U0052,P0393,rating,2.2,2.2,2024-01-19T00:00:00,1,False
I01417,U0109,P0236,view,,1.0,2024-10-26T00:00:00,10,True
I01418,U0007,P0154,cart,,2.0,2025-03-03T00:00:00,3,False
I01419,U0117,P0265,cart,,2.0,2025-05-21T00:00:00,5,False
I01420,U0034,P0089,view,,1.0,2024-11-20T00:00:00,11,True
I01421,U0055,P0112,view,,1.0,2024-02-11T00:00:00,2,False
I01422,U0041,P0398,view,,1.0,2024-08-18T00:00:00,8,False
I01423,U0197,P0200,purchase,,4.0,2025-01-28T00:00:00,1,False
I01424,U0010,P0279,rating,4.9,4.9,2024-12-23T00:00:00,12,False
I01425,U0149,P0320,rating,3.3,3.3,2025-01-26T00:00:00,1,False
I01426,U0193,P0325,view,,1.0,2024-03-18T00:00:00,3,False
I01427,U0085,P0421,view,,1.0,2024-01-30T00:00:00,1,False
I01428,U0213,P0351,cart,,2.0,2024-02-18T00:00:00,2,False
I01429,U0009,P0377,cart,,2.0,2024-05-24T00:00:00,5,False
I01430,U0069,P0333,view,,1.0,2024-02-27T00:00:00,2,False
I01431,U0185,P0382,cart,,2.0,2025-04-23T00:00:00,4,False
I01432,U0052,P0190,purchase,,4.0,2025-03-20T00:00:00,3,False
I01433,U0040,P0287,view,,1.0,2024-06-19T00:00:00,6,False
I01434,U0063,P0481,view,,1.0,2024-05-26T00:00:00,5,False
I01435,U0228,P0189,view,,1.0,2024-11-01T00:00:00,11,True
I01436,U0161,P0162,view,,1.0,2025-03-21T00:00:00,3,False
I01437,U0221,P0008,view,,1.0,2025-01-12T00:00:00,1,False
I01438,U0108,P0488,cart,,2.0,2024-09-22T00:00:00,9,False
I01439,U0095,P0091,view,,1.0,2024-09-18T00:00:00,9,False
I01440,U0057,P0280,view,,1.0,2024-03-11T00:00:00,3,False
I01441,U0186,P0415,rating,4.5,4.5,2024-08-06T00:00:00,8,False
I01442,U0056,P0453,view,,1.0,2024-08-25T00:00:00,8,False
I01443,U0215,P0007,purchase,,4.0,2025-01-06T00:00:00,1,False
I01444,U0148,P0477,view,,1.0,2025-04-30T00:00:00,4,False
I01445,U0182,P0145,purchase,,4.0,2024-01-25T00:00:00,1,False
I01446,U0156,P0325,view,,1.0,2025-05-31T00:00:00,5,False
I01447,U0120,P0248,purchase,,4.0,2024-02-26T00:00:00,2,False
I01448,U0093,P0261,view,,1.0,2024-01-19T00:00:00,1,False
I01449,U0128,P0108,cart,,2.0,2024-07-11T00:00:00,7,False
I01450,U0237,P0386,view,,1.0,2025-01-21T00:00:00,1,False
I01451,U0170,P0230,view,,1.0,2024-10-03T00:00:00,10,True
I01452,U0227,P0051,view,,1.0,2024-11-18T00:00:00,11,True
I01453,U0153,P0150,view,,1.0,2024-08-24T00:00:00,8,False
I01454,U0230,P0478,purchase,,4.0,2024-02-24T00:00:00,2,False
I01455,U0212,P0482,cart,,2.0,2025-03-11T00:00:00,3,False
I01456,U0172,P0168,view,,1.0,2024-04-18T00:00:00,4,False
I01457,U0098,P0445,view,,1.0,2024-07-02T00:00:00,7,False
I01458,U0183,P0166,view,,1.0,2025-01-02T00:00:00,1,False
I01459,U0215,P0045,view,,1.0,2024-07-16T00:00:00,7,False
I01460,U0115,P0178,view,,1.0,2025-01-07T00:00:00,1,False
I01461,U0205,P0272,cart,,2.0,2025-05-11T00:00:00,5,False
I01462,U0087,P0168,cart,,2.0,2024-07-19T00:00:00,7,False
I01463,U0081,P0293,view,,1.0,2025-05-23T00:00:00,5,False
I01464,U0066,P0014,view,,1.0,2024-10-01T00:00:00,10,True
I01465,U0211,P0315,view,,1.0,2025-05-18T00:00:00,5,False
I01466,U0135,P0065,view,,1.0,2024-04-27T00:00:00,4,False
I01467,U0191,P0086,cart,,2.0,2024-02-11T00:00:00,2,False
I01468,U0059,P0436,view,,1.0,2024-11-24T00:00:00,11,True
I01469,U0017,P0058,view,,1.0,2024-10-09T00:00:00,10,True
I01470,U0175,P0294,view,,1.0,2024-09-14T00:00:00,9,False
I01471,U0063,P0253,view,,1.0,2024-01-19T00:00:00,1,False
I01472,U0017,P0478,view,,1.0,2025-02-26T00:00:00,2,False
I01473,U0210,P0227,view,,1.0,2025-01-07T00:00:00,1,False
I01474,U0199,P0473,view,,1.0,2024-03-21T00:00:00,3,False
I01475,U0039,P0052,purchase,,4.0,2025-02-27T00:00:00,2,False
I01476,U0173,P0097,view,,1.0,2025-01-22T00:00:00,1,False
I01477,U0230,P0465,view,,1.0,2024-07-22T00:00:00,7,False
I01478,U0196,P0322,view,,1.0,2024-10-11T00:00:00,10,True
I01479,U0201,P0123,purchase,,4.0,2024-07-14T00:00:00,7,False
I01480,U0051,P0157,purchase,,4.0,2024-01-14T00:00:00,1,False
I01481,U0069,P0500,view,,1.0,2024-05-25T00:00:00,5,False
I01482,U0170,P0460,cart,,2.0,2024-02-26T00:00:00,2,False
I01483,U0211,P0234,purchase,,4.0,2024-07-28T00:00:00,7,False
I01484,U0017,P0265,view,,1.0,2024-12-09T00:00:00,12,False
I01485,U0203,P0024,view,,1.0,2024-10-05T00:00:00,10,True
I01486,U0209,P0440,purchase,,4.0,2024-11-30T00:00:00,11,True
I01487,U0032,P0308,cart,,2.0,2024-09-08T00:00:00,9,False
I01488,U0009,P0133,view,,1.0,2024-09-27T00:00:00,9,False
I01489,U0156,P0408,rating,4.1,4.1,2025-02-22T00:00:00,2,False
I01490,U0214,P0199,view,,1.0,2024-07-29T00:00:00,7,False
I01491,U0109,P0436,view,,1.0,2024-03-16T00:00:00,3,False
I01492,U0148,P0326,view,,1.0,2024-11-16T00:00:00,11,True
I01493,U0213,P0158,view,,1.0,2025-03-08T00:00:00,3,False
I01494,U0109,P0182,view,,1.0,2024-02-16T00:00:00,2,False
I01495,U0123,P0035,purchase,,4.0,2024-04-05T00:00:00,4,False
I01496,U0190,P0138,rating,2.0,2.0,2024-04-12T00:00:00,4,False
I01497,U0174,P0147,cart,,2.0,2024-01-27T00:00:00,1,False
I01498,U0220,P0200,view,,1.0,2024-03-22T00:00:00,3,False
I01499,U0172,P0474,view,,1.0,2025-04-23T00:00:00,4,False
I01500,U0162,P0082,view,,1.0,2025-02-05T00:00:00,2,False
I01501,U0038,P0152,view,,1.0,2025-05-25T00:00:00,5,False
I01502,U0137,P0028,cart,,2.0,2025-05-08T00:00:00,5,False
I01503,U0200,P0417,view,,1.0,2024-09-11T00:00:00,9,False
I01504,U0179,P0355,view,,1.0,2025-01-23T00:00:00,1,False
I01505,U0142,P0461,view,,1.0,2024-06-06T00:00:00,6,False
I01506,U0004,P0104,view,,1.0,2024-06-15T00:00:00,6,False
I01507,U0212,P0414,cart,,2.0,2025-02-12T00:00:00,2,False
I01508,U0156,P0455,cart,,2.0,2024-07-22T00:00:00,7,False
I01509,U0194,P0039,view,,1.0,2024-08-22T00:00:00,8,False
I01510,U0206,P0101,cart,,2.0,2024-05-29T00:00:00,5,False
I01511,U0159,P0473,view,,1.0,2024-10-05T00:00:00,10,True
I01512,U0048,P0290,view,,1.0,2025-02-07T00:00:00,2,False
I01513,U0125,P0330,purchase,,4.0,2024-11-06T00:00:00,11,True
I01514,U0068,P0454,view,,1.0,2025-04-07T00:00:00,4,False
I01515,U0088,P0262,cart,,2.0,2024-08-04T00:00:00,8,False
I01516,U0001,P0015,cart,,2.0,2024-05-14T00:00:00,5,False
I01517,U0185,P0220,cart,,2.0,2024-12-16T00:00:00,12,False
I01518,U0140,P0157,purchase,,4.0,2024-05-12T00:00:00,5,False
I01519,U0108,P0289,cart,,2.0,2024-06-26T00:00:00,6,False
I01520,U0042,P0331,view,,1.0,2024-12-23T00:00:00,12,False
I01521,U0124,P0420,view,,1.0,2025-03-25T00:00:00,3,False
I01522,U0074,P0338,view,,1.0,2025-04-07T00:00:00,4,False
I01523,U0222,P0215,view,,1.0,2024-04-17T00:00:00,4,False
I01524,U0122,P0279,view,,1.0,2024-01-17T00:00:00,1,False
I01525,U0196,P0356,purchase,,4.0,2024-11-22T00:00:00,11,True
I01526,U0062,P0328,view,,1.0,2025-04-23T00:00:00,4,False
I01527,U0231,P0313,view,,1.0,2024-04-28T00:00:00,4,False
I01528,U0162,P0181,purchase,,4.0,2025-05-12T00:00:00,5,False
I01529,U0230,P0321,view,,1.0,2024-02-14T00:00:00,2,False
I01530,U0058,P0002,purchase,,4.0,2024-06-27T00:00:00,6,False
I01531,U0126,P0301,view,,1.0,2025-02-21T00:00:00,2,False
I01532,U0044,P0119,purchase,,4.0,2024-03-18T00:00:00,3,False
I01533,U0070,P0369,purchase,,4.0,2024-12-22T00:00:00,12,False
I01534,U0160,P0465,cart,,2.0,2025-05-29T00:00:00,5,False
I01535,U0214,P0198,cart,,2.0,2024-03-14T00:00:00,3,False
I01536,U0051,P0396,rating,4.4,4.4,2025-05-23T00:00:00,5,False
I01537,U0076,P0490,view,,1.0,2024-04-02T00:00:00,4,False
I01538,U0176,P0310,cart,,2.0,2025-06-02T00:00:00,6,False
I01539,U0013,P0459,view,,1.0,2025-01-10T00:00:00,1,False
I01540,U0066,P0365,view,,1.0,2024-01-04T00:00:00,1,False
I01541,U0138,P0247,cart,,2.0,2024-08-18T00:00:00,8,False
I01542,U0088,P0070,view,,1.0,2024-02-21T00:00:00,2,False
I01543,U0134,P0396,view,,1.0,2024-11-20T00:00:00,11,True
I01544,U0224,P0088,view,,1.0,2024-10-03T00:00:00,10,True
I01545,U0024,P0022,view,,1.0,2025-04-30T00:00:00,4,False
I01546,U0004,P0289,view,,1.0,2024-05-31T00:00:00,5,False
I01547,U0187,P0022,cart,,2.0,2025-04-27T00:00:00,4,False
I01548,U0003,P0235,cart,,2.0,2024-11-19T00:00:00,11,True
I01549,U0101,P0311,cart,,2.0,2024-06-16T00:00:00,6,False
I01550,U0176,P0351,view,,1.0,2024-11-05T00:00:00,11,True
I01551,U0035,P0224,view,,1.0,2025-04-23T00:00:00,4,False
I01552,U0056,P0431,view,,1.0,2025-04-17T00:00:00,4,False
I01553,U0040,P0133,cart,,2.0,2025-04-05T00:00:00,4,False
I01554,U0068,P0051,view,,1.0,2024-05-20T00:00:00,5,False
I01555,U0155,P0382,view,,1.0,2024-09-18T00:00:00,9,False
I01556,U0017,P0330,cart,,2.0,2025-02-23T00:00:00,2,False
I01557,U0232,P0250,purchase,,4.0,2024-08-28T00:00:00,8,False
I01558,U0099,P0474,cart,,2.0,2024-06-28T00:00:00,6,False
I01559,U0066,P0494,cart,,2.0,2024-12-13T00:00:00,12,False
I01560,U0171,P0312,view,,1.0,2025-04-18T00:00:00,4,False
I01561,U0022,P0046,purchase,,4.0,2025-01-01T00:00:00,1,False
I01562,U0107,P0050,rating,4.2,4.2,2025-03-14T00:00:00,3,False
I01563,U0140,P0307,view,,1.0,2024-03-24T00:00:00,3,False
I01564,U0103,P0435,view,,1.0,2024-01-13T00:00:00,1,False
I01565,U0041,P0234,view,,1.0,2025-05-07T00:00:00,5,False
I01566,U0012,P0311,cart,,2.0,2024-04-29T00:00:00,4,False
I01567,U0202,P0339,cart,,2.0,2024-12-18T00:00:00,12,False
I01568,U0057,P0116,view,,1.0,2024-02-09T00:00:00,2,False
I01569,U0118,P0330,view,,1.0,2024-12-01T00:00:00,12,False
I01570,U0128,P0067,purchase,,4.0,2024-06-21T00:00:00,6,False
I01571,U0035,P0344,view,,1.0,2024-09-15T00:00:00,9,False
I01572,U0120,P0273,cart,,2.0,2025-05-31T00:00:00,5,False
I01573,U0218,P0256,purchase,,4.0,2024-04-26T00:00:00,4,False
I01574,U0184,P0110,purchase,,4.0,2024-04-25T00:00:00,4,False
I01575,U0162,P0326,view,,1.0,2024-08-24T00:00:00,8,False
I01576,U0071,P0207,cart,,2.0,2024-03-06T00:00:00,3,False
I01577,U0070,P0315,rating,4.2,4.2,2025-03-22T00:00:00,3,False
I01578,U0160,P0265,rating,3.9,3.9,2025-03-16T00:00:00,3,False
I01579,U0140,P0193,view,,1.0,2025-01-29T00:00:00,1,False
I01580,U0070,P0200,purchase,,4.0,2024-03-31T00:00:00,3,False
I01581,U0238,P0249,purchase,,4.0,2024-03-10T00:00:00,3,False
I01582,U0166,P0258,purchase,,4.0,2024-08-01T00:00:00,8,False
I01583,U0084,P0199,cart,,2.0,2024-11-30T00:00:00,11,True
I01584,U0113,P0333,view,,1.0,2024-02-18T00:00:00,2,False
I01585,U0052,P0229,purchase,,4.0,2024-10-15T00:00:00,10,True
I01586,U0022,P0446,view,,1.0,2024-08-26T00:00:00,8,False
I01587,U0133,P0270,view,,1.0,2024-06-14T00:00:00,6,False
I01588,U0118,P0241,view,,1.0,2025-01-07T00:00:00,1,False
I01589,U0037,P0024,rating,3.6,3.6,2025-04-22T00:00:00,4,False
I01590,U0223,P0355,view,,1.0,2024-10-26T00:00:00,10,True
I01591,U0082,P0091,rating,2.3,2.3,2024-03-27T00:00:00,3,False
I01592,U0059,P0185,view,,1.0,2025-01-09T00:00:00,1,False
I01593,U0092,P0140,view,,1.0,2024-06-29T00:00:00,6,False
I01594,U0231,P0193,view,,1.0,2024-10-27T00:00:00,10,True
I01595,U0148,P0493,rating,5.0,5.0,2024-07-07T00:00:00,7,False
I01596,U0091,P0494,view,,1.0,2024-11-09T00:00:00,11,True
I01597,U0237,P0328,view,,1.0,2024-05-07T00:00:00,5,False
I01598,U0007,P0340,rating,4.8,4.8,2025-03-01T00:00:00,3,False
I01599,U0053,P0103,view,,1.0,2024-08-11T00:00:00,8,False
I01600,U0154,P0274,view,,1.0,2024-12-16T00:00:00,12,False
I01601,U0147,P0092,view,,1.0,2024-12-14T00:00:00,12,False
I01602,U0182,P0347,view,,1.0,2024-06-27T00:00:00,6,False
I01603,U0039,P0160,purchase,,4.0,2024-01-03T00:00:00,1,False
I01604,U0064,P0059,cart,,2.0,2024-01-29T00:00:00,1,False
I01605,U0116,P0339,purchase,,4.0,2024-04-06T00:00:00,4,False
I01606,U0102,P0439,view,,1.0,2025-03-17T00:00:00,3,False
I01607,U0203,P0200,purchase,,4.0,2025-02-14T00:00:00,2,False
I01608,U0225,P0113,view,,1.0,2024-01-21T00:00:00,1,False
I01609,U0039,P0417,cart,,2.0,2024-04-11T00:00:00,4,False
I01610,U0046,P0490,purchase,,4.0,2024-03-06T00:00:00,3,False
I01611,U0091,P0354,cart,,2.0,2024-06-12T00:00:00,6,False
I01612,U0203,P0026,cart,,2.0,2024-04-20T00:00:00,4,False
I01613,U0082,P0344,view,,1.0,2024-05-02T00:00:00,5,False
I01614,U0193,P0467,view,,1.0,2025-03-22T00:00:00,3,False
I01615,U0099,P0461,view,,1.0,2024-10-17T00:00:00,10,True
I01616,U0159,P0489,view,,1.0,2025-02-15T00:00:00,2,False
I01617,U0103,P0082,purchase,,4.0,2024-10-07T00:00:00,10,True
I01618,U0043,P0143,cart,,2.0,2025-04-30T00:00:00,4,False
I01619,U0084,P0359,rating,3.7,3.7,2024-02-20T00:00:00,2,False
I01620,U0130,P0379,purchase,,4.0,2024-07-28T00:00:00,7,False
I01621,U0126,P0232,view,,1.0,2025-05-06T00:00:00,5,False
I01622,U0192,P0310,view,,1.0,2024-09-14T00:00:00,9,False
I01623,U0162,P0320,cart,,2.0,2024-07-06T00:00:00,7,False
I01624,U0230,P0201,view,,1.0,2024-07-07T00:00:00,7,False
I01625,U0159,P0140,view,,1.0,2024-01-10T00:00:00,1,False
I01626,U0114,P0403,cart,,2.0,2024-03-16T00:00:00,3,False
I01627,U0164,P0238,rating,3.9,3.9,2025-05-16T00:00:00,5,False
I01628,U0240,P0450,cart,,2.0,2025-01-21T00:00:00,1,False
I01629,U0202,P0300,view,,1.0,2025-01-23T00:00:00,1,False
I01630,U0238,P0259,view,,1.0,2024-08-05T00:00:00,8,False
I01631,U0189,P0238,view,,1.0,2024-12-11T00:00:00,12,False
I01632,U0230,P0207,view,,1.0,2024-09-11T00:00:00,9,False
I01633,U0236,P0340,cart,,2.0,2024-01-26T00:00:00,1,False
I01634,U0072,P0325,view,,1.0,2024-09-17T00:00:00,9,False
I01635,U0015,P0054,view,,1.0,2024-05-02T00:00:00,5,False
I01636,U0144,P0260,purchase,,4.0,2024-09-13T00:00:00,9,False
I01637,U0144,P0088,purchase,,4.0,2025-02-24T00:00:00,2,False
I01638,U0003,P0287,view,,1.0,2024-02-16T00:00:00,2,False
I01639,U0095,P0290,view,,1.0,2024-07-26T00:00:00,7,False
I01640,U0055,P0340,view,,1.0,2024-05-28T00:00:00,5,False
I01641,U0066,P0367,rating,4.4,4.4,2025-03-13T00:00:00,3,False
I01642,U0155,P0310,view,,1.0,2024-03-30T00:00:00,3,False
I01643,U0186,P0046,view,,1.0,2024-12-23T00:00:00,12,False
I01644,U0174,P0258,view,,1.0,2024-08-04T00:00:00,8,False
I01645,U0139,P0343,view,,1.0,2025-03-31T00:00:00,3,False
I01646,U0008,P0402,view,,1.0,2024-07-17T00:00:00,7,False
I01647,U0064,P0224,view,,1.0,2025-04-30T00:00:00,4,False
I01648,U0021,P0198,view,,1.0,2024-07-18T00:00:00,7,False
I01649,U0115,P0393,view,,1.0,2025-03-23T00:00:00,3,False
I01650,U0020,P0188,view,,1.0,2024-09-20T00:00:00,9,False
I01651,U0058,P0216,cart,,2.0,2024-10-28T00:00:00,10,True
I01652,U0031,P0480,view,,1.0,2025-05-12T00:00:00,5,False
I01653,U0093,P0097,view,,1.0,2024-09-27T00:00:00,9,False
I01654,U0094,P0489,view,,1.0,2025-01-28T00:00:00,1,False
I01655,U0029,P0413,view,,1.0,2025-05-16T00:00:00,5,False
I01656,U0080,P0454,cart,,2.0,2024-03-24T00:00:00,3,False
I01657,U0109,P0054,view,,1.0,2024-12-07T00:00:00,12,False
I01658,U0071,P0036,view,,1.0,2025-02-10T00:00:00,2,False
I01659,U0169,P0369,rating,4.9,4.9,2024-04-02T00:00:00,4,False
I01660,U0225,P0490,view,,1.0,2025-05-19T00:00:00,5,False
I01661,U0073,P0211,cart,,2.0,2024-09-05T00:00:00,9,False
I01662,U0091,P0070,view,,1.0,2024-08-03T00:00:00,8,False
I01663,U0205,P0282,view,,1.0,2024-08-07T00:00:00,8,False
I01664,U0072,P0134,cart,,2.0,2024-08-08T00:00:00,8,False
I01665,U0133,P0135,view,,1.0,2024-02-11T00:00:00,2,False
I01666,U0164,P0309,cart,,2.0,2024-10-09T00:00:00,10,True
I01667,U0058,P0325,view,,1.0,2024-03-13T00:00:00,3,False
I01668,U0117,P0437,rating,4.2,4.2,2024-05-08T00:00:00,5,False
I01669,U0087,P0419,cart,,2.0,2025-03-01T00:00:00,3,False
I01670,U0180,P0014,view,,1.0,2024-05-04T00:00:00,5,False
I01671,U0067,P0398,view,,1.0,2024-01-06T00:00:00,1,False
I01672,U0125,P0159,view,,1.0,2024-11-09T00:00:00,11,True
I01673,U0070,P0175,view,,1.0,2025-05-20T00:00:00,5,False
I01674,U0082,P0420,cart,,2.0,2024-01-02T00:00:00,1,False
I01675,U0204,P0036,view,,1.0,2025-02-07T00:00:00,2,False
I01676,U0103,P0007,view,,1.0,2025-01-02T00:00:00,1,False
I01677,U0212,P0397,view,,1.0,2024-07-27T00:00:00,7,False
I01678,U0129,P0396,view,,1.0,2024-04-26T00:00:00,4,False
I01679,U0116,P0068,view,,1.0,2025-04-22T00:00:00,4,False
I01680,U0105,P0388,view,,1.0,2025-05-09T00:00:00,5,False
I01681,U0003,P0231,view,,1.0,2024-02-15T00:00:00,2,False
I01682,U0055,P0427,view,,1.0,2024-11-26T00:00:00,11,True
I01683,U0216,P0193,view,,1.0,2025-05-06T00:00:00,5,False
I01684,U0045,P0355,view,,1.0,2025-03-24T00:00:00,3,False
I01685,U0024,P0120,view,,1.0,2025-05-25T00:00:00,5,False
I01686,U0202,P0273,cart,,2.0,2025-04-28T00:00:00,4,False
I01687,U0208,P0428,view,,1.0,2024-01-16T00:00:00,1,False
I01688,U0059,P0154,rating,3.6,3.6,2024-08-30T00:00:00,8,False
I01689,U0226,P0188,view,,1.0,2024-04-24T00:00:00,4,False
I01690,U0068,P0238,cart,,2.0,2024-10-25T00:00:00,10,True
I01691,U0069,P0014,view,,1.0,2025-04-27T00:00:00,4,False
I01692,U0141,P0217,view,,1.0,2025-01-28T00:00:00,1,False
I01693,U0075,P0185,view,,1.0,2025-04-26T00:00:00,4,False
I01694,U0103,P0298,view,,1.0,2024-10-23T00:00:00,10,True
I01695,U0234,P0041,cart,,2.0,2024-06-26T00:00:00,6,False
I01696,U0215,P0235,purchase,,4.0,2024-11-10T00:00:00,11,True
I01697,U0039,P0488,rating,3.7,3.7,2024-09-15T00:00:00,9,False
I01698,U0204,P0329,rating,3.8,3.8,2024-01-07T00:00:00,1,False
I01699,U0176,P0142,view,,1.0,2024-01-02T00:00:00,1,False
I01700,U0233,P0238,cart,,2.0,2025-03-30T00:00:00,3,False
I01701,U0160,P0055,cart,,2.0,2024-10-02T00:00:00,10,True
I01702,U0117,P0308,rating,4.2,4.2,2024-01-28T00:00:00,1,False
I01703,U0077,P0365,purchase,,4.0,2024-01-01T00:00:00,1,False
I01704,U0188,P0414,view,,1.0,2024-02-25T00:00:00,2,False
I01705,U0035,P0151,cart,,2.0,2024-04-21T00:00:00,4,False
I01706,U0030,P0256,rating,4.6,4.6,2024-11-05T00:00:00,11,True
I01707,U0080,P0360,view,,1.0,2024-11-20T00:00:00,11,True
I01708,U0128,P0321,view,,1.0,2024-11-02T00:00:00,11,True
I01709,U0022,P0391,view,,1.0,2024-04-18T00:00:00,4,False
I01710,U0116,P0321,cart,,2.0,2024-12-22T00:00:00,12,False
I01711,U0181,P0129,purchase,,4.0,2024-12-21T00:00:00,12,False
I01712,U0164,P0190,cart,,2.0,2024-03-08T00:00:00,3,False
I01713,U0036,P0310,purchase,,4.0,2024-06-29T00:00:00,6,False
I01714,U0210,P0258,rating,2.7,2.7,2025-03-09T00:00:00,3,False
I01715,U0208,P0461,view,,1.0,2024-03-06T00:00:00,3,False
I01716,U0021,P0336,purchase,,4.0,2025-01-18T00:00:00,1,False
I01717,U0044,P0196,view,,1.0,2024-02-08T00:00:00,2,False
I01718,U0029,P0314,rating,3.2,3.2,2024-12-01T00:00:00,12,False
I01719,U0223,P0081,view,,1.0,2024-04-10T00:00:00,4,False
I01720,U0002,P0097,cart,,2.0,2024-06-24T00:00:00,6,False
I01721,U0238,P0458,view,,1.0,2024-02-28T00:00:00,2,False
I01722,U0097,P0249,rating,4.0,4.0,2024-04-08T00:00:00,4,False
I01723,U0186,P0187,view,,1.0,2025-05-09T00:00:00,5,False
I01724,U0179,P0493,purchase,,4.0,2025-05-28T00:00:00,5,False
I01725,U0041,P0443,view,,1.0,2024-07-29T00:00:00,7,False
I01726,U0123,P0466,view,,1.0,2024-08-16T00:00:00,8,False
I01727,U0082,P0089,view,,1.0,2025-01-22T00:00:00,1,False
I01728,U0140,P0457,rating,3.4,3.4,2025-01-25T00:00:00,1,False
I01729,U0032,P0367,view,,1.0,2024-03-14T00:00:00,3,False
I01730,U0171,P0338,cart,,2.0,2024-03-09T00:00:00,3,False
I01731,U0045,P0355,view,,1.0,2024-12-27T00:00:00,12,False
I01732,U0137,P0414,view,,1.0,2025-03-08T00:00:00,3,False
I01733,U0161,P0051,cart,,2.0,2024-04-09T00:00:00,4,False
I01734,U0146,P0285,view,,1.0,2024-01-09T00:00:00,1,False
I01735,U0062,P0360,view,,1.0,2024-01-29T00:00:00,1,False
I01736,U0125,P0388,view,,1.0,2024-04-23T00:00:00,4,False
I01737,U0206,P0235,view,,1.0,2024-05-22T00:00:00,5,False
I01738,U0134,P0092,view,,1.0,2024-06-05T00:00:00,6,False
I01739,U0079,P0142,view,,1.0,2024-09-16T00:00:00,9,False
I01740,U0082,P0458,rating,4.1,4.1,2025-03-16T00:00:00,3,False
I01741,U0177,P0167,rating,4.6,4.6,2024-06-20T00:00:00,6,False
I01742,U0020,P0140,cart,,2.0,2024-04-21T00:00:00,4,False
I01743,U0217,P0129,cart,,2.0,2024-11-08T00:00:00,11,True
I01744,U0230,P0043,view,,1.0,2025-04-05T00:00:00,4,False
I01745,U0196,P0262,purchase,,4.0,2025-04-06T00:00:00,4,False
I01746,U0097,P0292,cart,,2.0,2024-04-01T00:00:00,4,False
I01747,U0052,P0273,purchase,,4.0,2025-06-03T00:00:00,6,False
I01748,U0044,P0256,view,,1.0,2024-04-07T00:00:00,4,False
I01749,U0236,P0028,cart,,2.0,2025-01-08T00:00:00,1,False
I01750,U0069,P0497,view,,1.0,2024-08-21T00:00:00,8,False
I01751,U0032,P0192,view,,1.0,2024-10-15T00:00:00,10,True
I01752,U0126,P0445,cart,,2.0,2024-04-23T00:00:00,4,False
I01753,U0204,P0316,view,,1.0,2024-01-29T00:00:00,1,False
I01754,U0131,P0424,purchase,,4.0,2025-04-18T00:00:00,4,False
I01755,U0185,P0308,view,,1.0,2024-09-09T00:00:00,9,False
I01756,U0030,P0272,purchase,,4.0,2025-01-20T00:00:00,1,False
I01757,U0062,P0028,purchase,,4.0,2025-05-29T00:00:00,5,False
I01758,U0174,P0153,view,,1.0,2024-05-20T00:00:00,5,False
I01759,U0231,P0240,rating,4.1,4.1,2024-10-26T00:00:00,10,True
I01760,U0163,P0027,view,,1.0,2024-11-06T00:00:00,11,True
I01761,U0215,P0306,purchase,,4.0,2025-01-27T00:00:00,1,False
I01762,U0130,P0033,view,,1.0,2025-03-20T00:00:00,3,False
I01763,U0041,P0264,view,,1.0,2024-06-20T00:00:00,6,False
I01764,U0064,P0187,purchase,,4.0,2024-01-31T00:00:00,1,False
I01765,U0236,P0176,view,,1.0,2024-02-16T00:00:00,2,False
I01766,U0130,P0254,view,,1.0,2024-12-17T00:00:00,12,False
I01767,U0210,P0036,cart,,2.0,2024-02-27T00:00:00,2,False
I01768,U0106,P0095,view,,1.0,2024-11-25T00:00:00,11,True
I01769,U0056,P0386,view,,1.0,2025-01-17T00:00:00,1,False
I01770,U0217,P0433,view,,1.0,2024-06-10T00:00:00,6,False
I01771,U0229,P0117,purchase,,4.0,2024-10-12T00:00:00,10,True
I01772,U0071,P0420,view,,1.0,2025-03-29T00:00:00,3,False
I01773,U0118,P0238,view,,1.0,2025-01-31T00:00:00,1,False
I01774,U0003,P0269,view,,1.0,2024-01-26T00:00:00,1,False
I01775,U0057,P0271,cart,,2.0,2024-05-05T00:00:00,5,False
I01776,U0152,P0428,purchase,,4.0,2024-07-16T00:00:00,7,False
I01777,U0043,P0271,view,,1.0,2024-07-06T00:00:00,7,False
I01778,U0186,P0199,cart,,2.0,2025-04-28T00:00:00,4,False
I01779,U0194,P0428,purchase,,4.0,2024-12-19T00:00:00,12,False
I01780,U0218,P0431,cart,,2.0,2024-04-09T00:00:00,4,False
I01781,U0104,P0058,view,,1.0,2024-10-04T00:00:00,10,True
I01782,U0181,P0269,cart,,2.0,2025-05-05T00:00:00,5,False
I01783,U0125,P0054,view,,1.0,2024-09-20T00:00:00,9,False
I01784,U0098,P0233,cart,,2.0,2024-11-24T00:00:00,11,True
I01785,U0115,P0303,cart,,2.0,2024-10-02T00:00:00,10,True
I01786,U0232,P0106,view,,1.0,2024-10-07T00:00:00,10,True
I01787,U0019,P0231,view,,1.0,2024-11-23T00:00:00,11,True
I01788,U0211,P0112,purchase,,4.0,2024-01-26T00:00:00,1,False
I01789,U0027,P0336,purchase,,4.0,2024-03-23T00:00:00,3,False
I01790,U0128,P0099,view,,1.0,2025-02-16T00:00:00,2,False
I01791,U0167,P0097,view,,1.0,2024-06-17T00:00:00,6,False
I01792,U0033,P0428,view,,1.0,2024-08-16T00:00:00,8,False
I01793,U0211,P0189,view,,1.0,2025-01-01T00:00:00,1,False
I01794,U0016,P0460,rating,4.4,4.4,2024-03-12T00:00:00,3,False
I01795,U0197,P0177,cart,,2.0,2024-10-08T00:00:00,10,True
I01796,U0133,P0081,purchase,,4.0,2024-09-25T00:00:00,9,False
I01797,U0156,P0129,view,,1.0,2024-01-18T00:00:00,1,False
I01798,U0117,P0458,view,,1.0,2024-05-23T00:00:00,5,False
I01799,U0205,P0273,view,,1.0,2025-02-25T00:00:00,2,False
I01800,U0130,P0297,view,,1.0,2025-01-03T00:00:00,1,False
I01801,U0134,P0005,cart,,2.0,2024-02-19T00:00:00,2,False
I01802,U0166,P0294,view,,1.0,2024-04-15T00:00:00,4,False
I01803,U0216,P0350,cart,,2.0,2025-02-28T00:00:00,2,False
I01804,U0072,P0271,view,,1.0,2025-03-21T00:00:00,3,False
I01805,U0157,P0051,cart,,2.0,2024-07-04T00:00:00,7,False
I01806,U0070,P0006,view,,1.0,2024-05-29T00:00:00,5,False
I01807,U0006,P0325,view,,1.0,2024-04-08T00:00:00,4,False
I01808,U0142,P0374,view,,1.0,2024-10-04T00:00:00,10,True
I01809,U0051,P0497,view,,1.0,2025-03-30T00:00:00,3,False
I01810,U0104,P0119,view,,1.0,2024-08-20T00:00:00,8,False
I01811,U0138,P0391,view,,1.0,2025-05-15T00:00:00,5,False
I01812,U0183,P0097,purchase,,4.0,2024-09-07T00:00:00,9,False
I01813,U0009,P0400,cart,,2.0,2024-03-19T00:00:00,3,False
I01814,U0052,P0359,view,,1.0,2024-08-13T00:00:00,8,False
I01815,U0051,P0055,view,,1.0,2024-07-04T00:00:00,7,False
I01816,U0034,P0251,rating,3.1,3.1,2024-05-10T00:00:00,5,False
I01817,U0234,P0107,cart,,2.0,2025-03-18T00:00:00,3,False
I01818,U0070,P0364,cart,,2.0,2025-03-07T00:00:00,3,False
I01819,U0192,P0422,cart,,2.0,2025-05-11T00:00:00,5,False
I01820,U0147,P0471,cart,,2.0,2024-11-18T00:00:00,11,True
I01821,U0210,P0272,cart,,2.0,2024-11-24T00:00:00,11,True
I01822,U0116,P0221,rating,3.1,3.1,2025-04-04T00:00:00,4,False
I01823,U0094,P0059,purchase,,4.0,2025-03-27T00:00:00,3,False
I01824,U0197,P0199,view,,1.0,2024-05-08T00:00:00,5,False
I01825,U0091,P0231,purchase,,4.0,2024-01-29T00:00:00,1,False
I01826,U0210,P0455,view,,1.0,2024-11-28T00:00:00,11,True
I01827,U0041,P0326,view,,1.0,2024-05-09T00:00:00,5,False
I01828,U0037,P0282,view,,1.0,2024-06-21T00:00:00,6,False
I01829,U0208,P0419,purchase,,4.0,2024-01-24T00:00:00,1,False
I01830,U0099,P0202,view,,1.0,2025-02-09T00:00:00,2,False
I01831,U0100,P0310,view,,1.0,2024-05-18T00:00:00,5,False
I01832,U0058,P0134,cart,,2.0,2024-06-22T00:00:00,6,False
I01833,U0029,P0068,cart,,2.0,2025-05-10T00:00:00,5,False
I01834,U0143,P0376,view,,1.0,2024-12-16T00:00:00,12,False
I01835,U0042,P0055,view,,1.0,2024-10-25T00:00:00,10,True
I01836,U0208,P0415,cart,,2.0,2024-07-10T00:00:00,7,False
I01837,U0160,P0471,rating,4.5,4.5,2024-03-04T00:00:00,3,False
I01838,U0002,P0177,view,,1.0,2024-08-02T00:00:00,8,False
I01839,U0066,P0196,view,,1.0,2024-06-14T00:00:00,6,False
I01840,U0031,P0343,rating,3.9,3.9,2024-08-19T00:00:00,8,False
I01841,U0078,P0218,rating,3.9,3.9,2024-10-30T00:00:00,10,True
I01842,U0065,P0366,cart,,2.0,2025-03-12T00:00:00,3,False
I01843,U0067,P0308,cart,,2.0,2025-05-16T00:00:00,5,False
I01844,U0090,P0296,view,,1.0,2025-01-27T00:00:00,1,False
I01845,U0038,P0117,purchase,,4.0,2024-05-28T00:00:00,5,False
I01846,U0065,P0146,cart,,2.0,2025-02-08T00:00:00,2,False
I01847,U0027,P0124,view,,1.0,2024-12-27T00:00:00,12,False
I01848,U0123,P0017,view,,1.0,2024-07-16T00:00:00,7,False
I01849,U0044,P0475,view,,1.0,2024-12-21T00:00:00,12,False
I01850,U0028,P0133,purchase,,4.0,2025-03-04T00:00:00,3,False
I01851,U0017,P0250,view,,1.0,2025-01-13T00:00:00,1,False
I01852,U0168,P0204,view,,1.0,2025-05-20T00:00:00,5,False
I01853,U0131,P0481,cart,,2.0,2024-03-16T00:00:00,3,False
I01854,U0231,P0008,cart,,2.0,2024-09-04T00:00:00,9,False
I01855,U0046,P0417,view,,1.0,2024-08-02T00:00:00,8,False
I01856,U0158,P0472,view,,1.0,2024-03-09T00:00:00,3,False
I01857,U0137,P0184,view,,1.0,2024-03-25T00:00:00,3,False
I01858,U0011,P0199,purchase,,4.0,2024-03-09T00:00:00,3,False
I01859,U0099,P0075,cart,,2.0,2024-12-12T00:00:00,12,False
I01860,U0194,P0209,view,,1.0,2025-02-26T00:00:00,2,False
I01861,U0094,P0339,cart,,2.0,2024-06-22T00:00:00,6,False
I01862,U0165,P0020,purchase,,4.0,2024-04-24T00:00:00,4,False
I01863,U0220,P0124,view,,1.0,2024-01-31T00:00:00,1,False
I01864,U0011,P0208,rating,4.6,4.6,2024-12-08T00:00:00,12,False
I01865,U0027,P0286,purchase,,4.0,2024-01-02T00:00:00,1,False
I01866,U0103,P0477,view,,1.0,2024-04-10T00:00:00,4,False
I01867,U0021,P0091,view,,1.0,2024-02-27T00:00:00,2,False
I01868,U0133,P0374,view,,1.0,2024-12-06T00:00:00,12,False
I01869,U0093,P0316,purchase,,4.0,2024-01-20T00:00:00,1,False
I01870,U0061,P0275,purchase,,4.0,2024-02-07T00:00:00,2,False
I01871,U0148,P0249,rating,3.3,3.3,2025-01-20T00:00:00,1,False
I01872,U0121,P0037,purchase,,4.0,2024-01-26T00:00:00,1,False
I01873,U0198,P0184,cart,,2.0,2024-11-18T00:00:00,11,True
I01874,U0225,P0406,view,,1.0,2025-05-27T00:00:00,5,False
I01875,U0051,P0316,view,,1.0,2024-01-13T00:00:00,1,False
I01876,U0147,P0344,cart,,2.0,2025-01-05T00:00:00,1,False
I01877,U0035,P0478,purchase,,4.0,2024-11-27T00:00:00,11,True
I01878,U0094,P0475,view,,1.0,2024-09-17T00:00:00,9,False
I01879,U0226,P0099,view,,1.0,2024-07-23T00:00:00,7,False
I01880,U0185,P0021,view,,1.0,2025-01-21T00:00:00,1,False
I01881,U0124,P0229,cart,,2.0,2025-04-12T00:00:00,4,False
I01882,U0159,P0109,cart,,2.0,2024-03-09T00:00:00,3,False
I01883,U0216,P0236,view,,1.0,2024-04-13T00:00:00,4,False
I01884,U0161,P0076,purchase,,4.0,2024-07-18T00:00:00,7,False
I01885,U0216,P0449,view,,1.0,2024-07-30T00:00:00,7,False
I01886,U0016,P0193,cart,,2.0,2025-05-12T00:00:00,5,False
I01887,U0116,P0168,view,,1.0,2024-11-27T00:00:00,11,True
I01888,U0205,P0296,purchase,,4.0,2024-09-12T00:00:00,9,False
I01889,U0224,P0227,view,,1.0,2024-06-20T00:00:00,6,False
I01890,U0137,P0185,view,,1.0,2025-05-12T00:00:00,5,False
I01891,U0215,P0185,view,,1.0,2025-01-18T00:00:00,1,False
I01892,U0178,P0228,purchase,,4.0,2025-05-21T00:00:00,5,False
I01893,U0224,P0466,view,,1.0,2024-11-20T00:00:00,11,True
I01894,U0214,P0059,view,,1.0,2024-07-26T00:00:00,7,False
I01895,U0169,P0017,purchase,,4.0,2024-11-25T00:00:00,11,True
I01896,U0024,P0298,view,,1.0,2024-10-31T00:00:00,10,True
I01897,U0146,P0209,rating,3.3,3.3,2025-05-30T00:00:00,5,False
I01898,U0016,P0439,purchase,,4.0,2024-08-14T00:00:00,8,False
I01899,U0218,P0190,purchase,,4.0,2024-03-19T00:00:00,3,False
I01900,U0177,P0096,purchase,,4.0,2024-06-01T00:00:00,6,False
I01901,U0021,P0062,purchase,,4.0,2025-02-04T00:00:00,2,False
I01902,U0023,P0306,cart,,2.0,2024-02-26T00:00:00,2,False
I01903,U0235,P0089,view,,1.0,2024-07-04T00:00:00,7,False
I01904,U0142,P0025,view,,1.0,2024-06-06T00:00:00,6,False
I01905,U0019,P0429,purchase,,4.0,2024-12-24T00:00:00,12,False
I01906,U0184,P0076,view,,1.0,2025-04-10T00:00:00,4,False
I01907,U0151,P0029,cart,,2.0,2025-03-21T00:00:00,3,False
I01908,U0238,P0354,purchase,,4.0,2025-05-02T00:00:00,5,False
I01909,U0018,P0204,view,,1.0,2024-03-13T00:00:00,3,False
I01910,U0161,P0030,view,,1.0,2024-01-17T00:00:00,1,False
I01911,U0019,P0459,cart,,2.0,2024-11-21T00:00:00,11,True
I01912,U0227,P0191,view,,1.0,2024-07-20T00:00:00,7,False
I01913,U0088,P0455,view,,1.0,2025-02-03T00:00:00,2,False
I01914,U0218,P0134,view,,1.0,2025-03-20T00:00:00,3,False
I01915,U0222,P0123,view,,1.0,2025-01-17T00:00:00,1,False
I01916,U0113,P0314,view,,1.0,2024-01-07T00:00:00,1,False
I01917,U0016,P0264,cart,,2.0,2024-01-16T00:00:00,1,False
I01918,U0168,P0168,view,,1.0,2024-01-21T00:00:00,1,False
I01919,U0178,P0169,view,,1.0,2024-08-15T00:00:00,8,False
I01920,U0240,P0370,view,,1.0,2024-10-14T00:00:00,10,True
I01921,U0041,P0065,view,,1.0,2024-05-13T00:00:00,5,False
I01922,U0216,P0216,view,,1.0,2024-10-09T00:00:00,10,True
I01923,U0148,P0167,view,,1.0,2024-03-06T00:00:00,3,False
I01924,U0137,P0424,purchase,,4.0,2025-03-12T00:00:00,3,False
I01925,U0061,P0341,view,,1.0,2024-09-15T00:00:00,9,False
I01926,U0212,P0046,view,,1.0,2024-04-12T00:00:00,4,False
I01927,U0225,P0208,view,,1.0,2024-04-10T00:00:00,4,False
I01928,U0198,P0033,view,,1.0,2024-08-13T00:00:00,8,False
I01929,U0175,P0282,purchase,,4.0,2025-04-07T00:00:00,4,False
I01930,U0237,P0033,view,,1.0,2024-01-26T00:00:00,1,False
I01931,U0121,P0036,view,,1.0,2025-05-20T00:00:00,5,False
I01932,U0182,P0237,view,,1.0,2024-11-10T00:00:00,11,True
I01933,U0223,P0355,purchase,,4.0,2024-09-29T00:00:00,9,False
I01934,U0142,P0376,purchase,,4.0,2024-08-19T00:00:00,8,False
I01935,U0164,P0422,view,,1.0,2025-03-17T00:00:00,3,False
I01936,U0240,P0219,view,,1.0,2024-01-24T00:00:00,1,False
I01937,U0109,P0489,view,,1.0,2025-05-16T00:00:00,5,False
I01938,U0091,P0455,cart,,2.0,2024-01-25T00:00:00,1,False
I01939,U0187,P0315,view,,1.0,2024-10-14T00:00:00,10,True
I01940,U0116,P0453,purchase,,4.0,2024-12-03T00:00:00,12,False
I01941,U0110,P0338,view,,1.0,2024-02-06T00:00:00,2,False
I01942,U0026,P0487,purchase,,4.0,2024-05-16T00:00:00,5,False
I01943,U0227,P0421,view,,1.0,2024-11-15T00:00:00,11,True
I01944,U0072,P0272,view,,1.0,2024-06-30T00:00:00,6,False
I01945,U0106,P0384,cart,,2.0,2024-03-26T00:00:00,3,False
I01946,U0211,P0277,view,,1.0,2024-02-22T00:00:00,2,False
I01947,U0092,P0141,view,,1.0,2024-08-22T00:00:00,8,False
I01948,U0191,P0367,view,,1.0,2025-03-08T00:00:00,3,False
I01949,U0240,P0223,view,,1.0,2024-04-09T00:00:00,4,False
I01950,U0222,P0422,purchase,,4.0,2025-02-06T00:00:00,2,False
I01951,U0140,P0203,purchase,,4.0,2025-02-18T00:00:00,2,False
I01952,U0171,P0200,view,,1.0,2025-04-07T00:00:00,4,False
I01953,U0029,P0021,view,,1.0,2024-12-29T00:00:00,12,False
I01954,U0130,P0072,view,,1.0,2024-03-24T00:00:00,3,False
I01955,U0015,P0275,purchase,,4.0,2024-08-31T00:00:00,8,False
I01956,U0132,P0173,purchase,,4.0,2024-08-01T00:00:00,8,False
I01957,U0050,P0360,cart,,2.0,2024-06-14T00:00:00,6,False
I01958,U0023,P0302,view,,1.0,2024-02-28T00:00:00,2,False
I01959,U0090,P0489,cart,,2.0,2025-05-18T00:00:00,5,False
I01960,U0194,P0067,view,,1.0,2024-05-02T00:00:00,5,False
I01961,U0136,P0388,view,,1.0,2025-02-16T00:00:00,2,False
I01962,U0139,P0185,view,,1.0,2024-08-16T00:00:00,8,False
I01963,U0018,P0243,cart,,2.0,2025-03-14T00:00:00,3,False
I01964,U0050,P0150,cart,,2.0,2024-04-27T00:00:00,4,False
I01965,U0202,P0325,view,,1.0,2025-04-27T00:00:00,4,False
I01966,U0139,P0287,view,,1.0,2025-04-04T00:00:00,4,False
I01967,U0067,P0209,view,,1.0,2024-03-18T00:00:00,3,False
I01968,U0184,P0419,cart,,2.0,2025-02-15T00:00:00,2,False
I01969,U0075,P0469,rating,4.2,4.2,2024-10-21T00:00:00,10,True
I01970,U0025,P0338,purchase,,4.0,2024-01-21T00:00:00,1,False
I01971,U0138,P0322,cart,,2.0,2024-06-19T00:00:00,6,False
I01972,U0015,P0113,cart,,2.0,2024-07-29T00:00:00,7,False
I01973,U0048,P0050,cart,,2.0,2024-03-26T00:00:00,3,False
I01974,U0149,P0428,cart,,2.0,2025-01-06T00:00:00,1,False
I01975,U0236,P0290,view,,1.0,2025-04-24T00:00:00,4,False
I01976,U0050,P0355,view,,1.0,2024-05-30T00:00:00,5,False
I01977,U0141,P0329,view,,1.0,2024-03-09T00:00:00,3,False
I01978,U0004,P0266,view,,1.0,2025-01-05T00:00:00,1,False
I01979,U0163,P0245,view,,1.0,2024-04-10T00:00:00,4,False
I01980,U0149,P0068,cart,,2.0,2024-08-30T00:00:00,8,False
I01981,U0081,P0355,purchase,,4.0,2024-04-04T00:00:00,4,False
I01982,U0226,P0231,view,,1.0,2025-06-01T00:00:00,6,False
I01983,U0214,P0386,cart,,2.0,2024-03-07T00:00:00,3,False
I01984,U0140,P0058,view,,1.0,2024-01-12T00:00:00,1,False
I01985,U0237,P0093,purchase,,4.0,2025-02-02T00:00:00,2,False
I01986,U0151,P0453,cart,,2.0,2025-04-24T00:00:00,4,False
I01987,U0135,P0002,cart,,2.0,2024-08-09T00:00:00,8,False
I01988,U0156,P0397,view,,1.0,2025-03-03T00:00:00,3,False
I01989,U0158,P0314,view,,1.0,2025-02-19T00:00:00,2,False
I01990,U0238,P0367,cart,,2.0,2024-11-21T00:00:00,11,True
I01991,U0115,P0126,view,,1.0,2024-12-09T00:00:00,12,False
I01992,U0006,P0196,view,,1.0,2024-10-09T00:00:00,10,True
I01993,U0082,P0474,purchase,,4.0,2024-08-16T00:00:00,8,False
I01994,U0120,P0187,purchase,,4.0,2024-10-06T00:00:00,10,True
I01995,U0102,P0260,cart,,2.0,2024-10-16T00:00:00,10,True
I01996,U0168,P0213,rating,4.0,4.0,2024-02-16T00:00:00,2,False
I01997,U0234,P0347,view,,1.0,2024-04-25T00:00:00,4,False
I01998,U0093,P0303,view,,1.0,2024-02-11T00:00:00,2,False
I01999,U0028,P0087,purchase,,4.0,2025-01-13T00:00:00,1,False
I02000,U0210,P0041,view,,1.0,2024-07-24T00:00:00,7,False
I02001,U0210,P0326,rating,4.7,4.7,2024-10-06T00:00:00,10,True
I02002,U0136,P0002,cart,,2.0,2024-04-27T00:00:00,4,False
I02003,U0237,P0493,rating,2.8,2.8,2024-11-04T00:00:00,11,True
I02004,U0005,P0070,purchase,,4.0,2024-10-31T00:00:00,10,True
I02005,U0098,P0021,view,,1.0,2024-10-12T00:00:00,10,True
I02006,U0072,P0423,cart,,2.0,2024-04-12T00:00:00,4,False
I02007,U0063,P0373,view,,1.0,2024-10-08T00:00:00,10,True
I02008,U0185,P0232,view,,1.0,2024-10-19T00:00:00,10,True
I02009,U0226,P0260,view,,1.0,2024-01-07T00:00:00,1,False
I02010,U0127,P0398,view,,1.0,2024-04-01T00:00:00,4,False
I02011,U0167,P0093,view,,1.0,2024-07-08T00:00:00,7,False
I02012,U0103,P0233,purchase,,4.0,2025-04-20T00:00:00,4,False
I02013,U0206,P0221,purchase,,4.0,2024-02-22T00:00:00,2,False
I02014,U0230,P0101,view,,1.0,2025-05-04T00:00:00,5,False
I02015,U0210,P0402,view,,1.0,2024-12-29T00:00:00,12,False
I02016,U0112,P0008,view,,1.0,2025-02-12T00:00:00,2,False
I02017,U0007,P0013,view,,1.0,2024-07-15T00:00:00,7,False
I02018,U0067,P0290,cart,,2.0,2025-01-01T00:00:00,1,False
I02019,U0234,P0091,view,,1.0,2024-09-06T00:00:00,9,False
I02020,U0148,P0383,purchase,,4.0,2024-08-27T00:00:00,8,False
I02021,U0124,P0272,purchase,,4.0,2025-04-15T00:00:00,4,False
I02022,U0007,P0420,cart,,2.0,2025-03-30T00:00:00,3,False
I02023,U0110,P0255,cart,,2.0,2024-10-16T00:00:00,10,True
I02024,U0106,P0271,view,,1.0,2025-02-06T00:00:00,2,False
I02025,U0058,P0327,purchase,,4.0,2024-10-30T00:00:00,10,True
I02026,U0115,P0233,view,,1.0,2024-07-28T00:00:00,7,False
I02027,U0041,P0120,view,,1.0,2024-06-21T00:00:00,6,False
I02028,U0234,P0006,cart,,2.0,2025-02-06T00:00:00,2,False
I02029,U0039,P0438,view,,1.0,2024-04-28T00:00:00,4,False
I02030,U0079,P0298,view,,1.0,2024-12-01T00:00:00,12,False
I02031,U0027,P0323,cart,,2.0,2024-03-14T00:00:00,3,False
I02032,U0191,P0024,rating,3.2,3.2,2024-11-19T00:00:00,11,True
I02033,U0147,P0338,view,,1.0,2024-10-10T00:00:00,10,True
I02034,U0213,P0225,view,,1.0,2025-01-28T00:00:00,1,False
I02035,U0083,P0287,rating,4.0,4.0,2024-01-22T00:00:00,1,False
I02036,U0054,P0051,view,,1.0,2024-08-08T00:00:00,8,False
I02037,U0123,P0438,view,,1.0,2024-08-09T00:00:00,8,False
I02038,U0002,P0449,purchase,,4.0,2025-01-01T00:00:00,1,False
I02039,U0002,P0277,view,,1.0,2024-12-14T00:00:00,12,False
I02040,U0225,P0309,purchase,,4.0,2024-08-23T00:00:00,8,False
I02041,U0183,P0057,view,,1.0,2025-03-19T00:00:00,3,False
I02042,U0097,P0376,cart,,2.0,2024-01-06T00:00:00,1,False
I02043,U0236,P0401,view,,1.0,2024-05-06T00:00:00,5,False
I02044,U0104,P0379,view,,1.0,2025-04-24T00:00:00,4,False
I02045,U0155,P0345,view,,1.0,2024-09-13T00:00:00,9,False
I02046,U0235,P0036,purchase,,4.0,2025-05-14T00:00:00,5,False
I02047,U0033,P0315,purchase,,4.0,2025-05-24T00:00:00,5,False
I02048,U0040,P0280,view,,1.0,2024-10-24T00:00:00,10,True
I02049,U0098,P0280,cart,,2.0,2024-05-16T00:00:00,5,False
I02050,U0120,P0203,view,,1.0,2024-03-27T00:00:00,3,False
I02051,U0163,P0477,view,,1.0,2024-07-17T00:00:00,7,False
I02052,U0207,P0110,view,,1.0,2025-03-12T00:00:00,3,False
I02053,U0054,P0355,cart,,2.0,2024-10-07T00:00:00,10,True
I02054,U0067,P0436,purchase,,4.0,2024-05-31T00:00:00,5,False
I02055,U0226,P0162,view,,1.0,2024-10-28T00:00:00,10,True
I02056,U0022,P0283,cart,,2.0,2024-01-08T00:00:00,1,False
I02057,U0039,P0341,view,,1.0,2024-08-22T00:00:00,8,False
I02058,U0163,P0179,purchase,,4.0,2024-10-28T00:00:00,10,True
I02059,U0038,P0371,view,,1.0,2024-05-15T00:00:00,5,False
I02060,U0054,P0289,view,,1.0,2025-02-24T00:00:00,2,False
I02061,U0219,P0300,view,,1.0,2024-12-13T00:00:00,12,False
I02062,U0040,P0469,view,,1.0,2024-03-19T00:00:00,3,False
I02063,U0236,P0089,cart,,2.0,2024-09-29T00:00:00,9,False
I02064,U0161,P0169,purchase,,4.0,2024-11-03T00:00:00,11,True
I02065,U0118,P0011,cart,,2.0,2024-01-09T00:00:00,1,False
I02066,U0033,P0360,view,,1.0,2025-03-19T00:00:00,3,False
I02067,U0113,P0351,cart,,2.0,2024-07-23T00:00:00,7,False
I02068,U0149,P0396,view,,1.0,2024-07-15T00:00:00,7,False
I02069,U0010,P0482,view,,1.0,2024-04-24T00:00:00,4,False
I02070,U0121,P0468,cart,,2.0,2024-03-05T00:00:00,3,False
I02071,U0020,P0289,view,,1.0,2024-08-26T00:00:00,8,False
I02072,U0046,P0312,purchase,,4.0,2025-01-26T00:00:00,1,False
I02073,U0010,P0211,rating,4.9,4.9,2025-01-03T00:00:00,1,False
I02074,U0233,P0097,cart,,2.0,2024-07-13T00:00:00,7,False
I02075,U0139,P0493,view,,1.0,2024-01-12T00:00:00,1,False
I02076,U0138,P0295,cart,,2.0,2024-06-25T00:00:00,6,False
I02077,U0217,P0249,purchase,,4.0,2024-01-11T00:00:00,1,False
I02078,U0190,P0148,cart,,2.0,2024-06-12T00:00:00,6,False
I02079,U0039,P0435,cart,,2.0,2024-02-22T00:00:00,2,False
I02080,U0218,P0134,cart,,2.0,2024-12-25T00:00:00,12,False
I02081,U0129,P0213,view,,1.0,2024-02-25T00:00:00,2,False
I02082,U0118,P0164,cart,,2.0,2024-09-09T00:00:00,9,False
I02083,U0030,P0076,view,,1.0,2024-06-28T00:00:00,6,False
I02084,U0159,P0276,view,,1.0,2024-08-22T00:00:00,8,False
I02085,U0087,P0185,view,,1.0,2024-03-20T00:00:00,3,False
I02086,U0135,P0450,rating,5.0,5.0,2024-01-22T00:00:00,1,False
I02087,U0058,P0146,view,,1.0,2024-04-02T00:00:00,4,False
I02088,U0192,P0425,view,,1.0,2024-04-12T00:00:00,4,False
I02089,U0140,P0163,view,,1.0,2024-01-07T00:00:00,1,False
I02090,U0128,P0260,view,,1.0,2024-08-18T00:00:00,8,False
I02091,U0106,P0477,view,,1.0,2024-08-27T00:00:00,8,False
I02092,U0090,P0406,view,,1.0,2024-08-19T00:00:00,8,False
I02093,U0201,P0313,cart,,2.0,2024-08-20T00:00:00,8,False
I02094,U0098,P0028,view,,1.0,2024-11-28T00:00:00,11,True
I02095,U0183,P0314,cart,,2.0,2025-01-09T00:00:00,1,False
I02096,U0036,P0259,cart,,2.0,2024-12-10T00:00:00,12,False
I02097,U0152,P0390,purchase,,4.0,2025-03-03T00:00:00,3,False
I02098,U0145,P0206,view,,1.0,2024-05-09T00:00:00,5,False
I02099,U0141,P0479,view,,1.0,2025-02-18T00:00:00,2,False
I02100,U0093,P0393,cart,,2.0,2024-10-10T00:00:00,10,True
I02101,U0188,P0275,purchase,,4.0,2024-08-10T00:00:00,8,False
I02102,U0232,P0448,view,,1.0,2025-04-07T00:00:00,4,False
I02103,U0033,P0403,cart,,2.0,2024-10-02T00:00:00,10,True
I02104,U0170,P0124,view,,1.0,2024-05-19T00:00:00,5,False
I02105,U0101,P0405,cart,,2.0,2024-01-23T00:00:00,1,False
I02106,U0200,P0117,view,,1.0,2024-09-26T00:00:00,9,False
I02107,U0091,P0008,cart,,2.0,2024-11-28T00:00:00,11,True
I02108,U0085,P0044,view,,1.0,2024-01-31T00:00:00,1,False
I02109,U0229,P0062,view,,1.0,2024-08-27T00:00:00,8,False
I02110,U0122,P0413,view,,1.0,2024-12-28T00:00:00,12,False
I02111,U0054,P0139,cart,,2.0,2025-01-23T00:00:00,1,False
I02112,U0141,P0157,view,,1.0,2024-10-25T00:00:00,10,True
I02113,U0089,P0017,cart,,2.0,2025-01-05T00:00:00,1,False
I02114,U0099,P0038,rating,3.5,3.5,2024-02-16T00:00:00,2,False
I02115,U0231,P0394,purchase,,4.0,2025-02-25T00:00:00,2,False
I02116,U0224,P0138,rating,3.4,3.4,2024-03-02T00:00:00,3,False
I02117,U0086,P0381,view,,1.0,2025-01-16T00:00:00,1,False
I02118,U0136,P0082,view,,1.0,2024-02-21T00:00:00,2,False
I02119,U0091,P0360,view,,1.0,2024-10-15T00:00:00,10,True
I02120,U0238,P0394,purchase,,4.0,2024-12-02T00:00:00,12,False
I02121,U0042,P0387,cart,,2.0,2024-07-22T00:00:00,7,False
I02122,U0112,P0119,purchase,,4.0,2024-08-25T00:00:00,8,False
I02123,U0126,P0420,view,,1.0,2024-05-15T00:00:00,5,False
I02124,U0151,P0180,view,,1.0,2025-05-22T00:00:00,5,False
I02125,U0106,P0049,cart,,2.0,2025-01-15T00:00:00,1,False
I02126,U0113,P0170,purchase,,4.0,2024-09-10T00:00:00,9,False
I02127,U0221,P0418,purchase,,4.0,2024-04-23T00:00:00,4,False
I02128,U0020,P0461,purchase,,4.0,2024-05-24T00:00:00,5,False
I02129,U0208,P0160,view,,1.0,2025-01-10T00:00:00,1,False
I02130,U0136,P0048,view,,1.0,2024-06-14T00:00:00,6,False
I02131,U0038,P0041,view,,1.0,2024-06-29T00:00:00,6,False
I02132,U0093,P0204,rating,4.7,4.7,2025-03-19T00:00:00,3,False
I02133,U0076,P0161,rating,3.1,3.1,2025-05-17T00:00:00,5,False
I02134,U0170,P0164,view,,1.0,2025-01-30T00:00:00,1,False
I02135,U0096,P0045,view,,1.0,2024-04-12T00:00:00,4,False
I02136,U0146,P0128,cart,,2.0,2024-08-11T00:00:00,8,False
I02137,U0006,P0116,cart,,2.0,2024-08-23T00:00:00,8,False
I02138,U0171,P0068,view,,1.0,2024-04-25T00:00:00,4,False
I02139,U0163,P0460,view,,1.0,2024-08-13T00:00:00,8,False
I02140,U0230,P0366,cart,,2.0,2024-06-30T00:00:00,6,False
I02141,U0062,P0265,cart,,2.0,2024-07-28T00:00:00,7,False
I02142,U0144,P0065,view,,1.0,2025-01-26T00:00:00,1,False
I02143,U0089,P0046,cart,,2.0,2024-04-05T00:00:00,4,False
I02144,U0126,P0157,purchase,,4.0,2024-03-26T00:00:00,3,False
I02145,U0159,P0014,purchase,,4.0,2025-01-28T00:00:00,1,False
I02146,U0184,P0099,cart,,2.0,2025-05-15T00:00:00,5,False
I02147,U0092,P0002,rating,3.7,3.7,2024-05-12T00:00:00,5,False
I02148,U0023,P0399,view,,1.0,2024-11-09T00:00:00,11,True
I02149,U0187,P0100,cart,,2.0,2024-08-08T00:00:00,8,False
I02150,U0208,P0237,cart,,2.0,2025-03-13T00:00:00,3,False
I02151,U0046,P0305,cart,,2.0,2024-07-10T00:00:00,7,False
I02152,U0008,P0461,view,,1.0,2025-01-13T00:00:00,1,False
I02153,U0020,P0261,view,,1.0,2024-11-29T00:00:00,11,True
I02154,U0039,P0436,purchase,,4.0,2024-10-19T00:00:00,10,True
I02155,U0178,P0470,view,,1.0,2024-06-10T00:00:00,6,False
I02156,U0075,P0142,view,,1.0,2024-04-13T00:00:00,4,False
I02157,U0161,P0415,purchase,,4.0,2024-02-23T00:00:00,2,False
I02158,U0172,P0287,view,,1.0,2024-02-03T00:00:00,2,False
I02159,U0199,P0316,rating,4.0,4.0,2024-04-22T00:00:00,4,False
I02160,U0056,P0220,view,,1.0,2024-04-27T00:00:00,4,False
I02161,U0217,P0187,view,,1.0,2024-07-30T00:00:00,7,False
I02162,U0162,P0377,rating,3.6,3.6,2024-04-22T00:00:00,4,False
I02163,U0044,P0387,view,,1.0,2024-05-07T00:00:00,5,False
I02164,U0108,P0315,purchase,,4.0,2024-06-06T00:00:00,6,False
I02165,U0017,P0209,view,,1.0,2025-01-28T00:00:00,1,False
I02166,U0099,P0274,purchase,,4.0,2025-05-26T00:00:00,5,False
I02167,U0146,P0178,cart,,2.0,2024-02-14T00:00:00,2,False
I02168,U0108,P0115,view,,1.0,2024-08-06T00:00:00,8,False
I02169,U0187,P0233,cart,,2.0,2024-11-10T00:00:00,11,True
I02170,U0177,P0184,cart,,2.0,2024-08-15T00:00:00,8,False
I02171,U0191,P0067,cart,,2.0,2024-09-23T00:00:00,9,False
I02172,U0102,P0220,view,,1.0,2025-01-13T00:00:00,1,False
I02173,U0233,P0377,view,,1.0,2024-10-16T00:00:00,10,True
I02174,U0228,P0122,view,,1.0,2024-12-22T00:00:00,12,False
I02175,U0145,P0123,view,,1.0,2024-07-22T00:00:00,7,False
I02176,U0213,P0352,view,,1.0,2024-11-18T00:00:00,11,True
I02177,U0082,P0236,view,,1.0,2024-06-29T00:00:00,6,False
I02178,U0064,P0320,cart,,2.0,2024-03-23T00:00:00,3,False
I02179,U0047,P0297,view,,1.0,2024-09-18T00:00:00,9,False
I02180,U0016,P0485,view,,1.0,2024-07-18T00:00:00,7,False
I02181,U0240,P0013,view,,1.0,2024-10-21T00:00:00,10,True
I02182,U0177,P0037,view,,1.0,2025-01-30T00:00:00,1,False
I02183,U0237,P0433,view,,1.0,2024-05-17T00:00:00,5,False
I02184,U0071,P0081,view,,1.0,2024-05-08T00:00:00,5,False
I02185,U0049,P0391,cart,,2.0,2024-10-19T00:00:00,10,True
I02186,U0116,P0273,rating,3.5,3.5,2024-11-06T00:00:00,11,True
I02187,U0225,P0316,view,,1.0,2024-01-11T00:00:00,1,False
I02188,U0073,P0345,view,,1.0,2024-01-12T00:00:00,1,False
I02189,U0035,P0046,view,,1.0,2025-03-22T00:00:00,3,False
I02190,U0196,P0095,view,,1.0,2024-08-07T00:00:00,8,False
I02191,U0185,P0014,view,,1.0,2024-08-16T00:00:00,8,False
I02192,U0167,P0368,view,,1.0,2024-12-09T00:00:00,12,False
I02193,U0080,P0423,cart,,2.0,2024-12-18T00:00:00,12,False
I02194,U0140,P0011,view,,1.0,2024-10-16T00:00:00,10,True
I02195,U0199,P0033,purchase,,4.0,2024-05-07T00:00:00,5,False
I02196,U0190,P0493,purchase,,4.0,2024-12-24T00:00:00,12,False
I02197,U0015,P0272,cart,,2.0,2024-11-08T00:00:00,11,True
I02198,U0075,P0351,view,,1.0,2024-07-14T00:00:00,7,False
I02199,U0075,P0489,view,,1.0,2024-01-29T00:00:00,1,False
I02200,U0194,P0296,cart,,2.0,2024-01-16T00:00:00,1,False
I02201,U0167,P0367,view,,1.0,2025-02-08T00:00:00,2,False
I02202,U0172,P0480,view,,1.0,2024-03-17T00:00:00,3,False
I02203,U0229,P0207,purchase,,4.0,2024-10-23T00:00:00,10,True
I02204,U0203,P0442,cart,,2.0,2024-11-21T00:00:00,11,True
I02205,U0107,P0200,view,,1.0,2024-12-24T00:00:00,12,False
I02206,U0194,P0413,cart,,2.0,2024-11-19T00:00:00,11,True
I02207,U0186,P0092,view,,1.0,2024-11-21T00:00:00,11,True
I02208,U0113,P0474,view,,1.0,2024-06-13T00:00:00,6,False
I02209,U0061,P0030,cart,,2.0,2025-03-30T00:00:00,3,False
I02210,U0201,P0206,view,,1.0,2024-06-01T00:00:00,6,False
I02211,U0225,P0169,view,,1.0,2024-05-06T00:00:00,5,False
I02212,U0193,P0250,view,,1.0,2024-01-10T00:00:00,1,False
I02213,U0092,P0226,view,,1.0,2024-05-18T00:00:00,5,False
I02214,U0225,P0262,view,,1.0,2025-03-24T00:00:00,3,False
I02215,U0077,P0346,view,,1.0,2024-12-05T00:00:00,12,False
I02216,U0193,P0063,purchase,,4.0,2024-02-21T00:00:00,2,False
I02217,U0195,P0377,cart,,2.0,2025-04-10T00:00:00,4,False
I02218,U0233,P0466,view,,1.0,2025-04-19T00:00:00,4,False
I02219,U0145,P0290,view,,1.0,2025-03-14T00:00:00,3,False
I02220,U0110,P0006,view,,1.0,2025-05-23T00:00:00,5,False
I02221,U0153,P0057,cart,,2.0,2025-05-28T00:00:00,5,False
I02222,U0086,P0352,purchase,,4.0,2024-01-06T00:00:00,1,False
I02223,U0149,P0251,cart,,2.0,2024-04-27T00:00:00,4,False
I02224,U0229,P0473,purchase,,4.0,2025-04-12T00:00:00,4,False
I02225,U0161,P0418,view,,1.0,2024-09-26T00:00:00,9,False
I02226,U0056,P0096,cart,,2.0,2024-08-15T00:00:00,8,False
I02227,U0081,P0309,view,,1.0,2024-05-28T00:00:00,5,False
I02228,U0046,P0150,rating,4.4,4.4,2024-05-23T00:00:00,5,False
I02229,U0238,P0364,cart,,2.0,2024-12-05T00:00:00,12,False
I02230,U0157,P0355,view,,1.0,2025-06-03T00:00:00,6,False
I02231,U0088,P0297,cart,,2.0,2025-01-21T00:00:00,1,False
I02232,U0217,P0057,cart,,2.0,2024-10-01T00:00:00,10,True
I02233,U0097,P0468,view,,1.0,2024-03-06T00:00:00,3,False
I02234,U0079,P0252,view,,1.0,2024-07-20T00:00:00,7,False
I02235,U0210,P0147,view,,1.0,2024-04-22T00:00:00,4,False
I02236,U0091,P0313,rating,3.8,3.8,2024-05-20T00:00:00,5,False
I02237,U0152,P0368,view,,1.0,2024-11-14T00:00:00,11,True
I02238,U0113,P0456,rating,5.0,5.0,2025-04-06T00:00:00,4,False
I02239,U0012,P0301,view,,1.0,2024-06-04T00:00:00,6,False
I02240,U0172,P0461,cart,,2.0,2025-04-21T00:00:00,4,False
I02241,U0171,P0133,view,,1.0,2025-02-04T00:00:00,2,False
I02242,U0040,P0124,view,,1.0,2024-06-25T00:00:00,6,False
I02243,U0085,P0099,cart,,2.0,2024-02-26T00:00:00,2,False
I02244,U0087,P0283,view,,1.0,2025-03-23T00:00:00,3,False
I02245,U0203,P0106,cart,,2.0,2024-07-20T00:00:00,7,False
I02246,U0074,P0029,view,,1.0,2024-12-28T00:00:00,12,False
I02247,U0124,P0223,view,,1.0,2025-03-29T00:00:00,3,False
I02248,U0100,P0260,view,,1.0,2024-08-03T00:00:00,8,False
I02249,U0204,P0367,purchase,,4.0,2024-01-23T00:00:00,1,False
I02250,U0155,P0455,view,,1.0,2024-07-04T00:00:00,7,False
I02251,U0237,P0066,cart,,2.0,2024-05-13T00:00:00,5,False
I02252,U0065,P0319,view,,1.0,2025-01-24T00:00:00,1,False
I02253,U0178,P0470,view,,1.0,2024-01-22T00:00:00,1,False
I02254,U0105,P0305,view,,1.0,2024-05-04T00:00:00,5,False
I02255,U0079,P0147,cart,,2.0,2024-02-20T00:00:00,2,False
I02256,U0216,P0352,cart,,2.0,2024-06-24T00:00:00,6,False
I02257,U0102,P0252,view,,1.0,2024-09-09T00:00:00,9,False
I02258,U0198,P0405,purchase,,4.0,2024-09-02T00:00:00,9,False
I02259,U0227,P0144,purchase,,4.0,2024-04-15T00:00:00,4,False
I02260,U0193,P0200,view,,1.0,2024-11-11T00:00:00,11,True
I02261,U0046,P0148,cart,,2.0,2024-09-24T00:00:00,9,False
I02262,U0170,P0128,view,,1.0,2025-03-30T00:00:00,3,False
I02263,U0139,P0139,view,,1.0,2024-10-18T00:00:00,10,True
I02264,U0052,P0348,view,,1.0,2024-05-20T00:00:00,5,False
I02265,U0146,P0261,view,,1.0,2025-02-28T00:00:00,2,False
I02266,U0058,P0364,view,,1.0,2024-07-02T00:00:00,7,False
I02267,U0152,P0235,view,,1.0,2024-05-07T00:00:00,5,False
I02268,U0031,P0273,cart,,2.0,2024-09-09T00:00:00,9,False
I02269,U0233,P0377,view,,1.0,2025-01-20T00:00:00,1,False
I02270,U0230,P0167,view,,1.0,2024-09-27T00:00:00,9,False
I02271,U0003,P0087,view,,1.0,2025-02-18T00:00:00,2,False
I02272,U0198,P0339,view,,1.0,2024-11-18T00:00:00,11,True
I02273,U0056,P0091,view,,1.0,2024-07-21T00:00:00,7,False
I02274,U0015,P0277,view,,1.0,2024-05-17T00:00:00,5,False
I02275,U0166,P0112,purchase,,4.0,2024-02-26T00:00:00,2,False
I02276,U0050,P0139,purchase,,4.0,2024-03-11T00:00:00,3,False
I02277,U0143,P0360,view,,1.0,2025-01-06T00:00:00,1,False
I02278,U0105,P0474,cart,,2.0,2025-05-28T00:00:00,5,False
I02279,U0104,P0365,purchase,,4.0,2024-03-24T00:00:00,3,False
I02280,U0226,P0344,rating,3.4,3.4,2024-02-12T00:00:00,2,False
I02281,U0042,P0144,view,,1.0,2024-05-12T00:00:00,5,False
I02282,U0139,P0309,view,,1.0,2024-03-05T00:00:00,3,False
I02283,U0034,P0137,cart,,2.0,2025-01-10T00:00:00,1,False
I02284,U0001,P0275,view,,1.0,2025-04-11T00:00:00,4,False
I02285,U0130,P0437,view,,1.0,2024-07-31T00:00:00,7,False
I02286,U0148,P0154,view,,1.0,2025-04-15T00:00:00,4,False
I02287,U0149,P0260,cart,,2.0,2024-03-28T00:00:00,3,False
I02288,U0068,P0351,rating,3.2,3.2,2025-01-30T00:00:00,1,False
I02289,U0022,P0341,purchase,,4.0,2025-02-07T00:00:00,2,False
I02290,U0082,P0251,rating,4.6,4.6,2024-10-12T00:00:00,10,True
I02291,U0036,P0027,rating,3.1,3.1,2025-03-28T00:00:00,3,False
I02292,U0203,P0439,purchase,,4.0,2024-01-24T00:00:00,1,False
I02293,U0188,P0024,view,,1.0,2024-11-06T00:00:00,11,True
I02294,U0205,P0238,view,,1.0,2024-07-26T00:00:00,7,False
I02295,U0024,P0477,cart,,2.0,2025-03-13T00:00:00,3,False
I02296,U0026,P0062,view,,1.0,2024-12-01T00:00:00,12,False
I02297,U0166,P0151,view,,1.0,2024-11-16T00:00:00,11,True
I02298,U0075,P0450,view,,1.0,2024-06-11T00:00:00,6,False
I02299,U0043,P0438,view,,1.0,2024-06-13T00:00:00,6,False
I02300,U0081,P0138,view,,1.0,2024-10-21T00:00:00,10,True
I02301,U0042,P0181,view,,1.0,2024-10-11T00:00:00,10,True
I02302,U0171,P0058,view,,1.0,2025-01-21T00:00:00,1,False
I02303,U0138,P0401,view,,1.0,2024-07-05T00:00:00,7,False
I02304,U0234,P0424,view,,1.0,2025-03-06T00:00:00,3,False
I02305,U0042,P0340,cart,,2.0,2025-02-19T00:00:00,2,False
I02306,U0032,P0017,rating,4.6,4.6,2025-03-01T00:00:00,3,False
I02307,U0056,P0276,purchase,,4.0,2024-09-09T00:00:00,9,False
I02308,U0122,P0424,view,,1.0,2024-04-15T00:00:00,4,False
I02309,U0130,P0472,purchase,,4.0,2025-01-10T00:00:00,1,False
I02310,U0231,P0373,view,,1.0,2024-11-03T00:00:00,11,True
I02311,U0091,P0379,view,,1.0,2025-01-27T00:00:00,1,False
I02312,U0022,P0374,view,,1.0,2024-04-19T00:00:00,4,False
I02313,U0049,P0417,view,,1.0,2024-12-05T00:00:00,12,False
I02314,U0053,P0022,view,,1.0,2024-12-21T00:00:00,12,False
I02315,U0124,P0450,view,,1.0,2024-06-16T00:00:00,6,False
I02316,U0045,P0365,view,,1.0,2025-03-27T00:00:00,3,False
I02317,U0137,P0474,view,,1.0,2024-04-14T00:00:00,4,False
I02318,U0150,P0413,view,,1.0,2024-05-25T00:00:00,5,False
I02319,U0204,P0206,cart,,2.0,2024-10-25T00:00:00,10,True
I02320,U0167,P0037,view,,1.0,2024-02-17T00:00:00,2,False
I02321,U0126,P0404,view,,1.0,2024-08-26T00:00:00,8,False
I02322,U0007,P0035,view,,1.0,2025-04-08T00:00:00,4,False
I02323,U0197,P0224,view,,1.0,2025-01-05T00:00:00,1,False
I02324,U0037,P0027,view,,1.0,2025-05-01T00:00:00,5,False
I02325,U0211,P0114,cart,,2.0,2024-06-13T00:00:00,6,False
I02326,U0125,P0424,view,,1.0,2024-12-02T00:00:00,12,False
I02327,U0192,P0427,purchase,,4.0,2024-08-01T00:00:00,8,False
I02328,U0062,P0092,rating,4.9,4.9,2024-11-23T00:00:00,11,True
I02329,U0189,P0150,view,,1.0,2025-01-15T00:00:00,1,False
I02330,U0161,P0388,view,,1.0,2024-08-26T00:00:00,8,False
I02331,U0020,P0450,cart,,2.0,2024-03-22T00:00:00,3,False
I02332,U0107,P0423,view,,1.0,2025-05-19T00:00:00,5,False
I02333,U0202,P0446,purchase,,4.0,2025-05-18T00:00:00,5,False
I02334,U0132,P0198,view,,1.0,2024-02-06T00:00:00,2,False
I02335,U0132,P0165,view,,1.0,2025-02-05T00:00:00,2,False
I02336,U0088,P0254,view,,1.0,2024-06-24T00:00:00,6,False
I02337,U0033,P0042,view,,1.0,2025-04-11T00:00:00,4,False
I02338,U0201,P0270,view,,1.0,2025-01-28T00:00:00,1,False
I02339,U0065,P0311,purchase,,4.0,2024-02-11T00:00:00,2,False
I02340,U0085,P0280,cart,,2.0,2025-01-27T00:00:00,1,False
I02341,U0188,P0406,purchase,,4.0,2025-03-16T00:00:00,3,False
I02342,U0069,P0179,view,,1.0,2025-05-20T00:00:00,5,False
I02343,U0150,P0225,purchase,,4.0,2024-11-15T00:00:00,11,True
I02344,U0041,P0418,purchase,,4.0,2024-08-02T00:00:00,8,False
I02345,U0071,P0043,view,,1.0,2024-08-23T00:00:00,8,False
I02346,U0025,P0273,view,,1.0,2024-06-10T00:00:00,6,False
I02347,U0191,P0237,purchase,,4.0,2024-01-09T00:00:00,1,False
I02348,U0060,P0177,rating,3.8,3.8,2024-08-12T00:00:00,8,False
I02349,U0031,P0050,view,,1.0,2024-06-17T00:00:00,6,False
I02350,U0062,P0170,view,,1.0,2024-12-14T00:00:00,12,False
I02351,U0186,P0098,view,,1.0,2024-01-14T00:00:00,1,False
I02352,U0164,P0130,view,,1.0,2025-02-23T00:00:00,2,False
I02353,U0079,P0374,view,,1.0,2025-06-03T00:00:00,6,False
I02354,U0154,P0251,rating,3.8,3.8,2024-01-28T00:00:00,1,False
I02355,U0196,P0321,rating,4.1,4.1,2025-03-21T00:00:00,3,False
I02356,U0051,P0283,view,,1.0,2024-04-13T00:00:00,4,False
I02357,U0230,P0266,cart,,2.0,2025-03-01T00:00:00,3,False
I02358,U0101,P0015,view,,1.0,2024-04-15T00:00:00,4,False
I02359,U0167,P0042,view,,1.0,2024-10-03T00:00:00,10,True
I02360,U0065,P0479,view,,1.0,2024-07-06T00:00:00,7,False
I02361,U0061,P0308,cart,,2.0,2024-05-17T00:00:00,5,False
I02362,U0087,P0248,cart,,2.0,2024-04-14T00:00:00,4,False
I02363,U0034,P0393,cart,,2.0,2025-01-14T00:00:00,1,False
I02364,U0110,P0201,view,,1.0,2024-12-19T00:00:00,12,False
I02365,U0231,P0399,cart,,2.0,2024-11-12T00:00:00,11,True
I02366,U0010,P0325,view,,1.0,2024-03-05T00:00:00,3,False
I02367,U0077,P0187,cart,,2.0,2025-05-27T00:00:00,5,False
I02368,U0133,P0472,view,,1.0,2025-05-10T00:00:00,5,False
I02369,U0109,P0472,view,,1.0,2025-01-03T00:00:00,1,False
I02370,U0098,P0288,view,,1.0,2024-04-08T00:00:00,4,False
I02371,U0061,P0177,purchase,,4.0,2024-05-02T00:00:00,5,False
I02372,U0064,P0032,view,,1.0,2025-05-09T00:00:00,5,False
I02373,U0201,P0175,view,,1.0,2025-06-03T00:00:00,6,False
I02374,U0149,P0110,cart,,2.0,2024-11-10T00:00:00,11,True
I02375,U0178,P0107,cart,,2.0,2025-04-23T00:00:00,4,False
I02376,U0145,P0176,view,,1.0,2024-01-20T00:00:00,1,False
I02377,U0048,P0114,purchase,,4.0,2024-05-09T00:00:00,5,False
I02378,U0037,P0418,purchase,,4.0,2024-05-11T00:00:00,5,False
I02379,U0100,P0474,view,,1.0,2024-02-23T00:00:00,2,False
I02380,U0122,P0148,view,,1.0,2025-01-21T00:00:00,1,False
I02381,U0009,P0196,cart,,2.0,2024-08-02T00:00:00,8,False
I02382,U0204,P0264,view,,1.0,2025-04-02T00:00:00,4,False
I02383,U0034,P0119,view,,1.0,2024-02-12T00:00:00,2,False
I02384,U0074,P0426,view,,1.0,2024-10-04T00:00:00,10,True
I02385,U0070,P0196,rating,3.6,3.6,2024-05-09T00:00:00,5,False
I02386,U0094,P0098,view,,1.0,2024-04-15T00:00:00,4,False
I02387,U0144,P0320,rating,4.5,4.5,2024-01-01T00:00:00,1,False
I02388,U0141,P0315,view,,1.0,2024-02-22T00:00:00,2,False
I02389,U0172,P0017,view,,1.0,2025-06-03T00:00:00,6,False
I02390,U0074,P0297,purchase,,4.0,2024-11-20T00:00:00,11,True
I02391,U0114,P0273,rating,3.9,3.9,2024-05-26T00:00:00,5,False
I02392,U0239,P0103,view,,1.0,2024-06-14T00:00:00,6,False
I02393,U0123,P0443,view,,1.0,2024-05-18T00:00:00,5,False
I02394,U0117,P0301,view,,1.0,2024-10-25T00:00:00,10,True
I02395,U0020,P0425,view,,1.0,2024-06-26T00:00:00,6,False
I02396,U0074,P0178,rating,3.8,3.8,2024-12-19T00:00:00,12,False
I02397,U0068,P0453,rating,3.1,3.1,2025-03-20T00:00:00,3,False
I02398,U0189,P0341,cart,,2.0,2024-11-21T00:00:00,11,True
I02399,U0078,P0478,cart,,2.0,2024-12-24T00:00:00,12,False
I02400,U0145,P0265,view,,1.0,2024-10-01T00:00:00,10,True
I02401,U0179,P0072,cart,,2.0,2025-04-21T00:00:00,4,False
I02402,U0075,P0027,view,,1.0,2025-02-17T00:00:00,2,False
I02403,U0153,P0327,view,,1.0,2024-04-13T00:00:00,4,False
I02404,U0075,P0017,view,,1.0,2024-05-07T00:00:00,5,False
I02405,U0199,P0139,view,,1.0,2024-12-10T00:00:00,12,False
I02406,U0019,P0059,view,,1.0,2024-06-07T00:00:00,6,False
I02407,U0026,P0363,cart,,2.0,2025-03-01T00:00:00,3,False
I02408,U0169,P0347,view,,1.0,2024-01-23T00:00:00,1,False
I02409,U0047,P0468,rating,3.7,3.7,2024-05-23T00:00:00,5,False
I02410,U0169,P0171,view,,1.0,2024-03-25T00:00:00,3,False
I02411,U0160,P0053,view,,1.0,2025-04-26T00:00:00,4,False
I02412,U0200,P0267,cart,,2.0,2024-10-23T00:00:00,10,True
I02413,U0112,P0055,rating,3.5,3.5,2024-08-17T00:00:00,8,False
I02414,U0096,P0238,view,,1.0,2025-01-12T00:00:00,1,False
I02415,U0156,P0196,cart,,2.0,2025-02-24T00:00:00,2,False
I02416,U0105,P0303,rating,3.7,3.7,2024-11-25T00:00:00,11,True
I02417,U0138,P0400,view,,1.0,2024-09-26T00:00:00,9,False
I02418,U0038,P0098,cart,,2.0,2025-01-30T00:00:00,1,False
I02419,U0045,P0256,view,,1.0,2025-04-08T00:00:00,4,False
I02420,U0163,P0227,view,,1.0,2025-03-25T00:00:00,3,False
I02421,U0075,P0213,view,,1.0,2024-09-09T00:00:00,9,False
I02422,U0169,P0267,purchase,,4.0,2024-10-11T00:00:00,10,True
I02423,U0018,P0055,view,,1.0,2024-01-20T00:00:00,1,False
I02424,U0239,P0266,cart,,2.0,2024-09-26T00:00:00,9,False
I02425,U0162,P0250,purchase,,4.0,2024-11-05T00:00:00,11,True
I02426,U0031,P0177,view,,1.0,2024-04-13T00:00:00,4,False
I02427,U0170,P0436,rating,2.6,2.6,2024-07-04T00:00:00,7,False
I02428,U0128,P0255,cart,,2.0,2024-07-28T00:00:00,7,False
I02429,U0158,P0250,view,,1.0,2024-10-07T00:00:00,10,True
I02430,U0191,P0349,cart,,2.0,2024-09-09T00:00:00,9,False
I02431,U0019,P0096,view,,1.0,2024-05-15T00:00:00,5,False
I02432,U0223,P0284,rating,4.5,4.5,2024-01-03T00:00:00,1,False
I02433,U0009,P0310,rating,3.6,3.6,2024-05-18T00:00:00,5,False
I02434,U0020,P0043,rating,3.1,3.1,2024-10-17T00:00:00,10,True
I02435,U0180,P0351,cart,,2.0,2024-01-04T00:00:00,1,False
I02436,U0155,P0057,view,,1.0,2024-02-16T00:00:00,2,False
I02437,U0094,P0382,purchase,,4.0,2024-07-31T00:00:00,7,False
I02438,U0180,P0250,view,,1.0,2025-05-22T00:00:00,5,False
I02439,U0068,P0275,cart,,2.0,2024-07-23T00:00:00,7,False
I02440,U0125,P0453,purchase,,4.0,2024-03-13T00:00:00,3,False
I02441,U0004,P0128,view,,1.0,2024-03-16T00:00:00,3,False
I02442,U0073,P0232,view,,1.0,2024-03-17T00:00:00,3,False
I02443,U0048,P0293,view,,1.0,2025-02-13T00:00:00,2,False
I02444,U0102,P0499,view,,1.0,2024-04-15T00:00:00,4,False
I02445,U0077,P0348,view,,1.0,2025-04-20T00:00:00,4,False
I02446,U0058,P0331,cart,,2.0,2024-10-01T00:00:00,10,True
I02447,U0088,P0141,view,,1.0,2024-03-17T00:00:00,3,False
I02448,U0077,P0004,view,,1.0,2025-03-17T00:00:00,3,False
I02449,U0028,P0184,rating,5.0,5.0,2024-09-01T00:00:00,9,False
I02450,U0066,P0380,view,,1.0,2025-01-16T00:00:00,1,False
I02451,U0214,P0391,cart,,2.0,2024-05-21T00:00:00,5,False
I02452,U0125,P0177,view,,1.0,2025-01-02T00:00:00,1,False
I02453,U0084,P0293,purchase,,4.0,2024-05-22T00:00:00,5,False
I02454,U0096,P0386,view,,1.0,2024-05-31T00:00:00,5,False
I02455,U0158,P0082,purchase,,4.0,2025-03-21T00:00:00,3,False
I02456,U0141,P0294,rating,2.2,2.2,2024-10-29T00:00:00,10,True
I02457,U0003,P0044,cart,,2.0,2024-09-24T00:00:00,9,False
I02458,U0084,P0222,cart,,2.0,2024-01-16T00:00:00,1,False
I02459,U0078,P0336,view,,1.0,2025-04-08T00:00:00,4,False
I02460,U0059,P0161,cart,,2.0,2024-06-25T00:00:00,6,False
I02461,U0063,P0284,rating,3.1,3.1,2024-11-02T00:00:00,11,True
I02462,U0033,P0489,view,,1.0,2024-11-27T00:00:00,11,True
I02463,U0015,P0304,cart,,2.0,2024-09-11T00:00:00,9,False
I02464,U0092,P0013,purchase,,4.0,2025-05-24T00:00:00,5,False
I02465,U0023,P0108,cart,,2.0,2025-04-07T00:00:00,4,False
I02466,U0199,P0097,view,,1.0,2024-09-27T00:00:00,9,False
I02467,U0234,P0418,view,,1.0,2024-03-04T00:00:00,3,False
I02468,U0230,P0108,view,,1.0,2024-09-05T00:00:00,9,False
I02469,U0172,P0221,view,,1.0,2024-06-05T00:00:00,6,False
I02470,U0223,P0219,view,,1.0,2024-03-28T00:00:00,3,False
I02471,U0057,P0179,view,,1.0,2024-03-06T00:00:00,3,False
I02472,U0150,P0050,view,,1.0,2024-01-20T00:00:00,1,False
I02473,U0033,P0459,cart,,2.0,2024-03-13T00:00:00,3,False
I02474,U0098,P0458,view,,1.0,2024-12-08T00:00:00,12,False
I02475,U0133,P0450,view,,1.0,2024-02-24T00:00:00,2,False
I02476,U0061,P0199,purchase,,4.0,2025-06-03T00:00:00,6,False
I02477,U0016,P0499,purchase,,4.0,2024-09-02T00:00:00,9,False
I02478,U0176,P0478,view,,1.0,2024-11-12T00:00:00,11,True
I02479,U0015,P0413,cart,,2.0,2024-05-10T00:00:00,5,False
I02480,U0102,P0222,view,,1.0,2024-11-05T00:00:00,11,True
I02481,U0014,P0345,view,,1.0,2024-10-18T00:00:00,10,True
I02482,U0210,P0096,view,,1.0,2025-05-09T00:00:00,5,False
I02483,U0105,P0307,view,,1.0,2024-12-03T00:00:00,12,False
I02484,U0067,P0466,view,,1.0,2024-01-10T00:00:00,1,False
I02485,U0049,P0209,rating,3.7,3.7,2025-05-01T00:00:00,5,False
I02486,U0027,P0108,view,,1.0,2024-05-12T00:00:00,5,False
I02487,U0071,P0103,view,,1.0,2024-03-23T00:00:00,3,False
I02488,U0057,P0121,purchase,,4.0,2025-01-10T00:00:00,1,False
I02489,U0093,P0331,cart,,2.0,2024-09-27T00:00:00,9,False
I02490,U0227,P0311,purchase,,4.0,2024-04-20T00:00:00,4,False
I02491,U0101,P0428,view,,1.0,2024-03-16T00:00:00,3,False
I02492,U0158,P0454,purchase,,4.0,2024-11-24T00:00:00,11,True
I02493,U0122,P0251,view,,1.0,2024-02-10T00:00:00,2,False
I02494,U0167,P0050,view,,1.0,2024-01-23T00:00:00,1,False
I02495,U0023,P0089,rating,4.1,4.1,2025-04-13T00:00:00,4,False
I02496,U0144,P0286,view,,1.0,2024-01-09T00:00:00,1,False
I02497,U0013,P0417,view,,1.0,2024-02-21T00:00:00,2,False
I02498,U0209,P0489,view,,1.0,2025-02-05T00:00:00,2,False
I02499,U0191,P0355,view,,1.0,2024-02-20T00:00:00,2,False
I02500,U0137,P0211,view,,1.0,2024-10-26T00:00:00,10,True
I02501,U0110,P0187,view,,1.0,2024-07-14T00:00:00,7,False
I02502,U0161,P0488,view,,1.0,2025-02-23T00:00:00,2,False
I02503,U0128,P0087,purchase,,4.0,2024-12-21T00:00:00,12,False
I02504,U0148,P0095,cart,,2.0,2024-12-30T00:00:00,12,False
I02505,U0108,P0189,view,,1.0,2025-02-05T00:00:00,2,False
I02506,U0094,P0088,rating,4.4,4.4,2025-05-06T00:00:00,5,False
I02507,U0011,P0255,cart,,2.0,2024-11-15T00:00:00,11,True
I02508,U0201,P0469,view,,1.0,2024-05-05T00:00:00,5,False
I02509,U0050,P0014,purchase,,4.0,2025-05-25T00:00:00,5,False
I02510,U0089,P0454,view,,1.0,2024-12-20T00:00:00,12,False
I02511,U0116,P0126,view,,1.0,2024-12-17T00:00:00,12,False
I02512,U0177,P0474,cart,,2.0,2024-01-14T00:00:00,1,False
I02513,U0001,P0352,view,,1.0,2024-07-27T00:00:00,7,False
I02514,U0025,P0081,purchase,,4.0,2025-03-18T00:00:00,3,False
I02515,U0072,P0029,view,,1.0,2025-01-23T00:00:00,1,False
I02516,U0105,P0400,view,,1.0,2025-04-27T00:00:00,4,False
I02517,U0147,P0061,purchase,,4.0,2024-10-05T00:00:00,10,True
I02518,U0009,P0359,view,,1.0,2025-03-09T00:00:00,3,False
I02519,U0144,P0128,view,,1.0,2024-10-15T00:00:00,10,True
I02520,U0130,P0216,view,,1.0,2024-01-14T00:00:00,1,False
I02521,U0238,P0097,purchase,,4.0,2024-09-13T00:00:00,9,False
I02522,U0090,P0171,rating,2.9,2.9,2024-12-10T00:00:00,12,False
I02523,U0144,P0215,view,,1.0,2024-07-25T00:00:00,7,False
I02524,U0090,P0298,purchase,,4.0,2024-06-20T00:00:00,6,False
I02525,U0208,P0365,view,,1.0,2024-09-26T00:00:00,9,False
I02526,U0221,P0339,view,,1.0,2024-05-31T00:00:00,5,False
I02527,U0111,P0490,cart,,2.0,2024-07-01T00:00:00,7,False
I02528,U0143,P0011,view,,1.0,2024-03-12T00:00:00,3,False
I02529,U0162,P0430,view,,1.0,2024-10-09T00:00:00,10,True
I02530,U0074,P0173,view,,1.0,2024-12-20T00:00:00,12,False
I02531,U0215,P0453,view,,1.0,2025-05-11T00:00:00,5,False
I02532,U0072,P0435,view,,1.0,2025-03-22T00:00:00,3,False
I02533,U0117,P0136,rating,3.9,3.9,2024-12-27T00:00:00,12,False
I02534,U0192,P0426,view,,1.0,2024-07-12T00:00:00,7,False
I02535,U0124,P0421,cart,,2.0,2025-02-06T00:00:00,2,False
I02536,U0152,P0264,cart,,2.0,2024-01-11T00:00:00,1,False
I02537,U0187,P0067,view,,1.0,2024-01-15T00:00:00,1,False
I02538,U0010,P0218,rating,4.0,4.0,2024-10-23T00:00:00,10,True
I02539,U0155,P0255,view,,1.0,2024-02-21T00:00:00,2,False
I02540,U0128,P0143,view,,1.0,2024-01-28T00:00:00,1,False
I02541,U0065,P0456,rating,3.9,3.9,2024-01-17T00:00:00,1,False
I02542,U0229,P0084,view,,1.0,2024-07-28T00:00:00,7,False
I02543,U0175,P0308,view,,1.0,2024-10-20T00:00:00,10,True
I02544,U0231,P0457,view,,1.0,2024-04-13T00:00:00,4,False
I02545,U0204,P0177,view,,1.0,2024-02-22T00:00:00,2,False
I02546,U0206,P0027,view,,1.0,2025-01-09T00:00:00,1,False
I02547,U0074,P0294,view,,1.0,2024-02-23T00:00:00,2,False
I02548,U0020,P0175,view,,1.0,2024-11-30T00:00:00,11,True
I02549,U0031,P0440,view,,1.0,2024-05-14T00:00:00,5,False
I02550,U0058,P0266,view,,1.0,2024-04-14T00:00:00,4,False
I02551,U0010,P0246,view,,1.0,2025-05-10T00:00:00,5,False
I02552,U0039,P0257,view,,1.0,2024-06-06T00:00:00,6,False
I02553,U0037,P0045,purchase,,4.0,2024-03-07T00:00:00,3,False
I02554,U0043,P0479,view,,1.0,2025-04-07T00:00:00,4,False
I02555,U0213,P0406,view,,1.0,2024-04-10T00:00:00,4,False
I02556,U0056,P0009,rating,3.9,3.9,2024-11-27T00:00:00,11,True
I02557,U0068,P0293,cart,,2.0,2025-01-27T00:00:00,1,False
I02558,U0231,P0240,view,,1.0,2025-01-15T00:00:00,1,False
I02559,U0092,P0396,cart,,2.0,2025-03-22T00:00:00,3,False
I02560,U0109,P0082,view,,1.0,2024-11-12T00:00:00,11,True
I02561,U0168,P0243,cart,,2.0,2025-03-10T00:00:00,3,False
I02562,U0186,P0065,cart,,2.0,2024-08-05T00:00:00,8,False
I02563,U0222,P0111,view,,1.0,2024-10-04T00:00:00,10,True
I02564,U0057,P0127,view,,1.0,2025-04-10T00:00:00,4,False
I02565,U0071,P0354,purchase,,4.0,2024-01-30T00:00:00,1,False
I02566,U0103,P0244,view,,1.0,2024-10-14T00:00:00,10,True
I02567,U0086,P0255,cart,,2.0,2024-08-21T00:00:00,8,False
I02568,U0235,P0171,purchase,,4.0,2024-11-08T00:00:00,11,True
I02569,U0109,P0459,cart,,2.0,2024-09-25T00:00:00,9,False
I02570,U0186,P0168,cart,,2.0,2024-05-10T00:00:00,5,False
I02571,U0035,P0479,cart,,2.0,2024-12-16T00:00:00,12,False
I02572,U0180,P0242,view,,1.0,2025-04-24T00:00:00,4,False
I02573,U0121,P0400,cart,,2.0,2024-06-11T00:00:00,6,False
I02574,U0015,P0245,rating,3.8,3.8,2024-04-05T00:00:00,4,False
I02575,U0097,P0303,view,,1.0,2025-03-11T00:00:00,3,False
I02576,U0083,P0460,view,,1.0,2024-08-12T00:00:00,8,False
I02577,U0156,P0083,view,,1.0,2024-04-27T00:00:00,4,False
I02578,U0226,P0296,view,,1.0,2024-07-10T00:00:00,7,False
I02579,U0079,P0090,view,,1.0,2024-04-16T00:00:00,4,False
I02580,U0126,P0442,view,,1.0,2025-01-24T00:00:00,1,False
I02581,U0073,P0044,view,,1.0,2025-04-12T00:00:00,4,False
I02582,U0098,P0018,rating,3.0,3.0,2024-07-28T00:00:00,7,False
I02583,U0092,P0232,cart,,2.0,2024-03-13T00:00:00,3,False
I02584,U0224,P0201,view,,1.0,2024-11-04T00:00:00,11,True
I02585,U0184,P0370,cart,,2.0,2024-07-04T00:00:00,7,False
I02586,U0088,P0456,view,,1.0,2024-09-09T00:00:00,9,False
I02587,U0013,P0449,view,,1.0,2024-10-25T00:00:00,10,True
I02588,U0076,P0294,purchase,,4.0,2024-02-20T00:00:00,2,False
I02589,U0019,P0129,view,,1.0,2024-05-28T00:00:00,5,False
I02590,U0219,P0296,view,,1.0,2024-05-01T00:00:00,5,False
I02591,U0211,P0162,view,,1.0,2024-10-06T00:00:00,10,True
I02592,U0026,P0483,purchase,,4.0,2024-06-04T00:00:00,6,False
I02593,U0238,P0323,view,,1.0,2025-01-10T00:00:00,1,False
I02594,U0082,P0458,view,,1.0,2025-05-06T00:00:00,5,False
I02595,U0100,P0258,purchase,,4.0,2024-09-29T00:00:00,9,False
I02596,U0068,P0081,view,,1.0,2024-02-13T00:00:00,2,False
I02597,U0237,P0193,purchase,,4.0,2024-05-02T00:00:00,5,False
I02598,U0093,P0265,view,,1.0,2024-11-25T00:00:00,11,True
I02599,U0153,P0022,view,,1.0,2024-11-18T00:00:00,11,True
I02600,U0111,P0396,purchase,,4.0,2024-03-29T00:00:00,3,False
I02601,U0177,P0187,purchase,,4.0,2024-04-08T00:00:00,4,False
I02602,U0027,P0109,view,,1.0,2024-05-25T00:00:00,5,False
I02603,U0182,P0090,view,,1.0,2024-09-13T00:00:00,9,False
I02604,U0189,P0236,view,,1.0,2024-08-27T00:00:00,8,False
I02605,U0103,P0070,cart,,2.0,2025-05-17T00:00:00,5,False
I02606,U0196,P0293,cart,,2.0,2024-09-27T00:00:00,9,False
I02607,U0008,P0413,view,,1.0,2024-04-23T00:00:00,4,False
I02608,U0083,P0280,view,,1.0,2024-12-24T00:00:00,12,False
I02609,U0138,P0104,view,,1.0,2024-11-29T00:00:00,11,True
I02610,U0177,P0237,view,,1.0,2024-06-17T00:00:00,6,False
I02611,U0083,P0351,rating,3.6,3.6,2024-09-17T00:00:00,9,False
I02612,U0031,P0367,cart,,2.0,2025-04-16T00:00:00,4,False
I02613,U0226,P0459,rating,3.0,3.0,2024-01-23T00:00:00,1,False
I02614,U0048,P0198,view,,1.0,2024-04-18T00:00:00,4,False
I02615,U0040,P0351,view,,1.0,2024-01-06T00:00:00,1,False
I02616,U0038,P0224,view,,1.0,2024-07-21T00:00:00,7,False
I02617,U0069,P0444,cart,,2.0,2024-08-31T00:00:00,8,False
I02618,U0071,P0458,purchase,,4.0,2024-02-16T00:00:00,2,False
I02619,U0079,P0209,view,,1.0,2024-01-13T00:00:00,1,False
I02620,U0139,P0257,view,,1.0,2025-01-14T00:00:00,1,False
I02621,U0109,P0219,view,,1.0,2024-12-07T00:00:00,12,False
I02622,U0092,P0037,cart,,2.0,2024-08-08T00:00:00,8,False
I02623,U0073,P0154,view,,1.0,2024-02-15T00:00:00,2,False
I02624,U0018,P0191,cart,,2.0,2024-07-26T00:00:00,7,False
I02625,U0161,P0415,view,,1.0,2024-05-03T00:00:00,5,False
I02626,U0010,P0188,view,,1.0,2024-11-24T00:00:00,11,True
I02627,U0187,P0111,view,,1.0,2024-02-29T00:00:00,2,False
I02628,U0131,P0200,view,,1.0,2025-03-17T00:00:00,3,False
I02629,U0217,P0394,purchase,,4.0,2024-01-02T00:00:00,1,False
I02630,U0024,P0338,view,,1.0,2024-12-21T00:00:00,12,False
I02631,U0114,P0253,view,,1.0,2024-06-13T00:00:00,6,False
I02632,U0230,P0420,view,,1.0,2024-03-31T00:00:00,3,False
I02633,U0167,P0016,rating,4.3,4.3,2024-07-25T00:00:00,7,False
I02634,U0157,P0230,cart,,2.0,2024-11-01T00:00:00,11,True
I02635,U0110,P0199,cart,,2.0,2025-01-29T00:00:00,1,False
I02636,U0074,P0482,view,,1.0,2024-07-05T00:00:00,7,False
I02637,U0062,P0417,cart,,2.0,2024-12-02T00:00:00,12,False
I02638,U0164,P0207,view,,1.0,2024-08-27T00:00:00,8,False
I02639,U0021,P0485,purchase,,4.0,2024-05-20T00:00:00,5,False
I02640,U0009,P0208,view,,1.0,2024-05-18T00:00:00,5,False
I02641,U0203,P0184,view,,1.0,2024-03-10T00:00:00,3,False
I02642,U0129,P0261,view,,1.0,2024-07-16T00:00:00,7,False
I02643,U0205,P0380,purchase,,4.0,2025-03-06T00:00:00,3,False
I02644,U0122,P0471,view,,1.0,2024-11-20T00:00:00,11,True
I02645,U0186,P0316,view,,1.0,2024-10-14T00:00:00,10,True
I02646,U0226,P0164,view,,1.0,2024-03-04T00:00:00,3,False
I02647,U0199,P0341,view,,1.0,2025-05-12T00:00:00,5,False
I02648,U0081,P0142,cart,,2.0,2024-02-29T00:00:00,2,False
I02649,U0141,P0059,cart,,2.0,2024-09-13T00:00:00,9,False
I02650,U0065,P0345,view,,1.0,2024-08-26T00:00:00,8,False
I02651,U0033,P0207,view,,1.0,2024-02-07T00:00:00,2,False
I02652,U0025,P0338,purchase,,4.0,2025-02-13T00:00:00,2,False
I02653,U0205,P0284,view,,1.0,2025-02-20T00:00:00,2,False
I02654,U0101,P0214,purchase,,4.0,2025-01-17T00:00:00,1,False
I02655,U0041,P0390,purchase,,4.0,2024-06-06T00:00:00,6,False
I02656,U0057,P0300,purchase,,4.0,2025-03-08T00:00:00,3,False
I02657,U0048,P0259,cart,,2.0,2024-11-23T00:00:00,11,True
I02658,U0177,P0192,view,,1.0,2025-03-06T00:00:00,3,False
I02659,U0056,P0243,view,,1.0,2024-09-24T00:00:00,9,False
I02660,U0069,P0305,view,,1.0,2025-03-24T00:00:00,3,False
I02661,U0025,P0457,view,,1.0,2024-09-13T00:00:00,9,False
I02662,U0160,P0014,cart,,2.0,2025-05-04T00:00:00,5,False
I02663,U0234,P0306,purchase,,4.0,2024-02-18T00:00:00,2,False
I02664,U0147,P0344,view,,1.0,2024-11-11T00:00:00,11,True
I02665,U0235,P0397,rating,3.7,3.7,2025-02-16T00:00:00,2,False
I02666,U0178,P0445,rating,4.4,4.4,2024-01-02T00:00:00,1,False
I02667,U0110,P0166,rating,4.8,4.8,2025-02-23T00:00:00,2,False
I02668,U0061,P0314,purchase,,4.0,2025-03-19T00:00:00,3,False
I02669,U0148,P0460,purchase,,4.0,2025-03-09T00:00:00,3,False
I02670,U0131,P0336,cart,,2.0,2024-02-26T00:00:00,2,False
I02671,U0050,P0039,view,,1.0,2024-06-26T00:00:00,6,False
I02672,U0037,P0223,view,,1.0,2024-02-15T00:00:00,2,False
I02673,U0170,P0151,view,,1.0,2024-09-27T00:00:00,9,False
I02674,U0161,P0413,purchase,,4.0,2024-05-18T00:00:00,5,False
I02675,U0148,P0260,view,,1.0,2024-08-17T00:00:00,8,False
I02676,U0024,P0042,cart,,2.0,2025-01-08T00:00:00,1,False
I02677,U0080,P0249,view,,1.0,2024-03-05T00:00:00,3,False
I02678,U0088,P0176,cart,,2.0,2024-03-28T00:00:00,3,False
I02679,U0201,P0160,cart,,2.0,2024-07-22T00:00:00,7,False
I02680,U0145,P0147,view,,1.0,2025-01-16T00:00:00,1,False
I02681,U0089,P0075,view,,1.0,2025-04-20T00:00:00,4,False
I02682,U0061,P0020,view,,1.0,2024-08-01T00:00:00,8,False
I02683,U0074,P0499,view,,1.0,2024-03-01T00:00:00,3,False
I02684,U0186,P0289,view,,1.0,2024-08-06T00:00:00,8,False
I02685,U0012,P0261,view,,1.0,2025-02-18T00:00:00,2,False
I02686,U0032,P0025,view,,1.0,2024-06-08T00:00:00,6,False
I02687,U0233,P0168,view,,1.0,2024-08-24T00:00:00,8,False
I02688,U0227,P0161,purchase,,4.0,2024-06-29T00:00:00,6,False
I02689,U0061,P0171,cart,,2.0,2024-12-06T00:00:00,12,False
I02690,U0202,P0115,cart,,2.0,2024-03-20T00:00:00,3,False
I02691,U0135,P0028,rating,4.5,4.5,2025-04-17T00:00:00,4,False
I02692,U0036,P0289,purchase,,4.0,2025-01-17T00:00:00,1,False
I02693,U0017,P0037,purchase,,4.0,2025-05-07T00:00:00,5,False
I02694,U0075,P0053,view,,1.0,2025-04-30T00:00:00,4,False
I02695,U0150,P0182,purchase,,4.0,2024-04-26T00:00:00,4,False
I02696,U0043,P0246,purchase,,4.0,2024-04-24T00:00:00,4,False
I02697,U0027,P0402,cart,,2.0,2024-12-01T00:00:00,12,False
I02698,U0080,P0058,view,,1.0,2024-05-26T00:00:00,5,False
I02699,U0122,P0434,purchase,,4.0,2024-03-21T00:00:00,3,False
I02700,U0173,P0147,view,,1.0,2025-01-09T00:00:00,1,False
I02701,U0058,P0440,view,,1.0,2024-03-03T00:00:00,3,False
I02702,U0156,P0082,view,,1.0,2025-03-24T00:00:00,3,False
I02703,U0172,P0500,cart,,2.0,2025-03-02T00:00:00,3,False
I02704,U0165,P0464,rating,4.0,4.0,2024-11-17T00:00:00,11,True
I02705,U0145,P0157,view,,1.0,2024-06-14T00:00:00,6,False
I02706,U0085,P0058,view,,1.0,2025-04-05T00:00:00,4,False
I02707,U0203,P0083,purchase,,4.0,2024-07-07T00:00:00,7,False
I02708,U0208,P0192,view,,1.0,2025-01-13T00:00:00,1,False
I02709,U0002,P0348,cart,,2.0,2024-12-29T00:00:00,12,False
I02710,U0072,P0481,cart,,2.0,2025-03-02T00:00:00,3,False
I02711,U0126,P0147,rating,3.3,3.3,2024-06-18T00:00:00,6,False
I02712,U0216,P0138,view,,1.0,2024-07-13T00:00:00,7,False
I02713,U0158,P0114,view,,1.0,2024-10-01T00:00:00,10,True
I02714,U0007,P0169,view,,1.0,2024-06-26T00:00:00,6,False
I02715,U0203,P0159,purchase,,4.0,2025-04-06T00:00:00,4,False
I02716,U0080,P0037,view,,1.0,2025-02-20T00:00:00,2,False
I02717,U0128,P0228,cart,,2.0,2025-01-25T00:00:00,1,False
I02718,U0128,P0072,view,,1.0,2024-05-05T00:00:00,5,False
I02719,U0238,P0254,view,,1.0,2024-02-16T00:00:00,2,False
I02720,U0206,P0154,rating,3.4,3.4,2025-04-20T00:00:00,4,False
I02721,U0181,P0469,rating,3.2,3.2,2025-04-08T00:00:00,4,False
I02722,U0050,P0222,view,,1.0,2024-01-23T00:00:00,1,False
I02723,U0054,P0225,purchase,,4.0,2024-08-22T00:00:00,8,False
I02724,U0228,P0015,cart,,2.0,2024-02-28T00:00:00,2,False
I02725,U0164,P0361,view,,1.0,2024-08-03T00:00:00,8,False
I02726,U0183,P0443,cart,,2.0,2024-03-30T00:00:00,3,False
I02727,U0196,P0036,cart,,2.0,2024-11-06T00:00:00,11,True
I02728,U0045,P0471,cart,,2.0,2024-09-13T00:00:00,9,False
I02729,U0021,P0158,view,,1.0,2024-02-21T00:00:00,2,False
I02730,U0082,P0190,cart,,2.0,2024-06-19T00:00:00,6,False
I02731,U0180,P0422,view,,1.0,2024-03-07T00:00:00,3,False
I02732,U0113,P0485,cart,,2.0,2024-10-26T00:00:00,10,True
I02733,U0160,P0315,purchase,,4.0,2024-08-19T00:00:00,8,False
I02734,U0207,P0265,view,,1.0,2024-03-08T00:00:00,3,False
I02735,U0028,P0238,rating,4.6,4.6,2024-02-20T00:00:00,2,False
I02736,U0181,P0159,view,,1.0,2024-09-16T00:00:00,9,False
I02737,U0079,P0494,cart,,2.0,2024-07-02T00:00:00,7,False
I02738,U0023,P0182,view,,1.0,2024-05-08T00:00:00,5,False
I02739,U0035,P0107,purchase,,4.0,2025-05-15T00:00:00,5,False
I02740,U0186,P0377,view,,1.0,2025-04-23T00:00:00,4,False
I02741,U0059,P0485,purchase,,4.0,2025-05-06T00:00:00,5,False
I02742,U0001,P0246,purchase,,4.0,2024-03-07T00:00:00,3,False
I02743,U0037,P0169,purchase,,4.0,2025-04-11T00:00:00,4,False
I02744,U0029,P0494,purchase,,4.0,2025-02-20T00:00:00,2,False
I02745,U0100,P0293,view,,1.0,2024-07-07T00:00:00,7,False
I02746,U0221,P0249,rating,5.0,5.0,2025-01-22T00:00:00,1,False
I02747,U0161,P0204,cart,,2.0,2024-06-24T00:00:00,6,False
I02748,U0131,P0490,view,,1.0,2025-04-15T00:00:00,4,False
I02749,U0085,P0107,cart,,2.0,2024-08-20T00:00:00,8,False
I02750,U0151,P0301,view,,1.0,2025-03-27T00:00:00,3,False
I02751,U0021,P0253,cart,,2.0,2024-08-16T00:00:00,8,False
I02752,U0171,P0487,view,,1.0,2024-07-31T00:00:00,7,False
I02753,U0026,P0201,view,,1.0,2024-02-10T00:00:00,2,False
I02754,U0122,P0020,purchase,,4.0,2024-08-14T00:00:00,8,False
I02755,U0038,P0383,cart,,2.0,2024-09-23T00:00:00,9,False
I02756,U0233,P0376,view,,1.0,2025-03-26T00:00:00,3,False
I02757,U0193,P0383,view,,1.0,2024-03-01T00:00:00,3,False
I02758,U0147,P0243,view,,1.0,2024-11-29T00:00:00,11,True
I02759,U0113,P0188,view,,1.0,2024-05-21T00:00:00,5,False
I02760,U0044,P0053,view,,1.0,2024-05-23T00:00:00,5,False
I02761,U0097,P0155,view,,1.0,2024-11-28T00:00:00,11,True
I02762,U0230,P0460,purchase,,4.0,2025-05-11T00:00:00,5,False
I02763,U0140,P0457,view,,1.0,2024-02-24T00:00:00,2,False
I02764,U0051,P0354,cart,,2.0,2025-02-26T00:00:00,2,False
I02765,U0161,P0473,rating,3.8,3.8,2024-11-20T00:00:00,11,True
I02766,U0198,P0270,view,,1.0,2024-03-20T00:00:00,3,False
I02767,U0031,P0440,view,,1.0,2024-04-21T00:00:00,4,False
I02768,U0046,P0113,cart,,2.0,2025-04-16T00:00:00,4,False
I02769,U0074,P0499,view,,1.0,2025-04-23T00:00:00,4,False
I02770,U0077,P0173,view,,1.0,2025-01-21T00:00:00,1,False
I02771,U0187,P0250,view,,1.0,2025-03-08T00:00:00,3,False
I02772,U0156,P0238,purchase,,4.0,2025-04-11T00:00:00,4,False
I02773,U0087,P0340,view,,1.0,2024-09-04T00:00:00,9,False
I02774,U0069,P0016,rating,4.9,4.9,2024-04-29T00:00:00,4,False
I02775,U0152,P0387,cart,,2.0,2025-04-14T00:00:00,4,False
I02776,U0237,P0144,purchase,,4.0,2024-10-12T00:00:00,10,True
I02777,U0188,P0275,view,,1.0,2024-11-07T00:00:00,11,True
I02778,U0053,P0423,purchase,,4.0,2024-04-06T00:00:00,4,False
I02779,U0197,P0033,view,,1.0,2024-04-22T00:00:00,4,False
I02780,U0220,P0257,cart,,2.0,2025-03-31T00:00:00,3,False
I02781,U0207,P0099,view,,1.0,2024-05-11T00:00:00,5,False
I02782,U0162,P0225,view,,1.0,2024-04-30T00:00:00,4,False
I02783,U0197,P0338,view,,1.0,2025-04-26T00:00:00,4,False
I02784,U0122,P0431,view,,1.0,2024-02-08T00:00:00,2,False
I02785,U0054,P0463,purchase,,4.0,2025-05-26T00:00:00,5,False
I02786,U0218,P0271,purchase,,4.0,2024-06-09T00:00:00,6,False
I02787,U0033,P0295,view,,1.0,2024-07-18T00:00:00,7,False
I02788,U0020,P0429,view,,1.0,2025-05-17T00:00:00,5,False
I02789,U0127,P0487,purchase,,4.0,2024-08-05T00:00:00,8,False
I02790,U0087,P0177,cart,,2.0,2024-03-22T00:00:00,3,False
I02791,U0062,P0232,view,,1.0,2025-05-14T00:00:00,5,False
I02792,U0042,P0131,cart,,2.0,2024-01-12T00:00:00,1,False
I02793,U0065,P0494,view,,1.0,2024-04-24T00:00:00,4,False
I02794,U0218,P0405,view,,1.0,2024-04-15T00:00:00,4,False
I02795,U0179,P0117,view,,1.0,2025-04-16T00:00:00,4,False
I02796,U0078,P0097,view,,1.0,2025-01-21T00:00:00,1,False
I02797,U0226,P0163,view,,1.0,2025-04-25T00:00:00,4,False
I02798,U0152,P0269,purchase,,4.0,2025-04-01T00:00:00,4,False
I02799,U0141,P0226,cart,,2.0,2024-01-21T00:00:00,1,False
I02800,U0147,P0387,view,,1.0,2024-07-21T00:00:00,7,False
I02801,U0161,P0008,view,,1.0,2025-02-19T00:00:00,2,False
I02802,U0192,P0199,rating,4.3,4.3,2025-05-26T00:00:00,5,False
I02803,U0085,P0241,cart,,2.0,2024-06-15T00:00:00,6,False
I02804,U0128,P0429,view,,1.0,2025-04-12T00:00:00,4,False
I02805,U0072,P0254,cart,,2.0,2025-04-17T00:00:00,4,False
I02806,U0225,P0160,view,,1.0,2024-09-14T00:00:00,9,False
I02807,U0019,P0330,view,,1.0,2024-01-20T00:00:00,1,False
I02808,U0234,P0204,rating,4.0,4.0,2025-05-04T00:00:00,5,False
I02809,U0089,P0282,purchase,,4.0,2025-04-30T00:00:00,4,False
I02810,U0196,P0361,rating,4.4,4.4,2024-12-15T00:00:00,12,False
I02811,U0084,P0479,cart,,2.0,2025-01-21T00:00:00,1,False
I02812,U0087,P0448,purchase,,4.0,2024-11-02T00:00:00,11,True
I02813,U0082,P0005,view,,1.0,2024-06-02T00:00:00,6,False
I02814,U0184,P0369,view,,1.0,2024-09-20T00:00:00,9,False
I02815,U0209,P0240,cart,,2.0,2025-02-24T00:00:00,2,False
I02816,U0237,P0089,rating,5.0,5.0,2025-02-14T00:00:00,2,False
I02817,U0218,P0331,view,,1.0,2025-04-16T00:00:00,4,False
I02818,U0110,P0116,view,,1.0,2024-02-06T00:00:00,2,False
I02819,U0224,P0299,view,,1.0,2024-01-31T00:00:00,1,False
I02820,U0183,P0208,purchase,,4.0,2025-01-15T00:00:00,1,False
I02821,U0012,P0089,view,,1.0,2024-01-11T00:00:00,1,False
I02822,U0088,P0427,view,,1.0,2024-06-14T00:00:00,6,False
I02823,U0188,P0095,view,,1.0,2024-12-07T00:00:00,12,False
I02824,U0226,P0192,view,,1.0,2024-01-19T00:00:00,1,False
I02825,U0116,P0087,view,,1.0,2024-07-02T00:00:00,7,False
I02826,U0014,P0172,cart,,2.0,2024-01-10T00:00:00,1,False
I02827,U0080,P0258,view,,1.0,2024-07-10T00:00:00,7,False
I02828,U0064,P0163,cart,,2.0,2025-04-19T00:00:00,4,False
I02829,U0092,P0456,rating,4.6,4.6,2025-03-02T00:00:00,3,False
I02830,U0080,P0306,view,,1.0,2024-02-28T00:00:00,2,False
I02831,U0180,P0109,view,,1.0,2024-04-06T00:00:00,4,False
I02832,U0240,P0293,purchase,,4.0,2024-10-04T00:00:00,10,True
I02833,U0009,P0100,view,,1.0,2024-01-09T00:00:00,1,False
I02834,U0201,P0394,cart,,2.0,2024-09-29T00:00:00,9,False
I02835,U0172,P0264,view,,1.0,2024-01-08T00:00:00,1,False
I02836,U0208,P0099,view,,1.0,2024-05-02T00:00:00,5,False
I02837,U0033,P0118,view,,1.0,2025-05-27T00:00:00,5,False
I02838,U0204,P0162,view,,1.0,2025-06-01T00:00:00,6,False
I02839,U0041,P0279,view,,1.0,2025-05-31T00:00:00,5,False
I02840,U0187,P0295,view,,1.0,2024-12-04T00:00:00,12,False
I02841,U0182,P0219,rating,3.1,3.1,2025-03-20T00:00:00,3,False
I02842,U0069,P0332,view,,1.0,2024-12-03T00:00:00,12,False
I02843,U0178,P0294,view,,1.0,2024-04-04T00:00:00,4,False
I02844,U0033,P0432,purchase,,4.0,2024-05-25T00:00:00,5,False
I02845,U0125,P0084,view,,1.0,2024-08-18T00:00:00,8,False
I02846,U0016,P0130,purchase,,4.0,2025-05-09T00:00:00,5,False
I02847,U0038,P0117,purchase,,4.0,2025-02-28T00:00:00,2,False
I02848,U0135,P0448,view,,1.0,2025-03-12T00:00:00,3,False
I02849,U0063,P0168,cart,,2.0,2025-01-02T00:00:00,1,False
I02850,U0089,P0398,cart,,2.0,2024-06-08T00:00:00,6,False
I02851,U0038,P0347,rating,3.6,3.6,2024-05-23T00:00:00,5,False
I02852,U0076,P0005,view,,1.0,2024-12-10T00:00:00,12,False
I02853,U0013,P0340,view,,1.0,2024-09-24T00:00:00,9,False
I02854,U0169,P0050,view,,1.0,2024-02-02T00:00:00,2,False
I02855,U0121,P0297,cart,,2.0,2024-08-01T00:00:00,8,False
I02856,U0050,P0202,view,,1.0,2025-03-15T00:00:00,3,False
I02857,U0236,P0408,rating,4.6,4.6,2025-01-27T00:00:00,1,False
I02858,U0039,P0083,view,,1.0,2024-06-21T00:00:00,6,False
I02859,U0017,P0351,rating,3.9,3.9,2024-02-25T00:00:00,2,False
I02860,U0226,P0067,purchase,,4.0,2024-03-07T00:00:00,3,False
I02861,U0197,P0101,view,,1.0,2024-01-23T00:00:00,1,False
I02862,U0231,P0274,purchase,,4.0,2024-08-24T00:00:00,8,False
I02863,U0189,P0396,view,,1.0,2024-05-17T00:00:00,5,False
I02864,U0217,P0374,rating,4.4,4.4,2024-08-16T00:00:00,8,False
I02865,U0215,P0354,cart,,2.0,2024-07-19T00:00:00,7,False
I02866,U0180,P0202,rating,3.4,3.4,2024-09-14T00:00:00,9,False
I02867,U0224,P0393,cart,,2.0,2024-06-26T00:00:00,6,False
I02868,U0123,P0270,view,,1.0,2024-12-07T00:00:00,12,False
I02869,U0171,P0438,rating,3.6,3.6,2024-02-28T00:00:00,2,False
I02870,U0117,P0477,cart,,2.0,2024-04-04T00:00:00,4,False
I02871,U0125,P0135,purchase,,4.0,2024-02-10T00:00:00,2,False
I02872,U0123,P0479,cart,,2.0,2024-09-10T00:00:00,9,False
I02873,U0007,P0199,purchase,,4.0,2025-04-15T00:00:00,4,False
I02874,U0216,P0445,view,,1.0,2025-05-25T00:00:00,5,False
I02875,U0069,P0359,view,,1.0,2024-03-09T00:00:00,3,False
I02876,U0081,P0242,view,,1.0,2024-09-18T00:00:00,9,False
I02877,U0089,P0150,rating,4.4,4.4,2024-07-26T00:00:00,7,False
I02878,U0213,P0242,view,,1.0,2024-09-22T00:00:00,9,False
I02879,U0144,P0133,view,,1.0,2024-10-19T00:00:00,10,True
I02880,U0207,P0467,view,,1.0,2024-11-28T00:00:00,11,True
I02881,U0077,P0387,cart,,2.0,2024-10-14T00:00:00,10,True
I02882,U0237,P0391,view,,1.0,2024-02-16T00:00:00,2,False
I02883,U0110,P0182,view,,1.0,2024-07-18T00:00:00,7,False
I02884,U0171,P0259,cart,,2.0,2024-07-28T00:00:00,7,False
I02885,U0120,P0190,purchase,,4.0,2025-02-23T00:00:00,2,False
I02886,U0154,P0359,view,,1.0,2025-02-18T00:00:00,2,False
I02887,U0097,P0399,view,,1.0,2024-06-05T00:00:00,6,False
I02888,U0005,P0225,view,,1.0,2024-03-17T00:00:00,3,False
I02889,U0001,P0292,view,,1.0,2025-05-02T00:00:00,5,False
I02890,U0131,P0235,view,,1.0,2025-03-30T00:00:00,3,False
I02891,U0228,P0333,cart,,2.0,2024-06-11T00:00:00,6,False
I02892,U0015,P0058,cart,,2.0,2024-08-19T00:00:00,8,False
I02893,U0195,P0485,view,,1.0,2024-12-24T00:00:00,12,False
I02894,U0082,P0120,view,,1.0,2024-11-26T00:00:00,11,True
I02895,U0171,P0256,view,,1.0,2025-05-11T00:00:00,5,False
I02896,U0060,P0304,view,,1.0,2025-04-30T00:00:00,4,False
I02897,U0040,P0276,cart,,2.0,2025-03-24T00:00:00,3,False
I02898,U0157,P0387,cart,,2.0,2024-11-25T00:00:00,11,True
I02899,U0220,P0103,rating,4.1,4.1,2024-05-26T00:00:00,5,False
I02900,U0225,P0311,cart,,2.0,2024-12-30T00:00:00,12,False
I02901,U0090,P0310,view,,1.0,2024-06-12T00:00:00,6,False
I02902,U0225,P0279,view,,1.0,2024-03-24T00:00:00,3,False
I02903,U0077,P0479,view,,1.0,2025-05-31T00:00:00,5,False
I02904,U0229,P0099,rating,4.7,4.7,2024-04-13T00:00:00,4,False
I02905,U0196,P0413,purchase,,4.0,2025-05-01T00:00:00,5,False
I02906,U0083,P0155,view,,1.0,2025-04-22T00:00:00,4,False
I02907,U0211,P0181,cart,,2.0,2024-08-10T00:00:00,8,False
I02908,U0009,P0327,view,,1.0,2024-02-22T00:00:00,2,False
I02909,U0077,P0030,view,,1.0,2025-05-17T00:00:00,5,False
I02910,U0060,P0303,view,,1.0,2024-06-13T00:00:00,6,False
I02911,U0023,P0060,view,,1.0,2024-01-27T00:00:00,1,False
I02912,U0070,P0432,cart,,2.0,2024-08-05T00:00:00,8,False
I02913,U0194,P0158,view,,1.0,2024-12-30T00:00:00,12,False
I02914,U0189,P0348,view,,1.0,2024-11-01T00:00:00,11,True
I02915,U0124,P0299,view,,1.0,2024-01-19T00:00:00,1,False
I02916,U0001,P0444,cart,,2.0,2024-10-22T00:00:00,10,True
I02917,U0160,P0116,purchase,,4.0,2024-01-22T00:00:00,1,False
I02918,U0112,P0238,view,,1.0,2025-03-25T00:00:00,3,False
I02919,U0040,P0251,purchase,,4.0,2024-02-17T00:00:00,2,False
I02920,U0183,P0182,view,,1.0,2024-07-01T00:00:00,7,False
I02921,U0179,P0434,view,,1.0,2024-04-16T00:00:00,4,False
I02922,U0188,P0402,view,,1.0,2024-03-26T00:00:00,3,False
I02923,U0068,P0482,view,,1.0,2025-03-31T00:00:00,3,False
I02924,U0137,P0483,view,,1.0,2024-12-01T00:00:00,12,False
I02925,U0095,P0119,view,,1.0,2025-04-13T00:00:00,4,False
I02926,U0090,P0360,view,,1.0,2025-02-06T00:00:00,2,False
I02927,U0028,P0403,view,,1.0,2024-03-12T00:00:00,3,False
I02928,U0014,P0315,view,,1.0,2024-01-24T00:00:00,1,False
I02929,U0112,P0240,view,,1.0,2025-04-29T00:00:00,4,False
I02930,U0056,P0112,cart,,2.0,2024-08-10T00:00:00,8,False
I02931,U0120,P0274,cart,,2.0,2024-06-27T00:00:00,6,False
I02932,U0032,P0394,rating,3.2,3.2,2025-03-09T00:00:00,3,False
I02933,U0236,P0359,cart,,2.0,2024-07-07T00:00:00,7,False
I02934,U0066,P0187,cart,,2.0,2025-02-23T00:00:00,2,False
I02935,U0076,P0367,view,,1.0,2024-06-12T00:00:00,6,False
I02936,U0233,P0403,rating,4.2,4.2,2024-09-11T00:00:00,9,False
I02937,U0220,P0404,view,,1.0,2025-02-20T00:00:00,2,False
I02938,U0170,P0185,view,,1.0,2024-11-12T00:00:00,11,True
I02939,U0174,P0091,view,,1.0,2025-04-14T00:00:00,4,False
I02940,U0089,P0072,purchase,,4.0,2025-03-20T00:00:00,3,False
I02941,U0018,P0420,rating,3.8,3.8,2024-03-10T00:00:00,3,False
I02942,U0176,P0018,view,,1.0,2025-03-31T00:00:00,3,False
I02943,U0013,P0388,view,,1.0,2024-07-06T00:00:00,7,False
I02944,U0057,P0151,view,,1.0,2025-03-09T00:00:00,3,False
I02945,U0032,P0373,purchase,,4.0,2025-05-13T00:00:00,5,False
I02946,U0185,P0319,view,,1.0,2024-10-29T00:00:00,10,True
I02947,U0087,P0185,purchase,,4.0,2025-03-13T00:00:00,3,False
I02948,U0029,P0098,view,,1.0,2024-01-22T00:00:00,1,False
I02949,U0065,P0016,view,,1.0,2025-05-31T00:00:00,5,False
I02950,U0163,P0101,cart,,2.0,2025-05-17T00:00:00,5,False
I02951,U0202,P0266,rating,4.0,4.0,2025-04-11T00:00:00,4,False
I02952,U0101,P0282,view,,1.0,2024-05-20T00:00:00,5,False
I02953,U0138,P0269,cart,,2.0,2024-08-15T00:00:00,8,False
I02954,U0025,P0129,view,,1.0,2025-03-06T00:00:00,3,False
I02955,U0040,P0500,purchase,,4.0,2025-06-02T00:00:00,6,False
I02956,U0174,P0035,view,,1.0,2024-07-29T00:00:00,7,False
I02957,U0046,P0065,cart,,2.0,2024-03-26T00:00:00,3,False
I02958,U0141,P0429,view,,1.0,2024-09-09T00:00:00,9,False
I02959,U0021,P0250,purchase,,4.0,2025-01-15T00:00:00,1,False
I02960,U0188,P0442,cart,,2.0,2024-02-02T00:00:00,2,False
I02961,U0004,P0438,view,,1.0,2024-08-21T00:00:00,8,False
I02962,U0003,P0178,view,,1.0,2024-11-03T00:00:00,11,True
I02963,U0233,P0242,view,,1.0,2024-03-10T00:00:00,3,False
I02964,U0198,P0351,cart,,2.0,2025-03-14T00:00:00,3,False
I02965,U0057,P0406,purchase,,4.0,2024-12-29T00:00:00,12,False
I02966,U0215,P0290,view,,1.0,2025-04-25T00:00:00,4,False
I02967,U0144,P0041,view,,1.0,2024-01-24T00:00:00,1,False
I02968,U0197,P0254,cart,,2.0,2025-02-28T00:00:00,2,False
I02969,U0234,P0328,view,,1.0,2024-06-23T00:00:00,6,False
I02970,U0076,P0387,view,,1.0,2024-11-20T00:00:00,11,True
I02971,U0101,P0283,view,,1.0,2024-12-13T00:00:00,12,False
I02972,U0030,P0370,rating,3.9,3.9,2024-01-18T00:00:00,1,False
I02973,U0056,P0214,view,,1.0,2024-01-31T00:00:00,1,False
I02974,U0101,P0261,view,,1.0,2024-02-28T00:00:00,2,False
I02975,U0124,P0177,cart,,2.0,2024-12-18T00:00:00,12,False
I02976,U0167,P0280,view,,1.0,2025-03-20T00:00:00,3,False
I02977,U0235,P0145,view,,1.0,2024-04-16T00:00:00,4,False
I02978,U0191,P0349,purchase,,4.0,2024-09-01T00:00:00,9,False
I02979,U0227,P0208,rating,3.4,3.4,2024-03-16T00:00:00,3,False
I02980,U0035,P0430,cart,,2.0,2024-09-23T00:00:00,9,False
I02981,U0061,P0089,purchase,,4.0,2024-04-30T00:00:00,4,False
I02982,U0068,P0434,cart,,2.0,2024-01-25T00:00:00,1,False
I02983,U0176,P0251,purchase,,4.0,2024-06-08T00:00:00,6,False
I02984,U0084,P0403,cart,,2.0,2024-04-23T00:00:00,4,False
I02985,U0223,P0221,purchase,,4.0,2025-05-16T00:00:00,5,False
I02986,U0166,P0478,rating,5.0,5.0,2024-06-23T00:00:00,6,False
I02987,U0062,P0107,cart,,2.0,2024-11-15T00:00:00,11,True
I02988,U0145,P0173,cart,,2.0,2025-01-16T00:00:00,1,False
I02989,U0206,P0055,cart,,2.0,2024-11-13T00:00:00,11,True
I02990,U0035,P0088,view,,1.0,2024-09-06T00:00:00,9,False
I02991,U0013,P0104,cart,,2.0,2024-09-12T00:00:00,9,False
I02992,U0051,P0063,purchase,,4.0,2024-05-23T00:00:00,5,False
I02993,U0146,P0294,view,,1.0,2025-01-25T00:00:00,1,False
I02994,U0045,P0134,view,,1.0,2024-06-17T00:00:00,6,False
I02995,U0222,P0014,view,,1.0,2024-10-24T00:00:00,10,True
I02996,U0233,P0162,view,,1.0,2024-09-27T00:00:00,9,False
I02997,U0060,P0106,view,,1.0,2024-10-22T00:00:00,10,True
I02998,U0211,P0299,view,,1.0,2024-08-22T00:00:00,8,False
I02999,U0165,P0042,view,,1.0,2024-08-21T00:00:00,8,False
I03000,U0112,P0075,cart,,2.0,2024-08-19T00:00:00,8,False
I03001,U0105,P0082,cart,,2.0,2025-05-05T00:00:00,5,False
I03002,U0107,P0290,view,,1.0,2025-05-17T00:00:00,5,False
I03003,U0122,P0209,purchase,,4.0,2025-01-15T00:00:00,1,False
I03004,U0184,P0460,view,,1.0,2025-03-03T00:00:00,3,False
I03005,U0185,P0330,view,,1.0,2024-12-29T00:00:00,12,False
I03006,U0202,P0100,purchase,,4.0,2024-05-25T00:00:00,5,False
I03007,U0068,P0305,cart,,2.0,2025-04-01T00:00:00,4,False
I03008,U0135,P0066,cart,,2.0,2024-09-20T00:00:00,9,False
I03009,U0064,P0262,purchase,,4.0,2025-05-05T00:00:00,5,False
I03010,U0135,P0453,view,,1.0,2024-02-10T00:00:00,2,False
I03011,U0040,P0067,purchase,,4.0,2024-01-03T00:00:00,1,False
I03012,U0145,P0364,purchase,,4.0,2024-04-19T00:00:00,4,False
I03013,U0221,P0065,purchase,,4.0,2025-01-04T00:00:00,1,False
I03014,U0112,P0028,view,,1.0,2025-03-11T00:00:00,3,False
I03015,U0150,P0110,cart,,2.0,2024-01-04T00:00:00,1,False
I03016,U0134,P0131,purchase,,4.0,2024-06-14T00:00:00,6,False
I03017,U0026,P0104,cart,,2.0,2025-01-29T00:00:00,1,False
I03018,U0218,P0426,view,,1.0,2024-01-17T00:00:00,1,False
I03019,U0216,P0301,view,,1.0,2024-04-01T00:00:00,4,False
I03020,U0227,P0062,view,,1.0,2024-07-23T00:00:00,7,False
I03021,U0163,P0223,view,,1.0,2025-02-03T00:00:00,2,False
I03022,U0207,P0092,view,,1.0,2024-05-25T00:00:00,5,False
I03023,U0111,P0129,view,,1.0,2024-04-10T00:00:00,4,False
I03024,U0112,P0250,purchase,,4.0,2024-08-28T00:00:00,8,False
I03025,U0233,P0006,view,,1.0,2024-06-11T00:00:00,6,False
I03026,U0116,P0483,view,,1.0,2024-06-21T00:00:00,6,False
I03027,U0035,P0176,view,,1.0,2024-10-10T00:00:00,10,True
I03028,U0103,P0054,view,,1.0,2025-01-15T00:00:00,1,False
I03029,U0102,P0430,cart,,2.0,2024-06-11T00:00:00,6,False
I03030,U0234,P0221,cart,,2.0,2024-11-02T00:00:00,11,True
I03031,U0083,P0153,view,,1.0,2024-02-24T00:00:00,2,False
I03032,U0215,P0450,view,,1.0,2024-11-28T00:00:00,11,True
I03033,U0127,P0471,view,,1.0,2024-08-30T00:00:00,8,False
I03034,U0093,P0479,view,,1.0,2025-02-12T00:00:00,2,False
I03035,U0215,P0247,purchase,,4.0,2024-10-29T00:00:00,10,True
I03036,U0208,P0306,purchase,,4.0,2024-08-22T00:00:00,8,False
I03037,U0184,P0222,rating,3.3,3.3,2024-02-07T00:00:00,2,False
I03038,U0139,P0265,view,,1.0,2024-07-13T00:00:00,7,False
I03039,U0015,P0008,cart,,2.0,2024-01-01T00:00:00,1,False
I03040,U0049,P0306,rating,3.8,3.8,2024-04-05T00:00:00,4,False
I03041,U0173,P0054,view,,1.0,2024-08-22T00:00:00,8,False
I03042,U0093,P0243,rating,5.0,5.0,2025-04-25T00:00:00,4,False
I03043,U0071,P0109,view,,1.0,2025-01-30T00:00:00,1,False
I03044,U0095,P0238,cart,,2.0,2025-02-19T00:00:00,2,False
I03045,U0118,P0397,rating,4.7,4.7,2024-02-20T00:00:00,2,False
I03046,U0114,P0100,purchase,,4.0,2025-04-25T00:00:00,4,False
I03047,U0212,P0038,rating,3.0,3.0,2024-05-21T00:00:00,5,False
I03048,U0100,P0429,purchase,,4.0,2025-04-15T00:00:00,4,False
I03049,U0109,P0308,rating,3.8,3.8,2025-03-14T00:00:00,3,False
I03050,U0189,P0252,view,,1.0,2025-04-08T00:00:00,4,False
I03051,U0024,P0408,cart,,2.0,2024-05-30T00:00:00,5,False
I03052,U0240,P0187,cart,,2.0,2024-09-22T00:00:00,9,False
I03053,U0182,P0192,purchase,,4.0,2024-04-14T00:00:00,4,False
I03054,U0169,P0007,purchase,,4.0,2025-03-08T00:00:00,3,False
I03055,U0145,P0312,cart,,2.0,2025-05-11T00:00:00,5,False
I03056,U0184,P0098,cart,,2.0,2024-06-06T00:00:00,6,False
I03057,U0172,P0267,cart,,2.0,2025-05-08T00:00:00,5,False
I03058,U0202,P0322,cart,,2.0,2024-11-06T00:00:00,11,True
I03059,U0147,P0368,cart,,2.0,2025-04-07T00:00:00,4,False
I03060,U0111,P0421,view,,1.0,2024-09-11T00:00:00,9,False
I03061,U0208,P0485,purchase,,4.0,2025-03-25T00:00:00,3,False
I03062,U0095,P0245,purchase,,4.0,2025-04-22T00:00:00,4,False
I03063,U0171,P0185,view,,1.0,2024-07-08T00:00:00,7,False
I03064,U0199,P0319,view,,1.0,2025-04-28T00:00:00,4,False
I03065,U0221,P0435,cart,,2.0,2025-02-26T00:00:00,2,False
I03066,U0068,P0086,view,,1.0,2024-05-12T00:00:00,5,False
I03067,U0055,P0320,view,,1.0,2025-05-24T00:00:00,5,False
I03068,U0158,P0059,view,,1.0,2025-02-13T00:00:00,2,False
I03069,U0211,P0191,view,,1.0,2024-10-19T00:00:00,10,True
I03070,U0219,P0454,cart,,2.0,2024-04-24T00:00:00,4,False
I03071,U0181,P0016,view,,1.0,2024-09-15T00:00:00,9,False
I03072,U0122,P0475,view,,1.0,2024-10-25T00:00:00,10,True
I03073,U0007,P0161,view,,1.0,2025-01-15T00:00:00,1,False
I03074,U0049,P0464,view,,1.0,2025-05-15T00:00:00,5,False
I03075,U0041,P0254,rating,3.4,3.4,2024-12-27T00:00:00,12,False
I03076,U0077,P0070,cart,,2.0,2025-04-07T00:00:00,4,False
I03077,U0182,P0227,view,,1.0,2024-05-06T00:00:00,5,False
I03078,U0197,P0301,view,,1.0,2024-08-08T00:00:00,8,False
I03079,U0227,P0032,cart,,2.0,2024-03-31T00:00:00,3,False
I03080,U0155,P0084,view,,1.0,2024-01-08T00:00:00,1,False
I03081,U0032,P0341,cart,,2.0,2025-04-12T00:00:00,4,False
I03082,U0064,P0271,view,,1.0,2025-01-28T00:00:00,1,False
I03083,U0013,P0147,purchase,,4.0,2024-07-09T00:00:00,7,False
I03084,U0093,P0346,cart,,2.0,2024-03-01T00:00:00,3,False
I03085,U0182,P0374,cart,,2.0,2024-09-20T00:00:00,9,False
I03086,U0029,P0354,view,,1.0,2024-04-04T00:00:00,4,False
I03087,U0041,P0184,view,,1.0,2025-04-14T00:00:00,4,False
I03088,U0149,P0469,purchase,,4.0,2025-05-28T00:00:00,5,False
I03089,U0178,P0341,cart,,2.0,2024-07-12T00:00:00,7,False
I03090,U0226,P0429,view,,1.0,2024-12-01T00:00:00,12,False
I03091,U0179,P0442,view,,1.0,2024-07-14T00:00:00,7,False
I03092,U0087,P0201,view,,1.0,2024-09-05T00:00:00,9,False
I03093,U0212,P0123,purchase,,4.0,2025-04-10T00:00:00,4,False
I03094,U0106,P0221,view,,1.0,2024-08-08T00:00:00,8,False
I03095,U0017,P0098,cart,,2.0,2024-06-02T00:00:00,6,False
I03096,U0023,P0500,view,,1.0,2025-03-15T00:00:00,3,False
I03097,U0180,P0059,view,,1.0,2024-10-02T00:00:00,10,True
I03098,U0237,P0088,view,,1.0,2025-05-28T00:00:00,5,False
I03099,U0088,P0267,view,,1.0,2025-05-19T00:00:00,5,False
I03100,U0078,P0405,view,,1.0,2024-08-28T00:00:00,8,False
I03101,U0141,P0350,view,,1.0,2024-08-23T00:00:00,8,False
I03102,U0128,P0466,view,,1.0,2025-05-17T00:00:00,5,False
I03103,U0200,P0164,cart,,2.0,2025-05-16T00:00:00,5,False
I03104,U0138,P0380,view,,1.0,2025-05-06T00:00:00,5,False
I03105,U0021,P0264,cart,,2.0,2024-08-21T00:00:00,8,False
I03106,U0202,P0292,cart,,2.0,2025-02-19T00:00:00,2,False
I03107,U0148,P0251,purchase,,4.0,2024-01-29T00:00:00,1,False
I03108,U0105,P0096,view,,1.0,2024-11-03T00:00:00,11,True
I03109,U0115,P0289,cart,,2.0,2024-06-10T00:00:00,6,False
I03110,U0101,P0088,rating,4.4,4.4,2024-03-01T00:00:00,3,False
I03111,U0139,P0304,purchase,,4.0,2025-04-10T00:00:00,4,False
I03112,U0234,P0081,cart,,2.0,2024-08-08T00:00:00,8,False
I03113,U0217,P0272,view,,1.0,2025-05-08T00:00:00,5,False
I03114,U0131,P0447,view,,1.0,2024-03-22T00:00:00,3,False
I03115,U0088,P0331,view,,1.0,2024-01-12T00:00:00,1,False
I03116,U0007,P0081,cart,,2.0,2025-03-24T00:00:00,3,False
I03117,U0192,P0247,view,,1.0,2024-04-23T00:00:00,4,False
I03118,U0026,P0226,cart,,2.0,2025-05-13T00:00:00,5,False
I03119,U0033,P0027,view,,1.0,2024-03-02T00:00:00,3,False
I03120,U0229,P0081,view,,1.0,2024-02-04T00:00:00,2,False
I03121,U0193,P0228,view,,1.0,2025-03-31T00:00:00,3,False
I03122,U0076,P0289,view,,1.0,2025-05-16T00:00:00,5,False
I03123,U0083,P0096,view,,1.0,2024-01-25T00:00:00,1,False
I03124,U0057,P0350,view,,1.0,2024-02-01T00:00:00,2,False
I03125,U0063,P0188,purchase,,4.0,2024-01-12T00:00:00,1,False
I03126,U0063,P0137,view,,1.0,2024-01-01T00:00:00,1,False
I03127,U0179,P0443,view,,1.0,2024-05-15T00:00:00,5,False
I03128,U0196,P0083,view,,1.0,2024-05-12T00:00:00,5,False
I03129,U0217,P0044,purchase,,4.0,2024-03-26T00:00:00,3,False
I03130,U0220,P0251,view,,1.0,2024-11-19T00:00:00,11,True
I03131,U0180,P0190,cart,,2.0,2025-05-30T00:00:00,5,False
I03132,U0126,P0207,purchase,,4.0,2024-06-23T00:00:00,6,False
I03133,U0021,P0284,purchase,,4.0,2024-04-14T00:00:00,4,False
I03134,U0066,P0361,view,,1.0,2025-03-18T00:00:00,3,False
I03135,U0007,P0092,view,,1.0,2024-02-18T00:00:00,2,False
I03136,U0016,P0274,purchase,,4.0,2024-05-24T00:00:00,5,False
I03137,U0084,P0400,view,,1.0,2024-12-19T00:00:00,12,False
I03138,U0075,P0436,view,,1.0,2024-11-14T00:00:00,11,True
I03139,U0087,P0478,cart,,2.0,2024-02-11T00:00:00,2,False
I03140,U0093,P0371,view,,1.0,2025-05-21T00:00:00,5,False
I03141,U0017,P0146,purchase,,4.0,2024-09-21T00:00:00,9,False
I03142,U0114,P0208,view,,1.0,2024-10-18T00:00:00,10,True
I03143,U0201,P0402,purchase,,4.0,2025-04-08T00:00:00,4,False
I03144,U0036,P0440,view,,1.0,2024-04-06T00:00:00,4,False
I03145,U0119,P0057,purchase,,4.0,2024-04-04T00:00:00,4,False
I03146,U0070,P0426,view,,1.0,2024-03-14T00:00:00,3,False
I03147,U0080,P0376,purchase,,4.0,2024-03-08T00:00:00,3,False
I03148,U0150,P0426,view,,1.0,2024-03-17T00:00:00,3,False
I03149,U0208,P0386,view,,1.0,2024-08-08T00:00:00,8,False
I03150,U0006,P0331,view,,1.0,2025-02-13T00:00:00,2,False
I03151,U0075,P0368,view,,1.0,2024-12-09T00:00:00,12,False
I03152,U0221,P0454,view,,1.0,2024-03-14T00:00:00,3,False
I03153,U0125,P0339,view,,1.0,2024-09-10T00:00:00,9,False
I03154,U0191,P0449,view,,1.0,2024-11-27T00:00:00,11,True
I03155,U0142,P0014,view,,1.0,2024-12-10T00:00:00,12,False
I03156,U0072,P0314,view,,1.0,2025-03-30T00:00:00,3,False
I03157,U0138,P0014,view,,1.0,2024-04-24T00:00:00,4,False
I03158,U0057,P0131,view,,1.0,2024-08-15T00:00:00,8,False
I03159,U0066,P0425,purchase,,4.0,2024-09-01T00:00:00,9,False
I03160,U0050,P0345,view,,1.0,2025-03-02T00:00:00,3,False
I03161,U0042,P0482,view,,1.0,2025-04-09T00:00:00,4,False
I03162,U0110,P0198,view,,1.0,2024-10-04T00:00:00,10,True
I03163,U0068,P0030,view,,1.0,2024-01-19T00:00:00,1,False
I03164,U0066,P0016,view,,1.0,2024-06-15T00:00:00,6,False
I03165,U0073,P0117,view,,1.0,2025-02-06T00:00:00,2,False
I03166,U0144,P0312,view,,1.0,2025-02-12T00:00:00,2,False
I03167,U0112,P0160,view,,1.0,2024-09-30T00:00:00,9,False
I03168,U0151,P0062,view,,1.0,2025-01-07T00:00:00,1,False
I03169,U0085,P0176,view,,1.0,2024-02-08T00:00:00,2,False
I03170,U0105,P0159,purchase,,4.0,2024-11-19T00:00:00,11,True
I03171,U0025,P0101,view,,1.0,2025-02-17T00:00:00,2,False
I03172,U0173,P0246,cart,,2.0,2024-03-01T00:00:00,3,False
I03173,U0100,P0039,cart,,2.0,2024-11-02T00:00:00,11,True
I03174,U0098,P0200,view,,1.0,2025-01-27T00:00:00,1,False
I03175,U0204,P0429,view,,1.0,2024-09-14T00:00:00,9,False
I03176,U0230,P0236,view,,1.0,2025-05-31T00:00:00,5,False
I03177,U0190,P0095,view,,1.0,2024-06-28T00:00:00,6,False
I03178,U0086,P0199,view,,1.0,2024-05-12T00:00:00,5,False
I03179,U0187,P0499,purchase,,4.0,2024-09-09T00:00:00,9,False
I03180,U0009,P0035,view,,1.0,2024-04-02T00:00:00,4,False
I03181,U0150,P0450,cart,,2.0,2025-02-14T00:00:00,2,False
I03182,U0138,P0148,view,,1.0,2024-07-26T00:00:00,7,False
I03183,U0234,P0450,view,,1.0,2024-11-02T00:00:00,11,True
I03184,U0010,P0075,view,,1.0,2024-11-13T00:00:00,11,True
I03185,U0113,P0196,view,,1.0,2025-01-12T00:00:00,1,False
I03186,U0198,P0246,view,,1.0,2024-07-09T00:00:00,7,False
I03187,U0123,P0020,view,,1.0,2025-03-15T00:00:00,3,False
I03188,U0187,P0146,purchase,,4.0,2025-01-01T00:00:00,1,False
I03189,U0089,P0014,view,,1.0,2024-07-05T00:00:00,7,False
I03190,U0051,P0349,cart,,2.0,2024-05-11T00:00:00,5,False
I03191,U0104,P0154,purchase,,4.0,2025-01-10T00:00:00,1,False
I03192,U0179,P0390,purchase,,4.0,2024-04-08T00:00:00,4,False
I03193,U0074,P0187,cart,,2.0,2024-02-03T00:00:00,2,False
I03194,U0164,P0267,view,,1.0,2024-06-19T00:00:00,6,False
I03195,U0110,P0380,view,,1.0,2024-02-28T00:00:00,2,False
I03196,U0181,P0468,rating,4.4,4.4,2024-01-19T00:00:00,1,False
I03197,U0226,P0228,view,,1.0,2025-04-17T00:00:00,4,False
I03198,U0095,P0111,purchase,,4.0,2024-10-23T00:00:00,10,True
I03199,U0081,P0319,rating,3.9,3.9,2024-06-23T00:00:00,6,False
I03200,U0093,P0329,view,,1.0,2025-03-18T00:00:00,3,False
I03201,U0065,P0002,purchase,,4.0,2024-10-08T00:00:00,10,True
I03202,U0104,P0500,cart,,2.0,2024-01-08T00:00:00,1,False
I03203,U0225,P0391,rating,4.1,4.1,2025-05-05T00:00:00,5,False
I03204,U0085,P0002,view,,1.0,2025-04-16T00:00:00,4,False
I03205,U0025,P0287,view,,1.0,2024-09-05T00:00:00,9,False
I03206,U0235,P0157,purchase,,4.0,2024-03-23T00:00:00,3,False
I03207,U0093,P0231,rating,3.5,3.5,2025-01-28T00:00:00,1,False
I03208,U0071,P0377,view,,1.0,2024-09-09T00:00:00,9,False
I03209,U0189,P0303,view,,1.0,2024-05-01T00:00:00,5,False
I03210,U0124,P0107,cart,,2.0,2024-01-10T00:00:00,1,False
I03211,U0031,P0333,view,,1.0,2024-11-11T00:00:00,11,True
I03212,U0070,P0057,view,,1.0,2024-09-29T00:00:00,9,False
I03213,U0050,P0083,purchase,,4.0,2024-07-28T00:00:00,7,False
I03214,U0190,P0435,view,,1.0,2025-04-08T00:00:00,4,False
I03215,U0200,P0172,purchase,,4.0,2025-02-19T00:00:00,2,False
I03216,U0216,P0134,cart,,2.0,2024-03-20T00:00:00,3,False
I03217,U0011,P0479,view,,1.0,2025-04-24T00:00:00,4,False
I03218,U0134,P0412,rating,3.7,3.7,2024-01-18T00:00:00,1,False
I03219,U0165,P0380,view,,1.0,2024-07-20T00:00:00,7,False
I03220,U0229,P0450,cart,,2.0,2024-12-11T00:00:00,12,False
I03221,U0110,P0168,view,,1.0,2025-03-23T00:00:00,3,False
I03222,U0001,P0198,view,,1.0,2024-11-14T00:00:00,11,True
I03223,U0217,P0274,rating,4.1,4.1,2024-02-03T00:00:00,2,False
I03224,U0007,P0202,view,,1.0,2024-03-20T00:00:00,3,False
I03225,U0165,P0418,view,,1.0,2025-02-16T00:00:00,2,False
I03226,U0012,P0004,cart,,2.0,2025-02-04T00:00:00,2,False
I03227,U0048,P0005,purchase,,4.0,2024-10-08T00:00:00,10,True
I03228,U0112,P0403,view,,1.0,2025-01-12T00:00:00,1,False
I03229,U0239,P0329,purchase,,4.0,2024-09-24T00:00:00,9,False
I03230,U0149,P0424,view,,1.0,2024-10-24T00:00:00,10,True
I03231,U0061,P0238,view,,1.0,2025-05-23T00:00:00,5,False
I03232,U0182,P0471,purchase,,4.0,2024-12-30T00:00:00,12,False
I03233,U0035,P0390,view,,1.0,2024-09-27T00:00:00,9,False
I03234,U0193,P0021,purchase,,4.0,2025-04-18T00:00:00,4,False
I03235,U0227,P0488,cart,,2.0,2024-08-21T00:00:00,8,False
I03236,U0059,P0403,view,,1.0,2024-09-07T00:00:00,9,False
I03237,U0079,P0487,view,,1.0,2024-03-26T00:00:00,3,False
I03238,U0134,P0358,view,,1.0,2024-06-28T00:00:00,6,False
I03239,U0207,P0115,purchase,,4.0,2024-05-28T00:00:00,5,False
I03240,U0071,P0485,cart,,2.0,2024-04-30T00:00:00,4,False
I03241,U0093,P0007,view,,1.0,2024-09-12T00:00:00,9,False
I03242,U0096,P0226,rating,4.2,4.2,2024-11-04T00:00:00,11,True
I03243,U0059,P0266,view,,1.0,2024-03-09T00:00:00,3,False
I03244,U0190,P0445,view,,1.0,2025-01-22T00:00:00,1,False
I03245,U0086,P0172,cart,,2.0,2024-08-14T00:00:00,8,False
I03246,U0081,P0427,view,,1.0,2024-07-02T00:00:00,7,False
I03247,U0024,P0058,purchase,,4.0,2024-11-17T00:00:00,11,True
I03248,U0141,P0373,view,,1.0,2024-11-13T00:00:00,11,True
I03249,U0054,P0431,view,,1.0,2025-02-02T00:00:00,2,False
I03250,U0197,P0294,rating,3.8,3.8,2024-10-19T00:00:00,10,True
I03251,U0035,P0025,view,,1.0,2025-02-15T00:00:00,2,False
I03252,U0222,P0424,cart,,2.0,2024-08-31T00:00:00,8,False
I03253,U0164,P0134,view,,1.0,2024-06-02T00:00:00,6,False
I03254,U0048,P0493,cart,,2.0,2025-02-27T00:00:00,2,False
I03255,U0017,P0070,purchase,,4.0,2025-06-03T00:00:00,6,False
I03256,U0128,P0339,view,,1.0,2025-01-07T00:00:00,1,False
I03257,U0056,P0112,view,,1.0,2024-06-07T00:00:00,6,False
I03258,U0059,P0396,cart,,2.0,2024-06-24T00:00:00,6,False
I03259,U0159,P0403,cart,,2.0,2024-07-29T00:00:00,7,False
I03260,U0191,P0336,view,,1.0,2024-06-15T00:00:00,6,False
I03261,U0204,P0350,view,,1.0,2024-12-22T00:00:00,12,False
I03262,U0048,P0043,view,,1.0,2024-08-20T00:00:00,8,False
I03263,U0071,P0339,purchase,,4.0,2024-06-30T00:00:00,6,False
I03264,U0122,P0309,cart,,2.0,2024-11-29T00:00:00,11,True
I03265,U0203,P0169,view,,1.0,2024-01-29T00:00:00,1,False
I03266,U0202,P0406,view,,1.0,2024-04-02T00:00:00,4,False
I03267,U0073,P0418,cart,,2.0,2024-11-25T00:00:00,11,True
I03268,U0211,P0366,view,,1.0,2024-07-02T00:00:00,7,False
I03269,U0095,P0331,purchase,,4.0,2024-12-18T00:00:00,12,False
I03270,U0162,P0004,rating,4.1,4.1,2024-09-21T00:00:00,9,False
I03271,U0135,P0383,cart,,2.0,2024-01-19T00:00:00,1,False
I03272,U0231,P0388,view,,1.0,2025-05-13T00:00:00,5,False
I03273,U0139,P0199,view,,1.0,2024-09-11T00:00:00,9,False
I03274,U0085,P0246,view,,1.0,2025-04-02T00:00:00,4,False
I03275,U0020,P0408,view,,1.0,2024-04-01T00:00:00,4,False
I03276,U0088,P0295,view,,1.0,2024-03-09T00:00:00,3,False
I03277,U0037,P0455,view,,1.0,2024-05-19T00:00:00,5,False
I03278,U0099,P0433,view,,1.0,2024-06-26T00:00:00,6,False
I03279,U0041,P0171,purchase,,4.0,2024-05-16T00:00:00,5,False
I03280,U0190,P0314,view,,1.0,2024-12-07T00:00:00,12,False
I03281,U0047,P0005,view,,1.0,2024-01-05T00:00:00,1,False
I03282,U0204,P0206,view,,1.0,2024-09-13T00:00:00,9,False
I03283,U0044,P0340,purchase,,4.0,2024-08-30T00:00:00,8,False
I03284,U0019,P0442,view,,1.0,2025-02-18T00:00:00,2,False
I03285,U0115,P0417,view,,1.0,2024-12-08T00:00:00,12,False
I03286,U0170,P0049,purchase,,4.0,2025-01-13T00:00:00,1,False
I03287,U0082,P0126,view,,1.0,2024-05-25T00:00:00,5,False
I03288,U0067,P0191,view,,1.0,2024-05-01T00:00:00,5,False
I03289,U0087,P0373,view,,1.0,2024-11-06T00:00:00,11,True
I03290,U0089,P0286,view,,1.0,2025-04-19T00:00:00,4,False
I03291,U0058,P0017,cart,,2.0,2025-05-06T00:00:00,5,False
I03292,U0063,P0373,rating,4.4,4.4,2024-12-12T00:00:00,12,False
I03293,U0165,P0157,view,,1.0,2024-04-03T00:00:00,4,False
I03294,U0117,P0283,view,,1.0,2024-12-04T00:00:00,12,False
I03295,U0181,P0209,purchase,,4.0,2024-12-01T00:00:00,12,False
I03296,U0152,P0493,view,,1.0,2025-05-06T00:00:00,5,False
I03297,U0149,P0474,view,,1.0,2024-02-09T00:00:00,2,False
I03298,U0103,P0048,purchase,,4.0,2024-09-10T00:00:00,9,False
I03299,U0198,P0369,view,,1.0,2025-02-01T00:00:00,2,False
I03300,U0109,P0060,cart,,2.0,2024-06-18T00:00:00,6,False
I03301,U0178,P0345,view,,1.0,2025-05-25T00:00:00,5,False
I03302,U0004,P0041,purchase,,4.0,2025-04-03T00:00:00,4,False
I03303,U0017,P0230,view,,1.0,2024-12-06T00:00:00,12,False
I03304,U0057,P0419,view,,1.0,2024-08-05T00:00:00,8,False
I03305,U0107,P0087,view,,1.0,2025-04-08T00:00:00,4,False
I03306,U0218,P0479,view,,1.0,2025-01-07T00:00:00,1,False
I03307,U0161,P0185,cart,,2.0,2024-01-31T00:00:00,1,False
I03308,U0112,P0259,view,,1.0,2024-04-17T00:00:00,4,False
I03309,U0072,P0405,view,,1.0,2025-02-21T00:00:00,2,False
I03310,U0108,P0035,view,,1.0,2025-02-01T00:00:00,2,False
I03311,U0016,P0232,view,,1.0,2024-04-25T00:00:00,4,False
I03312,U0073,P0368,cart,,2.0,2024-09-12T00:00:00,9,False
I03313,U0081,P0146,purchase,,4.0,2024-05-07T00:00:00,5,False
I03314,U0070,P0471,cart,,2.0,2024-08-22T00:00:00,8,False
I03315,U0041,P0008,view,,1.0,2024-06-29T00:00:00,6,False
I03316,U0157,P0276,purchase,,4.0,2025-03-29T00:00:00,3,False
I03317,U0059,P0369,cart,,2.0,2024-01-24T00:00:00,1,False
I03318,U0217,P0208,cart,,2.0,2025-02-03T00:00:00,2,False
I03319,U0180,P0404,purchase,,4.0,2024-05-13T00:00:00,5,False
I03320,U0165,P0271,view,,1.0,2024-07-31T00:00:00,7,False
I03321,U0132,P0349,view,,1.0,2025-04-26T00:00:00,4,False
I03322,U0092,P0065,view,,1.0,2024-06-14T00:00:00,6,False
I03323,U0169,P0429,view,,1.0,2024-12-13T00:00:00,12,False
I03324,U0081,P0472,purchase,,4.0,2025-02-01T00:00:00,2,False
I03325,U0071,P0341,view,,1.0,2025-03-10T00:00:00,3,False
I03326,U0065,P0302,view,,1.0,2024-08-08T00:00:00,8,False
I03327,U0052,P0253,view,,1.0,2025-04-10T00:00:00,4,False
I03328,U0099,P0369,view,,1.0,2024-08-29T00:00:00,8,False
I03329,U0158,P0152,view,,1.0,2024-08-14T00:00:00,8,False
I03330,U0167,P0029,view,,1.0,2024-03-12T00:00:00,3,False
I03331,U0018,P0191,cart,,2.0,2024-02-14T00:00:00,2,False
I03332,U0216,P0304,rating,2.6,2.6,2025-01-05T00:00:00,1,False
I03333,U0087,P0453,view,,1.0,2024-04-01T00:00:00,4,False
I03334,U0022,P0347,purchase,,4.0,2024-06-20T00:00:00,6,False
I03335,U0092,P0465,view,,1.0,2024-07-10T00:00:00,7,False
I03336,U0077,P0280,view,,1.0,2024-10-07T00:00:00,10,True
I03337,U0108,P0211,view,,1.0,2024-06-27T00:00:00,6,False
I03338,U0238,P0007,view,,1.0,2024-05-14T00:00:00,5,False
I03339,U0109,P0394,cart,,2.0,2024-10-06T00:00:00,10,True
I03340,U0019,P0038,view,,1.0,2025-01-05T00:00:00,1,False
I03341,U0009,P0490,purchase,,4.0,2024-04-21T00:00:00,4,False
I03342,U0164,P0036,view,,1.0,2024-08-08T00:00:00,8,False
I03343,U0152,P0126,rating,4.0,4.0,2024-10-30T00:00:00,10,True
I03344,U0170,P0382,purchase,,4.0,2025-01-09T00:00:00,1,False
I03345,U0045,P0470,view,,1.0,2025-01-15T00:00:00,1,False
I03346,U0218,P0121,cart,,2.0,2024-01-14T00:00:00,1,False
I03347,U0231,P0419,cart,,2.0,2025-05-14T00:00:00,5,False
I03348,U0134,P0279,cart,,2.0,2025-01-25T00:00:00,1,False
I03349,U0037,P0203,purchase,,4.0,2025-05-06T00:00:00,5,False
I03350,U0038,P0336,rating,4.4,4.4,2025-01-19T00:00:00,1,False
I03351,U0196,P0367,view,,1.0,2024-10-26T00:00:00,10,True
I03352,U0047,P0202,view,,1.0,2024-11-03T00:00:00,11,True
I03353,U0008,P0271,purchase,,4.0,2024-07-26T00:00:00,7,False
I03354,U0169,P0028,view,,1.0,2024-05-10T00:00:00,5,False
I03355,U0224,P0004,cart,,2.0,2024-01-26T00:00:00,1,False
I03356,U0111,P0418,view,,1.0,2025-03-29T00:00:00,3,False
I03357,U0123,P0371,view,,1.0,2024-07-04T00:00:00,7,False
I03358,U0228,P0287,cart,,2.0,2024-02-20T00:00:00,2,False
I03359,U0123,P0488,view,,1.0,2024-01-05T00:00:00,1,False
I03360,U0077,P0443,view,,1.0,2024-06-08T00:00:00,6,False
I03361,U0208,P0242,view,,1.0,2024-09-13T00:00:00,9,False
I03362,U0205,P0006,view,,1.0,2024-01-11T00:00:00,1,False
I03363,U0181,P0048,view,,1.0,2024-01-08T00:00:00,1,False
I03364,U0153,P0329,view,,1.0,2024-02-01T00:00:00,2,False
I03365,U0216,P0178,view,,1.0,2025-01-21T00:00:00,1,False
I03366,U0228,P0377,cart,,2.0,2025-04-19T00:00:00,4,False
I03367,U0212,P0458,view,,1.0,2024-07-25T00:00:00,7,False
I03368,U0062,P0021,view,,1.0,2024-12-13T00:00:00,12,False
I03369,U0025,P0175,view,,1.0,2024-08-21T00:00:00,8,False
I03370,U0189,P0163,cart,,2.0,2024-02-13T00:00:00,2,False
I03371,U0238,P0208,purchase,,4.0,2024-05-21T00:00:00,5,False
I03372,U0136,P0153,view,,1.0,2024-06-24T00:00:00,6,False
I03373,U0142,P0016,view,,1.0,2025-03-24T00:00:00,3,False
I03374,U0080,P0163,purchase,,4.0,2024-03-22T00:00:00,3,False
I03375,U0135,P0015,purchase,,4.0,2024-06-25T00:00:00,6,False
I03376,U0127,P0092,view,,1.0,2024-08-30T00:00:00,8,False
I03377,U0055,P0471,purchase,,4.0,2024-05-20T00:00:00,5,False
I03378,U0201,P0208,rating,4.3,4.3,2025-03-15T00:00:00,3,False
I03379,U0163,P0188,view,,1.0,2024-03-28T00:00:00,3,False
I03380,U0097,P0226,purchase,,4.0,2024-01-08T00:00:00,1,False
I03381,U0221,P0397,view,,1.0,2024-08-02T00:00:00,8,False
I03382,U0173,P0311,rating,3.3,3.3,2025-05-11T00:00:00,5,False
I03383,U0182,P0371,purchase,,4.0,2025-05-17T00:00:00,5,False
I03384,U0014,P0428,view,,1.0,2024-09-01T00:00:00,9,False
I03385,U0222,P0096,purchase,,4.0,2024-11-04T00:00:00,11,True
I03386,U0231,P0088,purchase,,4.0,2025-01-17T00:00:00,1,False
I03387,U0155,P0123,view,,1.0,2024-06-23T00:00:00,6,False
I03388,U0080,P0419,view,,1.0,2024-04-24T00:00:00,4,False
I03389,U0134,P0356,view,,1.0,2024-11-06T00:00:00,11,True
I03390,U0225,P0380,view,,1.0,2024-10-26T00:00:00,10,True
I03391,U0018,P0030,purchase,,4.0,2024-01-12T00:00:00,1,False
I03392,U0148,P0349,view,,1.0,2024-08-19T00:00:00,8,False
I03393,U0187,P0316,view,,1.0,2024-10-04T00:00:00,10,True
I03394,U0097,P0099,view,,1.0,2024-10-29T00:00:00,10,True
I03395,U0029,P0036,cart,,2.0,2025-04-14T00:00:00,4,False
I03396,U0045,P0172,purchase,,4.0,2024-03-17T00:00:00,3,False
I03397,U0009,P0302,rating,4.1,4.1,2024-01-24T00:00:00,1,False
I03398,U0172,P0292,view,,1.0,2024-11-22T00:00:00,11,True
I03399,U0200,P0052,purchase,,4.0,2025-04-29T00:00:00,4,False
I03400,U0233,P0472,cart,,2.0,2025-04-06T00:00:00,4,False
I03401,U0122,P0043,view,,1.0,2024-06-12T00:00:00,6,False
I03402,U0116,P0235,cart,,2.0,2025-02-27T00:00:00,2,False
I03403,U0221,P0386,cart,,2.0,2025-01-16T00:00:00,1,False
I03404,U0155,P0228,view,,1.0,2024-09-13T00:00:00,9,False
I03405,U0162,P0276,view,,1.0,2024-03-08T00:00:00,3,False
I03406,U0088,P0428,view,,1.0,2024-10-03T00:00:00,10,True
I03407,U0161,P0419,view,,1.0,2025-01-25T00:00:00,1,False
I03408,U0193,P0295,view,,1.0,2024-09-15T00:00:00,9,False
I03409,U0236,P0346,view,,1.0,2024-11-02T00:00:00,11,True
I03410,U0079,P0472,cart,,2.0,2024-04-04T00:00:00,4,False
I03411,U0182,P0025,view,,1.0,2025-04-08T00:00:00,4,False
I03412,U0202,P0129,view,,1.0,2024-09-02T00:00:00,9,False
I03413,U0221,P0147,view,,1.0,2024-07-05T00:00:00,7,False
I03414,U0006,P0188,view,,1.0,2025-01-07T00:00:00,1,False
I03415,U0060,P0230,cart,,2.0,2025-02-09T00:00:00,2,False
I03416,U0152,P0228,view,,1.0,2024-05-04T00:00:00,5,False
I03417,U0081,P0054,view,,1.0,2024-12-06T00:00:00,12,False
I03418,U0051,P0054,view,,1.0,2024-06-26T00:00:00,6,False
I03419,U0139,P0307,view,,1.0,2024-06-18T00:00:00,6,False
I03420,U0039,P0347,view,,1.0,2024-03-09T00:00:00,3,False
I03421,U0236,P0304,cart,,2.0,2025-01-15T00:00:00,1,False
I03422,U0057,P0256,view,,1.0,2024-10-03T00:00:00,10,True
I03423,U0082,P0259,view,,1.0,2024-04-08T00:00:00,4,False
I03424,U0148,P0480,view,,1.0,2024-11-20T00:00:00,11,True
I03425,U0205,P0168,view,,1.0,2024-06-27T00:00:00,6,False
I03426,U0076,P0116,view,,1.0,2024-04-28T00:00:00,4,False
I03427,U0213,P0164,cart,,2.0,2025-03-30T00:00:00,3,False
I03428,U0026,P0220,purchase,,4.0,2025-05-04T00:00:00,5,False
I03429,U0240,P0180,purchase,,4.0,2024-01-08T00:00:00,1,False
I03430,U0201,P0304,view,,1.0,2025-05-30T00:00:00,5,False
I03431,U0021,P0051,purchase,,4.0,2024-05-28T00:00:00,5,False
I03432,U0232,P0143,view,,1.0,2024-01-25T00:00:00,1,False
I03433,U0231,P0046,view,,1.0,2025-02-28T00:00:00,2,False
I03434,U0037,P0323,view,,1.0,2024-07-03T00:00:00,7,False
I03435,U0042,P0126,cart,,2.0,2025-03-06T00:00:00,3,False
I03436,U0092,P0157,view,,1.0,2024-11-12T00:00:00,11,True
I03437,U0142,P0488,purchase,,4.0,2024-11-19T00:00:00,11,True
I03438,U0053,P0169,view,,1.0,2024-03-16T00:00:00,3,False
I03439,U0097,P0360,rating,4.2,4.2,2025-04-30T00:00:00,4,False
I03440,U0030,P0450,cart,,2.0,2024-03-28T00:00:00,3,False
I03441,U0235,P0322,purchase,,4.0,2024-08-19T00:00:00,8,False
I03442,U0007,P0007,purchase,,4.0,2024-02-21T00:00:00,2,False
I03443,U0143,P0173,purchase,,4.0,2025-01-30T00:00:00,1,False
I03444,U0221,P0468,rating,3.6,3.6,2025-03-03T00:00:00,3,False
I03445,U0015,P0245,purchase,,4.0,2024-01-14T00:00:00,1,False
I03446,U0042,P0454,cart,,2.0,2025-04-08T00:00:00,4,False
I03447,U0015,P0282,cart,,2.0,2024-08-21T00:00:00,8,False
I03448,U0063,P0456,rating,3.9,3.9,2024-01-27T00:00:00,1,False
I03449,U0215,P0241,view,,1.0,2024-04-02T00:00:00,4,False
I03450,U0105,P0434,cart,,2.0,2024-11-04T00:00:00,11,True
I03451,U0052,P0283,view,,1.0,2024-11-14T00:00:00,11,True
I03452,U0201,P0349,purchase,,4.0,2024-06-29T00:00:00,6,False
I03453,U0057,P0454,view,,1.0,2024-04-29T00:00:00,4,False
I03454,U0052,P0487,view,,1.0,2024-02-12T00:00:00,2,False
I03455,U0135,P0473,view,,1.0,2024-09-16T00:00:00,9,False
I03456,U0197,P0121,view,,1.0,2024-09-11T00:00:00,9,False
I03457,U0233,P0421,view,,1.0,2024-12-01T00:00:00,12,False
I03458,U0041,P0262,view,,1.0,2025-05-16T00:00:00,5,False
I03459,U0222,P0330,view,,1.0,2024-09-11T00:00:00,9,False
I03460,U0002,P0093,cart,,2.0,2024-08-29T00:00:00,8,False
I03461,U0149,P0087,view,,1.0,2024-10-25T00:00:00,10,True
I03462,U0082,P0442,view,,1.0,2025-03-28T00:00:00,3,False
I03463,U0137,P0483,cart,,2.0,2024-07-30T00:00:00,7,False
I03464,U0156,P0218,view,,1.0,2024-05-10T00:00:00,5,False
I03465,U0073,P0252,view,,1.0,2024-09-12T00:00:00,9,False
I03466,U0223,P0450,view,,1.0,2024-03-03T00:00:00,3,False
I03467,U0055,P0466,cart,,2.0,2025-02-10T00:00:00,2,False
I03468,U0034,P0184,view,,1.0,2024-04-14T00:00:00,4,False
I03469,U0105,P0016,cart,,2.0,2024-01-15T00:00:00,1,False
I03470,U0175,P0022,rating,4.6,4.6,2024-09-15T00:00:00,9,False
I03471,U0187,P0101,rating,3.9,3.9,2024-11-26T00:00:00,11,True
I03472,U0165,P0203,cart,,2.0,2024-07-11T00:00:00,7,False
I03473,U0009,P0478,cart,,2.0,2025-02-04T00:00:00,2,False
I03474,U0118,P0363,cart,,2.0,2024-03-05T00:00:00,3,False
I03475,U0131,P0237,rating,5.0,5.0,2025-05-09T00:00:00,5,False
I03476,U0023,P0130,rating,3.6,3.6,2024-01-30T00:00:00,1,False
I03477,U0010,P0042,view,,1.0,2024-11-23T00:00:00,11,True
I03478,U0236,P0121,view,,1.0,2024-08-04T00:00:00,8,False
I03479,U0064,P0202,cart,,2.0,2025-02-02T00:00:00,2,False
I03480,U0123,P0270,cart,,2.0,2024-04-14T00:00:00,4,False
I03481,U0184,P0187,view,,1.0,2024-11-25T00:00:00,11,True
I03482,U0148,P0066,cart,,2.0,2024-02-16T00:00:00,2,False
I03483,U0087,P0115,view,,1.0,2024-11-09T00:00:00,11,True
I03484,U0147,P0415,cart,,2.0,2025-04-06T00:00:00,4,False
I03485,U0072,P0018,view,,1.0,2025-04-30T00:00:00,4,False
I03486,U0140,P0045,purchase,,4.0,2025-02-13T00:00:00,2,False
I03487,U0027,P0234,view,,1.0,2024-01-29T00:00:00,1,False
I03488,U0015,P0146,view,,1.0,2025-05-15T00:00:00,5,False
I03489,U0129,P0310,view,,1.0,2024-02-29T00:00:00,2,False
I03490,U0107,P0038,view,,1.0,2024-08-07T00:00:00,8,False
I03491,U0185,P0008,view,,1.0,2024-04-05T00:00:00,4,False
I03492,U0221,P0248,view,,1.0,2024-03-29T00:00:00,3,False
I03493,U0060,P0070,view,,1.0,2024-08-18T00:00:00,8,False
I03494,U0200,P0252,view,,1.0,2024-10-01T00:00:00,10,True
I03495,U0111,P0045,view,,1.0,2024-08-21T00:00:00,8,False
I03496,U0022,P0131,view,,1.0,2025-04-21T00:00:00,4,False
I03497,U0161,P0131,view,,1.0,2024-05-07T00:00:00,5,False
I03498,U0237,P0489,cart,,2.0,2024-05-07T00:00:00,5,False
I03499,U0195,P0284,view,,1.0,2025-01-28T00:00:00,1,False
I03500,U0219,P0343,rating,4.8,4.8,2025-01-29T00:00:00,1,False
I03501,U0077,P0349,view,,1.0,2024-08-11T00:00:00,8,False
I03502,U0101,P0430,cart,,2.0,2024-05-11T00:00:00,5,False
I03503,U0013,P0170,view,,1.0,2025-04-01T00:00:00,4,False
I03504,U0185,P0096,view,,1.0,2024-04-07T00:00:00,4,False
I03505,U0120,P0497,view,,1.0,2024-10-19T00:00:00,10,True
I03506,U0048,P0482,view,,1.0,2024-01-01T00:00:00,1,False
I03507,U0060,P0202,purchase,,4.0,2024-09-06T00:00:00,9,False
I03508,U0140,P0293,view,,1.0,2024-05-28T00:00:00,5,False
I03509,U0139,P0343,view,,1.0,2024-02-13T00:00:00,2,False
I03510,U0115,P0058,view,,1.0,2024-02-13T00:00:00,2,False
I03511,U0078,P0272,view,,1.0,2024-08-13T00:00:00,8,False
I03512,U0162,P0428,purchase,,4.0,2024-09-09T00:00:00,9,False
I03513,U0132,P0237,cart,,2.0,2025-03-23T00:00:00,3,False
I03514,U0116,P0483,purchase,,4.0,2025-04-18T00:00:00,4,False
I03515,U0144,P0250,view,,1.0,2024-04-18T00:00:00,4,False
I03516,U0194,P0368,cart,,2.0,2024-02-04T00:00:00,2,False
I03517,U0211,P0273,view,,1.0,2024-10-01T00:00:00,10,True
I03518,U0187,P0396,view,,1.0,2024-08-30T00:00:00,8,False
I03519,U0008,P0339,view,,1.0,2024-03-27T00:00:00,3,False
I03520,U0023,P0421,rating,4.3,4.3,2024-07-28T00:00:00,7,False
I03521,U0046,P0150,purchase,,4.0,2025-04-11T00:00:00,4,False
I03522,U0028,P0104,view,,1.0,2024-01-26T00:00:00,1,False
I03523,U0010,P0374,view,,1.0,2024-06-23T00:00:00,6,False
I03524,U0004,P0400,purchase,,4.0,2024-11-06T00:00:00,11,True
I03525,U0066,P0421,cart,,2.0,2024-05-14T00:00:00,5,False
I03526,U0055,P0138,purchase,,4.0,2024-06-04T00:00:00,6,False
I03527,U0081,P0248,rating,3.7,3.7,2024-05-26T00:00:00,5,False
I03528,U0143,P0328,view,,1.0,2025-02-04T00:00:00,2,False
I03529,U0182,P0225,view,,1.0,2024-11-01T00:00:00,11,True
I03530,U0028,P0066,view,,1.0,2025-04-11T00:00:00,4,False
I03531,U0004,P0467,view,,1.0,2024-04-10T00:00:00,4,False
I03532,U0039,P0269,view,,1.0,2024-12-18T00:00:00,12,False
I03533,U0044,P0133,view,,1.0,2024-10-22T00:00:00,10,True
I03534,U0097,P0275,view,,1.0,2024-05-09T00:00:00,5,False
I03535,U0156,P0382,cart,,2.0,2024-03-14T00:00:00,3,False
I03536,U0086,P0448,view,,1.0,2025-04-09T00:00:00,4,False
I03537,U0090,P0211,cart,,2.0,2025-03-30T00:00:00,3,False
I03538,U0236,P0124,view,,1.0,2024-11-27T00:00:00,11,True
I03539,U0227,P0008,view,,1.0,2024-12-13T00:00:00,12,False
I03540,U0233,P0427,purchase,,4.0,2024-04-11T00:00:00,4,False
I03541,U0185,P0201,cart,,2.0,2025-04-25T00:00:00,4,False
I03542,U0214,P0276,view,,1.0,2024-04-17T00:00:00,4,False
I03543,U0165,P0044,view,,1.0,2024-11-30T00:00:00,11,True
I03544,U0086,P0394,view,,1.0,2025-02-27T00:00:00,2,False
I03545,U0101,P0262,view,,1.0,2024-12-29T00:00:00,12,False
I03546,U0060,P0493,view,,1.0,2025-04-26T00:00:00,4,False
I03547,U0048,P0107,view,,1.0,2024-04-26T00:00:00,4,False
I03548,U0227,P0014,cart,,2.0,2024-02-13T00:00:00,2,False
I03549,U0220,P0115,view,,1.0,2024-06-13T00:00:00,6,False
I03550,U0112,P0315,cart,,2.0,2024-10-18T00:00:00,10,True
I03551,U0081,P0111,view,,1.0,2024-10-12T00:00:00,10,True
I03552,U0204,P0457,view,,1.0,2024-04-30T00:00:00,4,False
I03553,U0177,P0168,view,,1.0,2024-07-06T00:00:00,7,False
I03554,U0139,P0220,view,,1.0,2024-01-13T00:00:00,1,False
I03555,U0091,P0429,view,,1.0,2024-07-18T00:00:00,7,False
I03556,U0074,P0404,view,,1.0,2025-03-31T00:00:00,3,False
I03557,U0192,P0265,cart,,2.0,2024-03-11T00:00:00,3,False
I03558,U0078,P0380,purchase,,4.0,2024-05-09T00:00:00,5,False
I03559,U0121,P0383,cart,,2.0,2024-02-12T00:00:00,2,False
I03560,U0008,P0396,purchase,,4.0,2024-01-13T00:00:00,1,False
I03561,U0213,P0236,cart,,2.0,2024-10-28T00:00:00,10,True
I03562,U0015,P0266,view,,1.0,2024-04-24T00:00:00,4,False
I03563,U0204,P0005,view,,1.0,2025-05-19T00:00:00,5,False
I03564,U0052,P0230,purchase,,4.0,2024-11-20T00:00:00,11,True
I03565,U0067,P0155,view,,1.0,2024-06-23T00:00:00,6,False
I03566,U0083,P0150,view,,1.0,2025-05-28T00:00:00,5,False
I03567,U0172,P0013,view,,1.0,2025-05-16T00:00:00,5,False
I03568,U0209,P0011,view,,1.0,2024-11-29T00:00:00,11,True
I03569,U0028,P0123,cart,,2.0,2025-04-19T00:00:00,4,False
I03570,U0054,P0042,view,,1.0,2025-04-02T00:00:00,4,False
I03571,U0067,P0061,purchase,,4.0,2025-02-23T00:00:00,2,False
I03572,U0102,P0399,view,,1.0,2025-02-12T00:00:00,2,False
I03573,U0214,P0110,view,,1.0,2024-10-30T00:00:00,10,True
I03574,U0167,P0304,view,,1.0,2024-08-09T00:00:00,8,False
I03575,U0021,P0201,view,,1.0,2024-06-06T00:00:00,6,False
I03576,U0092,P0373,view,,1.0,2024-06-07T00:00:00,6,False
I03577,U0121,P0133,rating,4.3,4.3,2024-08-22T00:00:00,8,False
I03578,U0150,P0240,rating,3.7,3.7,2025-02-08T00:00:00,2,False
I03579,U0046,P0082,view,,1.0,2024-02-16T00:00:00,2,False
I03580,U0213,P0067,view,,1.0,2025-04-23T00:00:00,4,False
I03581,U0231,P0113,view,,1.0,2024-12-07T00:00:00,12,False
I03582,U0012,P0391,view,,1.0,2025-05-17T00:00:00,5,False
I03583,U0006,P0236,view,,1.0,2024-05-23T00:00:00,5,False
I03584,U0090,P0139,view,,1.0,2024-09-17T00:00:00,9,False
I03585,U0073,P0488,view,,1.0,2024-08-19T00:00:00,8,False
I03586,U0014,P0371,view,,1.0,2025-03-22T00:00:00,3,False
I03587,U0106,P0044,purchase,,4.0,2024-08-09T00:00:00,8,False
I03588,U0052,P0248,view,,1.0,2024-04-25T00:00:00,4,False
I03589,U0026,P0356,view,,1.0,2024-01-19T00:00:00,1,False
I03590,U0047,P0065,cart,,2.0,2025-01-26T00:00:00,1,False
I03591,U0023,P0473,rating,4.2,4.2,2025-02-22T00:00:00,2,False
I03592,U0223,P0339,view,,1.0,2024-11-04T00:00:00,11,True
I03593,U0227,P0060,cart,,2.0,2024-07-04T00:00:00,7,False
I03594,U0005,P0377,cart,,2.0,2024-09-29T00:00:00,9,False
I03595,U0160,P0406,rating,3.0,3.0,2024-08-11T00:00:00,8,False
I03596,U0120,P0461,cart,,2.0,2025-04-12T00:00:00,4,False
I03597,U0111,P0204,view,,1.0,2024-07-28T00:00:00,7,False
I03598,U0001,P0456,purchase,,4.0,2024-02-27T00:00:00,2,False
I03599,U0093,P0196,rating,3.2,3.2,2024-08-08T00:00:00,8,False
I03600,U0211,P0400,view,,1.0,2024-08-19T00:00:00,8,False
I03601,U0006,P0206,view,,1.0,2024-12-29T00:00:00,12,False
I03602,U0103,P0348,view,,1.0,2025-01-08T00:00:00,1,False
I03603,U0110,P0303,cart,,2.0,2025-03-31T00:00:00,3,False
I03604,U0088,P0146,view,,1.0,2024-01-20T00:00:00,1,False
I03605,U0014,P0424,rating,3.2,3.2,2024-05-12T00:00:00,5,False
I03606,U0208,P0146,view,,1.0,2024-07-17T00:00:00,7,False
I03607,U0080,P0455,purchase,,4.0,2024-06-03T00:00:00,6,False
I03608,U0078,P0190,view,,1.0,2024-03-18T00:00:00,3,False
I03609,U0172,P0257,cart,,2.0,2024-10-15T00:00:00,10,True
I03610,U0033,P0369,view,,1.0,2025-02-23T00:00:00,2,False
I03611,U0007,P0092,view,,1.0,2024-06-08T00:00:00,6,False
I03612,U0240,P0181,view,,1.0,2025-02-26T00:00:00,2,False
I03613,U0221,P0229,view,,1.0,2024-03-10T00:00:00,3,False
I03614,U0112,P0026,view,,1.0,2024-08-03T00:00:00,8,False
I03615,U0104,P0435,cart,,2.0,2024-02-23T00:00:00,2,False
I03616,U0038,P0266,cart,,2.0,2024-11-25T00:00:00,11,True
I03617,U0080,P0202,view,,1.0,2024-07-21T00:00:00,7,False
I03618,U0032,P0196,cart,,2.0,2024-02-14T00:00:00,2,False
I03619,U0061,P0456,view,,1.0,2024-07-16T00:00:00,7,False
I03620,U0216,P0473,rating,4.1,4.1,2025-04-25T00:00:00,4,False
I03621,U0053,P0387,purchase,,4.0,2025-03-10T00:00:00,3,False
I03622,U0076,P0449,view,,1.0,2024-01-27T00:00:00,1,False
I03623,U0166,P0439,view,,1.0,2024-11-13T00:00:00,11,True
I03624,U0018,P0152,view,,1.0,2025-01-17T00:00:00,1,False
I03625,U0109,P0036,purchase,,4.0,2024-04-12T00:00:00,4,False
I03626,U0192,P0399,rating,4.6,4.6,2025-05-17T00:00:00,5,False
I03627,U0049,P0479,cart,,2.0,2024-06-17T00:00:00,6,False
I03628,U0116,P0432,view,,1.0,2025-02-21T00:00:00,2,False
I03629,U0100,P0232,view,,1.0,2025-04-22T00:00:00,4,False
I03630,U0125,P0118,view,,1.0,2025-02-05T00:00:00,2,False
I03631,U0005,P0006,view,,1.0,2024-09-10T00:00:00,9,False
I03632,U0121,P0293,view,,1.0,2024-02-01T00:00:00,2,False
I03633,U0149,P0123,view,,1.0,2024-02-06T00:00:00,2,False
I03634,U0177,P0095,rating,3.5,3.5,2024-12-07T00:00:00,12,False
I03635,U0013,P0086,view,,1.0,2024-07-01T00:00:00,7,False
I03636,U0145,P0352,view,,1.0,2024-09-21T00:00:00,9,False
I03637,U0088,P0475,rating,3.8,3.8,2025-04-06T00:00:00,4,False
I03638,U0019,P0147,view,,1.0,2025-03-22T00:00:00,3,False
I03639,U0220,P0256,cart,,2.0,2024-02-15T00:00:00,2,False
I03640,U0118,P0191,view,,1.0,2025-05-22T00:00:00,5,False
I03641,U0046,P0127,view,,1.0,2024-01-03T00:00:00,1,False
I03642,U0028,P0115,cart,,2.0,2025-01-15T00:00:00,1,False
I03643,U0157,P0187,view,,1.0,2025-05-25T00:00:00,5,False
I03644,U0077,P0268,rating,3.7,3.7,2024-04-23T00:00:00,4,False
I03645,U0133,P0129,view,,1.0,2025-05-01T00:00:00,5,False
I03646,U0075,P0468,view,,1.0,2024-09-06T00:00:00,9,False
I03647,U0059,P0221,view,,1.0,2024-11-10T00:00:00,11,True
I03648,U0239,P0110,view,,1.0,2024-08-21T00:00:00,8,False
I03649,U0047,P0254,view,,1.0,2024-11-29T00:00:00,11,True
I03650,U0113,P0440,view,,1.0,2024-12-27T00:00:00,12,False
I03651,U0089,P0103,purchase,,4.0,2024-04-06T00:00:00,4,False
I03652,U0190,P0474,view,,1.0,2024-01-16T00:00:00,1,False
I03653,U0044,P0457,view,,1.0,2025-01-10T00:00:00,1,False
I03654,U0230,P0053,cart,,2.0,2025-01-24T00:00:00,1,False
I03655,U0108,P0184,cart,,2.0,2024-08-04T00:00:00,8,False
I03656,U0143,P0101,view,,1.0,2024-09-16T00:00:00,9,False
I03657,U0056,P0114,view,,1.0,2024-11-15T00:00:00,11,True
I03658,U0196,P0276,view,,1.0,2025-04-22T00:00:00,4,False
I03659,U0162,P0175,view,,1.0,2025-04-19T00:00:00,4,False
I03660,U0095,P0361,view,,1.0,2024-08-18T00:00:00,8,False
I03661,U0116,P0204,view,,1.0,2024-07-18T00:00:00,7,False
I03662,U0078,P0280,view,,1.0,2024-01-21T00:00:00,1,False
I03663,U0055,P0122,view,,1.0,2025-03-09T00:00:00,3,False
I03664,U0115,P0298,cart,,2.0,2024-03-18T00:00:00,3,False
I03665,U0030,P0228,view,,1.0,2024-10-11T00:00:00,10,True
I03666,U0136,P0250,rating,4.2,4.2,2024-05-19T00:00:00,5,False
I03667,U0002,P0445,view,,1.0,2024-12-25T00:00:00,12,False
I03668,U0184,P0292,view,,1.0,2024-09-26T00:00:00,9,False
I03669,U0134,P0350,view,,1.0,2024-04-13T00:00:00,4,False
I03670,U0095,P0026,rating,4.0,4.0,2025-04-24T00:00:00,4,False
I03671,U0012,P0084,view,,1.0,2024-08-28T00:00:00,8,False
I03672,U0013,P0336,view,,1.0,2024-05-26T00:00:00,5,False
I03673,U0172,P0457,view,,1.0,2024-04-04T00:00:00,4,False
I03674,U0059,P0159,purchase,,4.0,2024-10-19T00:00:00,10,True
I03675,U0025,P0449,cart,,2.0,2024-09-28T00:00:00,9,False
I03676,U0166,P0302,cart,,2.0,2024-03-27T00:00:00,3,False
I03677,U0142,P0380,cart,,2.0,2025-05-05T00:00:00,5,False
I03678,U0140,P0420,view,,1.0,2024-05-20T00:00:00,5,False
I03679,U0100,P0234,rating,4.4,4.4,2024-04-12T00:00:00,4,False
I03680,U0128,P0440,view,,1.0,2024-11-01T00:00:00,11,True
I03681,U0180,P0285,view,,1.0,2024-02-09T00:00:00,2,False
I03682,U0008,P0487,view,,1.0,2025-06-03T00:00:00,6,False
I03683,U0104,P0425,cart,,2.0,2024-08-23T00:00:00,8,False
I03684,U0207,P0421,cart,,2.0,2024-08-15T00:00:00,8,False
I03685,U0188,P0098,view,,1.0,2025-04-27T00:00:00,4,False
I03686,U0174,P0272,rating,3.3,3.3,2024-01-22T00:00:00,1,False
I03687,U0087,P0098,view,,1.0,2024-02-09T00:00:00,2,False
I03688,U0173,P0359,cart,,2.0,2025-03-14T00:00:00,3,False
I03689,U0179,P0398,purchase,,4.0,2024-05-12T00:00:00,5,False
I03690,U0095,P0009,view,,1.0,2025-05-20T00:00:00,5,False
I03691,U0084,P0059,cart,,2.0,2025-04-08T00:00:00,4,False
I03692,U0062,P0233,view,,1.0,2024-12-08T00:00:00,12,False
I03693,U0024,P0349,rating,4.3,4.3,2024-09-19T00:00:00,9,False
I03694,U0226,P0052,view,,1.0,2024-06-18T00:00:00,6,False
I03695,U0086,P0121,purchase,,4.0,2025-03-23T00:00:00,3,False
I03696,U0178,P0109,purchase,,4.0,2025-05-16T00:00:00,5,False
I03697,U0015,P0158,cart,,2.0,2025-01-13T00:00:00,1,False
I03698,U0201,P0298,rating,4.2,4.2,2024-09-06T00:00:00,9,False
I03699,U0181,P0396,purchase,,4.0,2025-02-12T00:00:00,2,False
I03700,U0089,P0349,view,,1.0,2024-05-04T00:00:00,5,False
I03701,U0113,P0248,cart,,2.0,2024-05-16T00:00:00,5,False
I03702,U0240,P0436,purchase,,4.0,2024-05-29T00:00:00,5,False
I03703,U0107,P0068,cart,,2.0,2024-12-08T00:00:00,12,False
I03704,U0177,P0465,purchase,,4.0,2024-11-16T00:00:00,11,True
I03705,U0054,P0487,view,,1.0,2024-10-15T00:00:00,10,True
I03706,U0233,P0448,view,,1.0,2025-05-06T00:00:00,5,False
I03707,U0100,P0448,view,,1.0,2024-09-08T00:00:00,9,False
I03708,U0214,P0189,view,,1.0,2024-03-17T00:00:00,3,False
I03709,U0135,P0111,purchase,,4.0,2025-01-26T00:00:00,1,False
I03710,U0156,P0002,view,,1.0,2024-06-21T00:00:00,6,False
I03711,U0107,P0464,cart,,2.0,2024-07-19T00:00:00,7,False
I03712,U0217,P0310,view,,1.0,2025-01-10T00:00:00,1,False
I03713,U0208,P0177,cart,,2.0,2024-01-11T00:00:00,1,False
I03714,U0031,P0112,view,,1.0,2024-01-12T00:00:00,1,False
I03715,U0124,P0120,cart,,2.0,2025-03-10T00:00:00,3,False
I03716,U0172,P0127,view,,1.0,2025-01-07T00:00:00,1,False
I03717,U0017,P0299,rating,5.0,5.0,2025-05-23T00:00:00,5,False
I03718,U0063,P0269,cart,,2.0,2024-06-16T00:00:00,6,False
I03719,U0141,P0135,view,,1.0,2024-06-28T00:00:00,6,False
I03720,U0058,P0039,cart,,2.0,2025-04-24T00:00:00,4,False
I03721,U0165,P0483,cart,,2.0,2025-04-04T00:00:00,4,False
I03722,U0061,P0161,rating,4.7,4.7,2025-01-03T00:00:00,1,False
I03723,U0121,P0247,view,,1.0,2024-01-17T00:00:00,1,False
I03724,U0240,P0371,view,,1.0,2025-05-11T00:00:00,5,False
I03725,U0020,P0380,view,,1.0,2024-11-10T00:00:00,11,True
I03726,U0069,P0180,view,,1.0,2024-06-09T00:00:00,6,False
I03727,U0102,P0084,view,,1.0,2024-05-24T00:00:00,5,False
I03728,U0057,P0211,view,,1.0,2025-01-19T00:00:00,1,False
I03729,U0013,P0147,view,,1.0,2025-03-29T00:00:00,3,False
I03730,U0187,P0403,purchase,,4.0,2025-06-01T00:00:00,6,False
I03731,U0097,P0007,view,,1.0,2024-12-15T00:00:00,12,False
I03732,U0110,P0449,rating,3.1,3.1,2025-04-27T00:00:00,4,False
I03733,U0051,P0399,cart,,2.0,2025-04-20T00:00:00,4,False
I03734,U0087,P0028,view,,1.0,2024-03-08T00:00:00,3,False
I03735,U0084,P0309,purchase,,4.0,2024-02-11T00:00:00,2,False
I03736,U0219,P0229,cart,,2.0,2024-02-26T00:00:00,2,False
I03737,U0226,P0456,view,,1.0,2024-07-14T00:00:00,7,False
I03738,U0166,P0289,view,,1.0,2024-03-02T00:00:00,3,False
I03739,U0007,P0207,cart,,2.0,2024-04-21T00:00:00,4,False
I03740,U0199,P0207,view,,1.0,2024-06-26T00:00:00,6,False
I03741,U0180,P0211,rating,4.6,4.6,2024-01-26T00:00:00,1,False
I03742,U0154,P0489,view,,1.0,2024-11-12T00:00:00,11,True
I03743,U0020,P0221,cart,,2.0,2024-04-15T00:00:00,4,False
I03744,U0237,P0230,cart,,2.0,2025-04-08T00:00:00,4,False
I03745,U0081,P0219,purchase,,4.0,2025-01-30T00:00:00,1,False
I03746,U0010,P0481,view,,1.0,2024-09-20T00:00:00,9,False
I03747,U0149,P0272,purchase,,4.0,2024-09-30T00:00:00,9,False
I03748,U0194,P0243,cart,,2.0,2024-06-20T00:00:00,6,False
I03749,U0009,P0093,view,,1.0,2024-01-26T00:00:00,1,False
I03750,U0213,P0083,purchase,,4.0,2025-04-20T00:00:00,4,False
I03751,U0100,P0172,rating,4.9,4.9,2024-01-26T00:00:00,1,False
I03752,U0183,P0449,purchase,,4.0,2025-04-06T00:00:00,4,False
I03753,U0168,P0225,view,,1.0,2024-03-21T00:00:00,3,False
I03754,U0146,P0414,cart,,2.0,2025-02-10T00:00:00,2,False
I03755,U0062,P0284,view,,1.0,2024-02-15T00:00:00,2,False
I03756,U0087,P0397,view,,1.0,2024-02-22T00:00:00,2,False
I03757,U0216,P0381,rating,4.0,4.0,2025-04-20T00:00:00,4,False
I03758,U0080,P0487,view,,1.0,2024-01-16T00:00:00,1,False
I03759,U0104,P0379,view,,1.0,2025-05-01T00:00:00,5,False
I03760,U0070,P0030,rating,3.6,3.6,2025-05-16T00:00:00,5,False
I03761,U0009,P0440,view,,1.0,2025-03-22T00:00:00,3,False
I03762,U0034,P0266,view,,1.0,2024-07-27T00:00:00,7,False
I03763,U0219,P0289,view,,1.0,2025-02-16T00:00:00,2,False
I03764,U0165,P0365,purchase,,4.0,2025-03-02T00:00:00,3,False
I03765,U0086,P0215,view,,1.0,2025-01-05T00:00:00,1,False
I03766,U0064,P0284,rating,4.0,4.0,2024-10-16T00:00:00,10,True
I03767,U0176,P0422,purchase,,4.0,2024-09-24T00:00:00,9,False
I03768,U0151,P0439,view,,1.0,2024-09-11T00:00:00,9,False
I03769,U0097,P0361,view,,1.0,2025-01-11T00:00:00,1,False
I03770,U0141,P0096,purchase,,4.0,2024-12-23T00:00:00,12,False
I03771,U0096,P0340,purchase,,4.0,2025-01-04T00:00:00,1,False
I03772,U0227,P0430,view,,1.0,2024-10-29T00:00:00,10,True
I03773,U0058,P0087,view,,1.0,2025-01-23T00:00:00,1,False
I03774,U0121,P0055,view,,1.0,2024-04-27T00:00:00,4,False
I03775,U0005,P0403,rating,4.4,4.4,2025-03-19T00:00:00,3,False
I03776,U0128,P0279,view,,1.0,2024-05-03T00:00:00,5,False
I03777,U0146,P0267,rating,3.1,3.1,2024-10-03T00:00:00,10,True
I03778,U0054,P0287,cart,,2.0,2025-01-28T00:00:00,1,False
I03779,U0152,P0151,view,,1.0,2024-12-25T00:00:00,12,False
I03780,U0111,P0112,cart,,2.0,2025-04-13T00:00:00,4,False
I03781,U0217,P0396,cart,,2.0,2024-02-26T00:00:00,2,False
I03782,U0128,P0067,view,,1.0,2024-05-29T00:00:00,5,False
I03783,U0196,P0430,view,,1.0,2024-06-10T00:00:00,6,False
I03784,U0120,P0201,purchase,,4.0,2024-12-16T00:00:00,12,False
I03785,U0099,P0459,view,,1.0,2024-06-15T00:00:00,6,False
I03786,U0042,P0432,view,,1.0,2025-05-28T00:00:00,5,False
I03787,U0152,P0284,rating,3.8,3.8,2025-02-04T00:00:00,2,False
I03788,U0121,P0402,view,,1.0,2024-09-03T00:00:00,9,False
I03789,U0178,P0091,rating,5.0,5.0,2024-04-02T00:00:00,4,False
I03790,U0012,P0379,cart,,2.0,2024-11-16T00:00:00,11,True
I03791,U0155,P0058,purchase,,4.0,2024-03-02T00:00:00,3,False
I03792,U0044,P0204,purchase,,4.0,2025-02-06T00:00:00,2,False
I03793,U0187,P0343,purchase,,4.0,2024-10-29T00:00:00,10,True
I03794,U0002,P0358,view,,1.0,2024-09-09T00:00:00,9,False
I03795,U0222,P0211,view,,1.0,2025-04-22T00:00:00,4,False
I03796,U0113,P0431,cart,,2.0,2024-06-08T00:00:00,6,False
I03797,U0193,P0435,view,,1.0,2024-06-14T00:00:00,6,False
I03798,U0205,P0383,purchase,,4.0,2024-09-23T00:00:00,9,False
I03799,U0138,P0261,purchase,,4.0,2025-01-02T00:00:00,1,False
I03800,U0187,P0141,view,,1.0,2024-01-17T00:00:00,1,False
I03801,U0068,P0178,view,,1.0,2024-05-12T00:00:00,5,False
I03802,U0188,P0057,view,,1.0,2025-03-05T00:00:00,3,False
I03803,U0052,P0352,rating,4.9,4.9,2024-06-22T00:00:00,6,False
I03804,U0183,P0446,rating,4.3,4.3,2024-08-29T00:00:00,8,False
I03805,U0048,P0341,view,,1.0,2024-10-11T00:00:00,10,True
I03806,U0027,P0192,rating,4.0,4.0,2025-02-05T00:00:00,2,False
I03807,U0106,P0344,cart,,2.0,2025-01-04T00:00:00,1,False
I03808,U0021,P0191,view,,1.0,2024-05-31T00:00:00,5,False
I03809,U0102,P0316,view,,1.0,2025-03-21T00:00:00,3,False
I03810,U0105,P0235,rating,4.5,4.5,2024-08-16T00:00:00,8,False
I03811,U0125,P0197,purchase,,4.0,2024-08-23T00:00:00,8,False
I03812,U0162,P0477,cart,,2.0,2024-12-18T00:00:00,12,False
I03813,U0068,P0475,view,,1.0,2024-06-21T00:00:00,6,False
I03814,U0236,P0398,cart,,2.0,2024-09-17T00:00:00,9,False
I03815,U0217,P0140,view,,1.0,2024-05-03T00:00:00,5,False
I03816,U0037,P0007,view,,1.0,2024-06-10T00:00:00,6,False
I03817,U0201,P0274,view,,1.0,2025-03-29T00:00:00,3,False
I03818,U0146,P0488,rating,3.6,3.6,2025-04-06T00:00:00,4,False
I03819,U0188,P0139,view,,1.0,2024-04-02T00:00:00,4,False
I03820,U0042,P0272,view,,1.0,2025-04-09T00:00:00,4,False
I03821,U0123,P0175,view,,1.0,2024-04-16T00:00:00,4,False
I03822,U0072,P0399,purchase,,4.0,2024-03-05T00:00:00,3,False
I03823,U0109,P0499,cart,,2.0,2025-04-28T00:00:00,4,False
I03824,U0135,P0356,view,,1.0,2024-01-24T00:00:00,1,False
I03825,U0028,P0299,rating,4.9,4.9,2024-03-02T00:00:00,3,False
I03826,U0235,P0084,view,,1.0,2024-09-29T00:00:00,9,False
I03827,U0229,P0425,cart,,2.0,2024-01-20T00:00:00,1,False
I03828,U0003,P0377,purchase,,4.0,2025-02-24T00:00:00,2,False
I03829,U0218,P0295,view,,1.0,2024-11-02T00:00:00,11,True
I03830,U0176,P0229,view,,1.0,2024-05-15T00:00:00,5,False
I03831,U0141,P0483,view,,1.0,2025-05-29T00:00:00,5,False
I03832,U0193,P0499,cart,,2.0,2025-02-18T00:00:00,2,False
I03833,U0105,P0439,rating,4.4,4.4,2024-04-27T00:00:00,4,False
I03834,U0137,P0142,cart,,2.0,2024-11-13T00:00:00,11,True
I03835,U0120,P0035,rating,3.3,3.3,2024-03-29T00:00:00,3,False
I03836,U0047,P0465,view,,1.0,2024-10-10T00:00:00,10,True
I03837,U0121,P0290,cart,,2.0,2024-05-13T00:00:00,5,False
I03838,U0155,P0184,rating,4.5,4.5,2024-09-04T00:00:00,9,False
I03839,U0095,P0396,purchase,,4.0,2024-05-22T00:00:00,5,False
I03840,U0199,P0106,rating,5.0,5.0,2025-02-01T00:00:00,2,False
I03841,U0112,P0325,view,,1.0,2025-01-03T00:00:00,1,False
I03842,U0110,P0254,cart,,2.0,2025-01-04T00:00:00,1,False
I03843,U0067,P0215,cart,,2.0,2025-01-16T00:00:00,1,False
I03844,U0086,P0237,view,,1.0,2025-04-04T00:00:00,4,False
I03845,U0182,P0436,view,,1.0,2024-11-20T00:00:00,11,True
I03846,U0010,P0420,rating,4.9,4.9,2025-05-03T00:00:00,5,False
I03847,U0230,P0422,purchase,,4.0,2024-10-17T00:00:00,10,True
I03848,U0083,P0238,view,,1.0,2024-06-16T00:00:00,6,False
I03849,U0182,P0199,cart,,2.0,2025-03-03T00:00:00,3,False
I03850,U0190,P0346,purchase,,4.0,2025-05-04T00:00:00,5,False
I03851,U0099,P0036,purchase,,4.0,2024-07-14T00:00:00,7,False
I03852,U0033,P0427,view,,1.0,2024-01-11T00:00:00,1,False
I03853,U0070,P0393,view,,1.0,2024-09-12T00:00:00,9,False
I03854,U0140,P0092,view,,1.0,2025-02-12T00:00:00,2,False
I03855,U0106,P0288,view,,1.0,2024-09-15T00:00:00,9,False
I03856,U0003,P0097,view,,1.0,2024-03-24T00:00:00,3,False
I03857,U0156,P0480,cart,,2.0,2024-06-24T00:00:00,6,False
I03858,U0195,P0440,cart,,2.0,2025-04-16T00:00:00,4,False
I03859,U0107,P0222,cart,,2.0,2025-02-27T00:00:00,2,False
I03860,U0134,P0343,view,,1.0,2025-01-14T00:00:00,1,False
I03861,U0155,P0470,rating,5.0,5.0,2024-10-03T00:00:00,10,True
I03862,U0236,P0098,view,,1.0,2024-01-13T00:00:00,1,False
I03863,U0086,P0256,cart,,2.0,2024-02-04T00:00:00,2,False
I03864,U0047,P0111,rating,3.7,3.7,2024-08-01T00:00:00,8,False
I03865,U0159,P0061,view,,1.0,2024-04-19T00:00:00,4,False
I03866,U0037,P0283,view,,1.0,2024-12-12T00:00:00,12,False
I03867,U0232,P0035,view,,1.0,2024-10-05T00:00:00,10,True
I03868,U0223,P0305,cart,,2.0,2024-04-20T00:00:00,4,False
I03869,U0124,P0352,view,,1.0,2025-03-06T00:00:00,3,False
I03870,U0030,P0099,cart,,2.0,2024-04-24T00:00:00,4,False
I03871,U0090,P0244,view,,1.0,2024-07-30T00:00:00,7,False
I03872,U0038,P0081,view,,1.0,2024-12-25T00:00:00,12,False
I03873,U0230,P0292,view,,1.0,2025-01-06T00:00:00,1,False
I03874,U0215,P0355,rating,3.6,3.6,2024-01-15T00:00:00,1,False
I03875,U0187,P0391,cart,,2.0,2024-09-15T00:00:00,9,False
I03876,U0010,P0465,cart,,2.0,2025-04-07T00:00:00,4,False
I03877,U0120,P0475,cart,,2.0,2024-05-07T00:00:00,5,False
I03878,U0211,P0057,purchase,,4.0,2024-11-20T00:00:00,11,True
I03879,U0064,P0489,cart,,2.0,2025-05-20T00:00:00,5,False
I03880,U0014,P0169,cart,,2.0,2024-02-19T00:00:00,2,False
I03881,U0154,P0266,view,,1.0,2024-03-09T00:00:00,3,False
I03882,U0135,P0082,view,,1.0,2025-01-17T00:00:00,1,False
I03883,U0016,P0083,view,,1.0,2025-03-14T00:00:00,3,False
I03884,U0078,P0401,purchase,,4.0,2024-05-11T00:00:00,5,False
I03885,U0228,P0142,view,,1.0,2024-09-04T00:00:00,9,False
I03886,U0017,P0341,rating,4.9,4.9,2024-12-14T00:00:00,12,False
I03887,U0062,P0286,view,,1.0,2024-02-17T00:00:00,2,False
I03888,U0010,P0446,view,,1.0,2024-08-20T00:00:00,8,False
I03889,U0036,P0352,view,,1.0,2025-02-16T00:00:00,2,False
I03890,U0206,P0288,rating,4.0,4.0,2024-01-04T00:00:00,1,False
I03891,U0044,P0423,view,,1.0,2024-09-11T00:00:00,9,False
I03892,U0228,P0340,view,,1.0,2024-04-23T00:00:00,4,False
I03893,U0237,P0200,view,,1.0,2025-01-31T00:00:00,1,False
I03894,U0174,P0475,view,,1.0,2024-09-11T00:00:00,9,False
I03895,U0210,P0245,purchase,,4.0,2024-10-03T00:00:00,10,True
I03896,U0208,P0015,view,,1.0,2025-05-16T00:00:00,5,False
I03897,U0185,P0489,view,,1.0,2024-03-09T00:00:00,3,False
I03898,U0070,P0485,view,,1.0,2024-03-07T00:00:00,3,False
I03899,U0048,P0042,view,,1.0,2025-04-28T00:00:00,4,False
I03900,U0161,P0348,view,,1.0,2025-02-20T00:00:00,2,False
I03901,U0159,P0490,purchase,,4.0,2024-05-28T00:00:00,5,False
I03902,U0027,P0084,cart,,2.0,2024-09-04T00:00:00,9,False
I03903,U0101,P0133,rating,4.0,4.0,2024-04-05T00:00:00,4,False
I03904,U0022,P0081,view,,1.0,2024-09-19T00:00:00,9,False
I03905,U0107,P0356,cart,,2.0,2024-10-19T00:00:00,10,True
I03906,U0038,P0005,view,,1.0,2025-01-29T00:00:00,1,False
I03907,U0001,P0478,view,,1.0,2024-06-28T00:00:00,6,False
I03908,U0152,P0027,view,,1.0,2024-08-22T00:00:00,8,False
I03909,U0184,P0131,cart,,2.0,2024-12-02T00:00:00,12,False
I03910,U0008,P0055,cart,,2.0,2025-03-18T00:00:00,3,False
I03911,U0173,P0450,view,,1.0,2024-03-31T00:00:00,3,False
I03912,U0086,P0084,view,,1.0,2024-09-28T00:00:00,9,False
I03913,U0066,P0223,rating,5.0,5.0,2024-01-05T00:00:00,1,False
I03914,U0082,P0112,view,,1.0,2024-08-06T00:00:00,8,False
I03915,U0118,P0394,view,,1.0,2024-04-24T00:00:00,4,False
I03916,U0007,P0184,view,,1.0,2024-11-01T00:00:00,11,True
I03917,U0142,P0307,purchase,,4.0,2025-02-25T00:00:00,2,False
I03918,U0232,P0180,cart,,2.0,2024-07-25T00:00:00,7,False
I03919,U0111,P0266,view,,1.0,2024-10-29T00:00:00,10,True
I03920,U0112,P0293,cart,,2.0,2025-02-20T00:00:00,2,False
I03921,U0043,P0309,purchase,,4.0,2024-10-11T00:00:00,10,True
I03922,U0128,P0217,cart,,2.0,2024-07-03T00:00:00,7,False
I03923,U0229,P0303,view,,1.0,2024-08-08T00:00:00,8,False
I03924,U0096,P0062,cart,,2.0,2025-03-19T00:00:00,3,False
I03925,U0117,P0029,view,,1.0,2024-03-10T00:00:00,3,False
I03926,U0130,P0121,view,,1.0,2024-03-10T00:00:00,3,False
I03927,U0110,P0137,rating,4.3,4.3,2025-03-02T00:00:00,3,False
I03928,U0089,P0359,view,,1.0,2024-05-16T00:00:00,5,False
I03929,U0131,P0351,view,,1.0,2024-08-05T00:00:00,8,False
I03930,U0176,P0087,cart,,2.0,2024-06-19T00:00:00,6,False
I03931,U0219,P0254,view,,1.0,2024-05-08T00:00:00,5,False
I03932,U0057,P0159,view,,1.0,2024-06-29T00:00:00,6,False
I03933,U0144,P0388,purchase,,4.0,2024-02-20T00:00:00,2,False
I03934,U0112,P0242,view,,1.0,2025-04-03T00:00:00,4,False
I03935,U0218,P0159,cart,,2.0,2024-09-13T00:00:00,9,False
I03936,U0090,P0419,view,,1.0,2024-06-04T00:00:00,6,False
I03937,U0053,P0130,view,,1.0,2025-03-17T00:00:00,3,False
I03938,U0073,P0439,view,,1.0,2024-01-25T00:00:00,1,False
I03939,U0038,P0379,cart,,2.0,2024-02-29T00:00:00,2,False
I03940,U0211,P0123,cart,,2.0,2025-03-09T00:00:00,3,False
I03941,U0111,P0333,cart,,2.0,2024-03-06T00:00:00,3,False
I03942,U0142,P0493,view,,1.0,2024-04-15T00:00:00,4,False
I03943,U0096,P0108,view,,1.0,2024-06-16T00:00:00,6,False
I03944,U0042,P0101,view,,1.0,2024-04-13T00:00:00,4,False
I03945,U0077,P0471,view,,1.0,2024-07-22T00:00:00,7,False
I03946,U0008,P0018,rating,5.0,5.0,2024-10-08T00:00:00,10,True
I03947,U0140,P0154,view,,1.0,2024-02-12T00:00:00,2,False
I03948,U0179,P0084,view,,1.0,2024-04-19T00:00:00,4,False
I03949,U0219,P0413,view,,1.0,2024-07-28T00:00:00,7,False
I03950,U0237,P0043,view,,1.0,2024-02-18T00:00:00,2,False
I03951,U0115,P0057,view,,1.0,2024-06-03T00:00:00,6,False
I03952,U0137,P0204,purchase,,4.0,2025-05-17T00:00:00,5,False
I03953,U0167,P0097,purchase,,4.0,2024-03-11T00:00:00,3,False
I03954,U0007,P0142,view,,1.0,2024-12-01T00:00:00,12,False
I03955,U0067,P0062,view,,1.0,2025-05-07T00:00:00,5,False
I03956,U0138,P0140,view,,1.0,2024-07-31T00:00:00,7,False
I03957,U0181,P0066,purchase,,4.0,2024-09-04T00:00:00,9,False
I03958,U0214,P0084,view,,1.0,2024-12-24T00:00:00,12,False
I03959,U0126,P0436,purchase,,4.0,2025-05-30T00:00:00,5,False
I03960,U0088,P0350,purchase,,4.0,2024-06-24T00:00:00,6,False
I03961,U0211,P0292,view,,1.0,2025-03-01T00:00:00,3,False
I03962,U0003,P0215,cart,,2.0,2024-03-21T00:00:00,3,False
I03963,U0159,P0173,view,,1.0,2024-05-17T00:00:00,5,False
I03964,U0177,P0363,view,,1.0,2025-04-14T00:00:00,4,False
I03965,U0094,P0032,view,,1.0,2024-05-05T00:00:00,5,False
I03966,U0113,P0449,view,,1.0,2024-11-04T00:00:00,11,True
I03967,U0087,P0213,purchase,,4.0,2024-08-17T00:00:00,8,False
I03968,U0204,P0406,rating,3.8,3.8,2024-12-10T00:00:00,12,False
I03969,U0049,P0314,view,,1.0,2025-04-21T00:00:00,4,False
I03970,U0013,P0244,view,,1.0,2024-01-03T00:00:00,1,False
I03971,U0002,P0087,view,,1.0,2024-01-16T00:00:00,1,False
I03972,U0094,P0414,view,,1.0,2024-12-23T00:00:00,12,False
I03973,U0134,P0103,cart,,2.0,2024-05-12T00:00:00,5,False
I03974,U0056,P0096,view,,1.0,2025-04-26T00:00:00,4,False
I03975,U0127,P0440,view,,1.0,2024-10-31T00:00:00,10,True
I03976,U0013,P0435,cart,,2.0,2025-02-17T00:00:00,2,False
I03977,U0025,P0226,cart,,2.0,2024-11-11T00:00:00,11,True
I03978,U0059,P0155,cart,,2.0,2024-10-02T00:00:00,10,True
I03979,U0162,P0252,cart,,2.0,2025-01-23T00:00:00,1,False
I03980,U0210,P0118,view,,1.0,2025-03-19T00:00:00,3,False
I03981,U0231,P0218,purchase,,4.0,2025-03-02T00:00:00,3,False
I03982,U0057,P0299,view,,1.0,2025-01-02T00:00:00,1,False
I03983,U0173,P0257,view,,1.0,2024-12-07T00:00:00,12,False
I03984,U0037,P0431,purchase,,4.0,2024-10-30T00:00:00,10,True
I03985,U0118,P0487,view,,1.0,2024-04-21T00:00:00,4,False
I03986,U0110,P0380,purchase,,4.0,2024-01-06T00:00:00,1,False
I03987,U0162,P0188,view,,1.0,2024-10-05T00:00:00,10,True
I03988,U0126,P0192,purchase,,4.0,2024-01-13T00:00:00,1,False
I03989,U0047,P0379,view,,1.0,2024-06-08T00:00:00,6,False
I03990,U0154,P0437,view,,1.0,2024-06-29T00:00:00,6,False
I03991,U0014,P0059,view,,1.0,2024-06-28T00:00:00,6,False
I03992,U0121,P0038,view,,1.0,2024-06-16T00:00:00,6,False
I03993,U0214,P0176,view,,1.0,2024-05-29T00:00:00,5,False
I03994,U0016,P0294,purchase,,4.0,2024-03-31T00:00:00,3,False
I03995,U0120,P0008,rating,4.1,4.1,2024-09-09T00:00:00,9,False
I03996,U0060,P0255,cart,,2.0,2024-09-22T00:00:00,9,False
I03997,U0153,P0438,view,,1.0,2024-01-31T00:00:00,1,False
I03998,U0021,P0296,view,,1.0,2024-10-15T00:00:00,10,True
I03999,U0031,P0405,purchase,,4.0,2025-05-12T00:00:00,5,False
I04000,U0234,P0421,view,,1.0,2025-04-18T00:00:00,4,False
I04001,U0149,P0011,cart,,2.0,2024-05-11T00:00:00,5,False
I04002,U0068,P0446,view,,1.0,2024-05-11T00:00:00,5,False
I04003,U0009,P0255,cart,,2.0,2024-01-30T00:00:00,1,False
I04004,U0115,P0448,view,,1.0,2024-10-27T00:00:00,10,True
I04005,U0004,P0443,cart,,2.0,2024-11-20T00:00:00,11,True
I04006,U0237,P0494,rating,5.0,5.0,2024-01-16T00:00:00,1,False
I04007,U0190,P0312,cart,,2.0,2025-05-17T00:00:00,5,False
I04008,U0188,P0028,cart,,2.0,2024-08-17T00:00:00,8,False
I04009,U0107,P0111,cart,,2.0,2025-01-23T00:00:00,1,False
I04010,U0208,P0458,view,,1.0,2024-09-19T00:00:00,9,False
I04011,U0051,P0142,view,,1.0,2024-03-05T00:00:00,3,False
I04012,U0009,P0224,purchase,,4.0,2024-12-03T00:00:00,12,False
I04013,U0045,P0305,view,,1.0,2025-01-12T00:00:00,1,False
I04014,U0175,P0035,view,,1.0,2024-05-31T00:00:00,5,False
I04015,U0220,P0231,view,,1.0,2024-09-22T00:00:00,9,False
I04016,U0073,P0072,view,,1.0,2024-06-11T00:00:00,6,False
I04017,U0182,P0406,view,,1.0,2024-12-08T00:00:00,12,False
I04018,U0111,P0320,purchase,,4.0,2025-04-09T00:00:00,4,False
I04019,U0238,P0081,view,,1.0,2024-07-17T00:00:00,7,False
I04020,U0016,P0288,view,,1.0,2024-10-22T00:00:00,10,True
I04021,U0100,P0136,view,,1.0,2025-05-25T00:00:00,5,False
I04022,U0020,P0377,cart,,2.0,2024-08-26T00:00:00,8,False
I04023,U0069,P0138,rating,3.8,3.8,2024-10-27T00:00:00,10,True
I04024,U0006,P0384,view,,1.0,2024-08-07T00:00:00,8,False
I04025,U0197,P0025,rating,2.1,2.1,2025-03-08T00:00:00,3,False
I04026,U0039,P0368,purchase,,4.0,2024-04-27T00:00:00,4,False
I04027,U0149,P0038,view,,1.0,2024-01-12T00:00:00,1,False
I04028,U0209,P0367,view,,1.0,2024-06-13T00:00:00,6,False
I04029,U0110,P0182,view,,1.0,2024-10-20T00:00:00,10,True
I04030,U0143,P0005,view,,1.0,2025-06-02T00:00:00,6,False
I04031,U0078,P0433,view,,1.0,2025-03-09T00:00:00,3,False
I04032,U0065,P0218,view,,1.0,2024-03-17T00:00:00,3,False
I04033,U0048,P0258,view,,1.0,2024-03-22T00:00:00,3,False
I04034,U0127,P0054,view,,1.0,2024-07-27T00:00:00,7,False
I04035,U0189,P0101,view,,1.0,2024-01-29T00:00:00,1,False
I04036,U0048,P0290,view,,1.0,2025-04-09T00:00:00,4,False
I04037,U0190,P0460,cart,,2.0,2025-05-04T00:00:00,5,False
I04038,U0013,P0142,view,,1.0,2025-03-03T00:00:00,3,False
I04039,U0047,P0228,view,,1.0,2024-12-24T00:00:00,12,False
I04040,U0192,P0257,purchase,,4.0,2024-03-31T00:00:00,3,False
I04041,U0053,P0316,purchase,,4.0,2024-07-22T00:00:00,7,False
I04042,U0044,P0068,rating,3.9,3.9,2024-06-04T00:00:00,6,False
I04043,U0002,P0394,purchase,,4.0,2024-12-22T00:00:00,12,False
I04044,U0057,P0107,view,,1.0,2024-02-27T00:00:00,2,False
I04045,U0180,P0447,view,,1.0,2025-05-07T00:00:00,5,False
I04046,U0157,P0220,purchase,,4.0,2024-02-04T00:00:00,2,False
I04047,U0075,P0427,view,,1.0,2024-10-15T00:00:00,10,True
I04048,U0115,P0122,view,,1.0,2024-11-24T00:00:00,11,True
I04049,U0078,P0090,view,,1.0,2024-10-30T00:00:00,10,True
I04050,U0067,P0445,view,,1.0,2024-08-08T00:00:00,8,False
I04051,U0211,P0022,view,,1.0,2024-06-12T00:00:00,6,False
I04052,U0224,P0127,rating,3.7,3.7,2025-03-30T00:00:00,3,False
I04053,U0210,P0399,rating,2.5,2.5,2024-07-06T00:00:00,7,False
I04054,U0191,P0081,view,,1.0,2025-01-23T00:00:00,1,False
I04055,U0215,P0326,view,,1.0,2025-01-09T00:00:00,1,False
I04056,U0086,P0412,cart,,2.0,2025-04-18T00:00:00,4,False
I04057,U0106,P0200,cart,,2.0,2024-02-16T00:00:00,2,False
I04058,U0065,P0467,purchase,,4.0,2025-04-19T00:00:00,4,False
I04059,U0146,P0298,cart,,2.0,2025-01-16T00:00:00,1,False
I04060,U0066,P0444,purchase,,4.0,2025-05-31T00:00:00,5,False
I04061,U0093,P0236,view,,1.0,2025-03-01T00:00:00,3,False
I04062,U0212,P0068,purchase,,4.0,2024-04-03T00:00:00,4,False
I04063,U0106,P0086,view,,1.0,2024-05-12T00:00:00,5,False
I04064,U0178,P0298,view,,1.0,2024-12-06T00:00:00,12,False
I04065,U0058,P0413,view,,1.0,2024-07-30T00:00:00,7,False
I04066,U0008,P0406,purchase,,4.0,2024-06-07T00:00:00,6,False
I04067,U0012,P0257,rating,4.6,4.6,2025-04-18T00:00:00,4,False
I04068,U0168,P0442,view,,1.0,2024-07-11T00:00:00,7,False
I04069,U0187,P0286,view,,1.0,2024-09-27T00:00:00,9,False
I04070,U0114,P0289,view,,1.0,2024-02-24T00:00:00,2,False
I04071,U0002,P0257,view,,1.0,2024-03-05T00:00:00,3,False
I04072,U0223,P0101,cart,,2.0,2024-09-28T00:00:00,9,False
I04073,U0150,P0120,view,,1.0,2024-12-27T00:00:00,12,False
I04074,U0146,P0459,view,,1.0,2024-07-27T00:00:00,7,False
I04075,U0030,P0163,rating,4.2,4.2,2024-01-10T00:00:00,1,False
I04076,U0227,P0154,cart,,2.0,2024-07-04T00:00:00,7,False
I04077,U0062,P0257,view,,1.0,2025-04-08T00:00:00,4,False
I04078,U0134,P0425,purchase,,4.0,2024-06-19T00:00:00,6,False
I04079,U0213,P0065,cart,,2.0,2025-05-16T00:00:00,5,False
I04080,U0060,P0299,cart,,2.0,2024-01-27T00:00:00,1,False
I04081,U0068,P0121,rating,4.0,4.0,2025-02-11T00:00:00,2,False
I04082,U0168,P0351,cart,,2.0,2024-09-18T00:00:00,9,False
I04083,U0112,P0099,view,,1.0,2024-08-24T00:00:00,8,False
I04084,U0215,P0089,view,,1.0,2024-12-31T00:00:00,12,False
I04085,U0030,P0169,rating,5.0,5.0,2025-01-12T00:00:00,1,False
I04086,U0149,P0097,view,,1.0,2025-01-10T00:00:00,1,False
I04087,U0107,P0367,view,,1.0,2024-03-16T00:00:00,3,False
I04088,U0009,P0035,view,,1.0,2024-07-14T00:00:00,7,False
I04089,U0039,P0310,view,,1.0,2024-10-16T00:00:00,10,True
I04090,U0231,P0379,rating,4.7,4.7,2024-03-01T00:00:00,3,False
I04091,U0132,P0140,view,,1.0,2024-01-08T00:00:00,1,False
I04092,U0113,P0286,view,,1.0,2024-02-14T00:00:00,2,False
I04093,U0088,P0256,cart,,2.0,2025-01-09T00:00:00,1,False
I04094,U0107,P0187,view,,1.0,2024-01-27T00:00:00,1,False
I04095,U0193,P0223,view,,1.0,2024-12-22T00:00:00,12,False
I04096,U0062,P0216,cart,,2.0,2024-03-02T00:00:00,3,False
I04097,U0166,P0154,view,,1.0,2025-01-14T00:00:00,1,False
I04098,U0021,P0032,view,,1.0,2025-03-06T00:00:00,3,False
I04099,U0115,P0002,view,,1.0,2024-04-30T00:00:00,4,False
I04100,U0013,P0446,view,,1.0,2025-02-19T00:00:00,2,False
I04101,U0163,P0176,view,,1.0,2024-12-02T00:00:00,12,False
I04102,U0123,P0361,view,,1.0,2024-11-19T00:00:00,11,True
I04103,U0173,P0119,view,,1.0,2024-03-04T00:00:00,3,False
I04104,U0101,P0293,view,,1.0,2024-11-17T00:00:00,11,True
I04105,U0207,P0187,view,,1.0,2024-03-06T00:00:00,3,False
I04106,U0075,P0401,view,,1.0,2025-04-02T00:00:00,4,False
I04107,U0067,P0327,purchase,,4.0,2025-03-28T00:00:00,3,False
I04108,U0003,P0088,view,,1.0,2025-03-01T00:00:00,3,False
I04109,U0211,P0444,purchase,,4.0,2024-06-26T00:00:00,6,False
I04110,U0163,P0445,purchase,,4.0,2024-10-06T00:00:00,10,True
I04111,U0088,P0312,cart,,2.0,2024-01-17T00:00:00,1,False
I04112,U0040,P0148,cart,,2.0,2024-07-20T00:00:00,7,False
I04113,U0194,P0134,cart,,2.0,2024-07-12T00:00:00,7,False
I04114,U0149,P0055,purchase,,4.0,2025-01-09T00:00:00,1,False
I04115,U0120,P0088,cart,,2.0,2024-02-04T00:00:00,2,False
I04116,U0113,P0359,view,,1.0,2024-01-29T00:00:00,1,False
I04117,U0007,P0349,rating,3.7,3.7,2024-08-08T00:00:00,8,False
I04118,U0053,P0393,purchase,,4.0,2024-12-18T00:00:00,12,False
I04119,U0136,P0123,cart,,2.0,2024-03-16T00:00:00,3,False
I04120,U0238,P0062,view,,1.0,2024-04-26T00:00:00,4,False
I04121,U0024,P0323,cart,,2.0,2024-06-23T00:00:00,6,False
I04122,U0234,P0185,cart,,2.0,2024-10-21T00:00:00,10,True
I04123,U0195,P0456,view,,1.0,2025-06-01T00:00:00,6,False
I04124,U0021,P0433,view,,1.0,2024-03-13T00:00:00,3,False
I04125,U0074,P0087,view,,1.0,2024-02-05T00:00:00,2,False
I04126,U0131,P0326,cart,,2.0,2024-08-20T00:00:00,8,False
I04127,U0216,P0455,purchase,,4.0,2025-05-11T00:00:00,5,False
I04128,U0206,P0331,rating,4.7,4.7,2025-03-01T00:00:00,3,False
I04129,U0083,P0224,view,,1.0,2025-03-29T00:00:00,3,False
I04130,U0237,P0431,view,,1.0,2024-11-28T00:00:00,11,True
I04131,U0026,P0261,view,,1.0,2025-04-14T00:00:00,4,False
I04132,U0021,P0252,view,,1.0,2024-08-15T00:00:00,8,False
I04133,U0120,P0299,purchase,,4.0,2024-05-09T00:00:00,5,False
I04134,U0175,P0110,cart,,2.0,2025-02-17T00:00:00,2,False
I04135,U0027,P0420,rating,4.5,4.5,2024-03-11T00:00:00,3,False
I04136,U0148,P0178,view,,1.0,2025-01-31T00:00:00,1,False
I04137,U0081,P0336,view,,1.0,2025-05-19T00:00:00,5,False
I04138,U0142,P0419,view,,1.0,2024-10-02T00:00:00,10,True
I04139,U0124,P0488,view,,1.0,2024-01-13T00:00:00,1,False
I04140,U0003,P0413,view,,1.0,2024-08-11T00:00:00,8,False
I04141,U0206,P0304,rating,4.8,4.8,2024-06-23T00:00:00,6,False
I04142,U0035,P0109,view,,1.0,2024-01-14T00:00:00,1,False
I04143,U0195,P0302,view,,1.0,2025-01-31T00:00:00,1,False
I04144,U0175,P0467,view,,1.0,2024-11-01T00:00:00,11,True
I04145,U0078,P0361,view,,1.0,2025-02-13T00:00:00,2,False
I04146,U0003,P0119,view,,1.0,2025-03-27T00:00:00,3,False
I04147,U0164,P0340,view,,1.0,2025-05-09T00:00:00,5,False
I04148,U0161,P0420,view,,1.0,2025-01-25T00:00:00,1,False
I04149,U0117,P0472,view,,1.0,2024-02-21T00:00:00,2,False
I04150,U0120,P0299,cart,,2.0,2025-01-29T00:00:00,1,False
I04151,U0155,P0310,view,,1.0,2024-05-21T00:00:00,5,False
I04152,U0086,P0139,view,,1.0,2025-04-08T00:00:00,4,False
I04153,U0046,P0166,view,,1.0,2024-08-25T00:00:00,8,False
I04154,U0010,P0112,view,,1.0,2024-06-26T00:00:00,6,False
I04155,U0101,P0315,view,,1.0,2024-01-06T00:00:00,1,False
I04156,U0085,P0027,cart,,2.0,2024-11-02T00:00:00,11,True
I04157,U0036,P0171,rating,3.7,3.7,2024-11-22T00:00:00,11,True
I04158,U0100,P0167,purchase,,4.0,2025-01-29T00:00:00,1,False
I04159,U0044,P0035,cart,,2.0,2024-10-11T00:00:00,10,True
I04160,U0074,P0155,rating,3.5,3.5,2024-02-19T00:00:00,2,False
I04161,U0197,P0134,view,,1.0,2025-01-12T00:00:00,1,False
I04162,U0088,P0002,cart,,2.0,2024-05-23T00:00:00,5,False
I04163,U0060,P0377,cart,,2.0,2024-03-15T00:00:00,3,False
I04164,U0003,P0225,view,,1.0,2025-03-23T00:00:00,3,False
I04165,U0190,P0425,purchase,,4.0,2024-10-01T00:00:00,10,True
I04166,U0018,P0164,cart,,2.0,2024-08-02T00:00:00,8,False
I04167,U0171,P0247,purchase,,4.0,2025-04-29T00:00:00,4,False
I04168,U0073,P0180,view,,1.0,2024-09-11T00:00:00,9,False
I04169,U0131,P0038,cart,,2.0,2024-05-05T00:00:00,5,False
I04170,U0072,P0008,purchase,,4.0,2024-11-19T00:00:00,11,True
I04171,U0204,P0139,cart,,2.0,2024-06-20T00:00:00,6,False
I04172,U0223,P0172,view,,1.0,2024-08-04T00:00:00,8,False
I04173,U0080,P0013,view,,1.0,2024-10-24T00:00:00,10,True
I04174,U0064,P0466,rating,4.6,4.6,2024-06-30T00:00:00,6,False
I04175,U0078,P0347,view,,1.0,2025-05-25T00:00:00,5,False
I04176,U0127,P0446,cart,,2.0,2024-07-17T00:00:00,7,False
I04177,U0076,P0391,view,,1.0,2024-06-13T00:00:00,6,False
I04178,U0132,P0373,cart,,2.0,2024-08-14T00:00:00,8,False
I04179,U0122,P0327,view,,1.0,2025-03-26T00:00:00,3,False
I04180,U0196,P0265,view,,1.0,2024-07-22T00:00:00,7,False
I04181,U0211,P0166,view,,1.0,2025-04-02T00:00:00,4,False
I04182,U0062,P0376,purchase,,4.0,2024-09-13T00:00:00,9,False
I04183,U0017,P0450,view,,1.0,2024-09-28T00:00:00,9,False
I04184,U0009,P0267,view,,1.0,2024-07-19T00:00:00,7,False
I04185,U0059,P0435,view,,1.0,2025-01-27T00:00:00,1,False
I04186,U0140,P0098,purchase,,4.0,2024-04-28T00:00:00,4,False
I04187,U0041,P0059,view,,1.0,2025-02-02T00:00:00,2,False
I04188,U0066,P0274,view,,1.0,2024-11-26T00:00:00,11,True
I04189,U0011,P0115,view,,1.0,2025-06-03T00:00:00,6,False
I04190,U0183,P0293,rating,4.4,4.4,2025-04-24T00:00:00,4,False
I04191,U0107,P0117,cart,,2.0,2024-10-16T00:00:00,10,True
I04192,U0057,P0015,view,,1.0,2024-05-26T00:00:00,5,False
I04193,U0071,P0115,purchase,,4.0,2025-02-18T00:00:00,2,False
I04194,U0210,P0414,cart,,2.0,2024-10-22T00:00:00,10,True
I04195,U0142,P0045,view,,1.0,2024-04-12T00:00:00,4,False
I04196,U0124,P0256,view,,1.0,2025-05-22T00:00:00,5,False
I04197,U0123,P0386,rating,3.5,3.5,2024-07-27T00:00:00,7,False
I04198,U0165,P0063,cart,,2.0,2025-03-03T00:00:00,3,False
I04199,U0137,P0092,cart,,2.0,2024-04-18T00:00:00,4,False
I04200,U0121,P0482,view,,1.0,2024-12-13T00:00:00,12,False
I04201,U0050,P0063,view,,1.0,2024-04-14T00:00:00,4,False
I04202,U0164,P0015,view,,1.0,2025-01-07T00:00:00,1,False
I04203,U0027,P0009,purchase,,4.0,2024-09-29T00:00:00,9,False
I04204,U0137,P0384,rating,3.8,3.8,2024-12-05T00:00:00,12,False
I04205,U0045,P0089,view,,1.0,2024-09-21T00:00:00,9,False
I04206,U0030,P0053,view,,1.0,2024-06-14T00:00:00,6,False
I04207,U0060,P0374,cart,,2.0,2024-01-01T00:00:00,1,False
I04208,U0005,P0473,rating,4.0,4.0,2024-03-03T00:00:00,3,False
I04209,U0227,P0473,view,,1.0,2024-11-16T00:00:00,11,True
I04210,U0078,P0440,purchase,,4.0,2024-07-19T00:00:00,7,False
I04211,U0222,P0426,view,,1.0,2024-05-31T00:00:00,5,False
I04212,U0132,P0093,view,,1.0,2025-04-06T00:00:00,4,False
I04213,U0217,P0333,purchase,,4.0,2024-07-14T00:00:00,7,False
I04214,U0025,P0488,view,,1.0,2024-07-20T00:00:00,7,False
I04215,U0227,P0203,view,,1.0,2024-08-21T00:00:00,8,False
I04216,U0141,P0152,view,,1.0,2025-05-12T00:00:00,5,False
I04217,U0043,P0418,view,,1.0,2024-02-26T00:00:00,2,False
I04218,U0164,P0322,view,,1.0,2025-05-18T00:00:00,5,False
I04219,U0142,P0497,view,,1.0,2024-04-15T00:00:00,4,False
I04220,U0165,P0322,view,,1.0,2024-08-02T00:00:00,8,False
I04221,U0071,P0303,purchase,,4.0,2024-03-30T00:00:00,3,False
I04222,U0004,P0250,view,,1.0,2024-08-15T00:00:00,8,False
I04223,U0079,P0141,view,,1.0,2024-12-14T00:00:00,12,False
I04224,U0074,P0256,view,,1.0,2024-09-02T00:00:00,9,False
I04225,U0016,P0217,cart,,2.0,2025-02-06T00:00:00,2,False
I04226,U0157,P0142,rating,4.1,4.1,2024-04-25T00:00:00,4,False
I04227,U0016,P0413,view,,1.0,2024-02-25T00:00:00,2,False
I04228,U0079,P0430,purchase,,4.0,2024-04-12T00:00:00,4,False
I04229,U0028,P0072,view,,1.0,2025-05-31T00:00:00,5,False
I04230,U0106,P0070,view,,1.0,2024-10-04T00:00:00,10,True
I04231,U0117,P0173,view,,1.0,2024-09-25T00:00:00,9,False
I04232,U0065,P0367,view,,1.0,2025-02-03T00:00:00,2,False
I04233,U0233,P0221,rating,4.7,4.7,2024-03-26T00:00:00,3,False
I04234,U0064,P0054,purchase,,4.0,2024-02-01T00:00:00,2,False
I04235,U0080,P0360,view,,1.0,2024-02-20T00:00:00,2,False
I04236,U0079,P0257,view,,1.0,2024-06-22T00:00:00,6,False
I04237,U0180,P0358,view,,1.0,2025-05-15T00:00:00,5,False
I04238,U0063,P0255,view,,1.0,2024-03-16T00:00:00,3,False
I04239,U0060,P0400,cart,,2.0,2025-01-07T00:00:00,1,False
I04240,U0081,P0371,purchase,,4.0,2024-03-11T00:00:00,3,False
I04241,U0201,P0215,purchase,,4.0,2024-03-11T00:00:00,3,False
I04242,U0046,P0167,purchase,,4.0,2024-02-16T00:00:00,2,False
I04243,U0079,P0397,view,,1.0,2025-02-25T00:00:00,2,False
I04244,U0149,P0164,purchase,,4.0,2024-05-09T00:00:00,5,False
I04245,U0200,P0428,purchase,,4.0,2025-05-19T00:00:00,5,False
I04246,U0161,P0471,view,,1.0,2024-08-31T00:00:00,8,False
I04247,U0218,P0099,purchase,,4.0,2025-01-16T00:00:00,1,False
I04248,U0103,P0098,view,,1.0,2025-05-03T00:00:00,5,False
I04249,U0037,P0236,view,,1.0,2025-06-03T00:00:00,6,False
I04250,U0231,P0475,purchase,,4.0,2024-11-28T00:00:00,11,True
I04251,U0141,P0285,purchase,,4.0,2024-10-22T00:00:00,10,True
I04252,U0107,P0072,cart,,2.0,2024-03-23T00:00:00,3,False
I04253,U0166,P0436,view,,1.0,2024-10-14T00:00:00,10,True
I04254,U0214,P0058,view,,1.0,2025-04-05T00:00:00,4,False
I04255,U0215,P0087,view,,1.0,2024-10-07T00:00:00,10,True
I04256,U0220,P0234,view,,1.0,2025-04-03T00:00:00,4,False
I04257,U0033,P0295,view,,1.0,2024-12-09T00:00:00,12,False
I04258,U0194,P0419,rating,5.0,5.0,2024-06-06T00:00:00,6,False
I04259,U0127,P0359,purchase,,4.0,2024-11-20T00:00:00,11,True
I04260,U0176,P0204,view,,1.0,2024-05-20T00:00:00,5,False
I04261,U0218,P0391,rating,2.7,2.7,2024-01-31T00:00:00,1,False
I04262,U0116,P0233,view,,1.0,2024-03-03T00:00:00,3,False
I04263,U0048,P0296,view,,1.0,2024-03-27T00:00:00,3,False
I04264,U0048,P0294,view,,1.0,2024-03-01T00:00:00,3,False
I04265,U0140,P0493,view,,1.0,2024-11-29T00:00:00,11,True
I04266,U0184,P0053,cart,,2.0,2025-02-14T00:00:00,2,False
I04267,U0028,P0253,view,,1.0,2025-04-10T00:00:00,4,False
I04268,U0080,P0465,cart,,2.0,2024-03-17T00:00:00,3,False
I04269,U0186,P0448,view,,1.0,2024-12-26T00:00:00,12,False
I04270,U0077,P0055,view,,1.0,2025-05-23T00:00:00,5,False
I04271,U0164,P0004,view,,1.0,2024-01-09T00:00:00,1,False
I04272,U0175,P0013,view,,1.0,2025-04-06T00:00:00,4,False
I04273,U0051,P0283,rating,3.9,3.9,2024-09-01T00:00:00,9,False
I04274,U0195,P0070,view,,1.0,2024-11-05T00:00:00,11,True
I04275,U0116,P0215,view,,1.0,2024-02-25T00:00:00,2,False
I04276,U0023,P0466,purchase,,4.0,2024-09-29T00:00:00,9,False
I04277,U0208,P0180,view,,1.0,2025-03-31T00:00:00,3,False
I04278,U0211,P0327,rating,4.4,4.4,2024-09-05T00:00:00,9,False
I04279,U0186,P0253,view,,1.0,2024-03-18T00:00:00,3,False
I04280,U0022,P0499,view,,1.0,2024-04-17T00:00:00,4,False
I04281,U0017,P0447,view,,1.0,2024-01-15T00:00:00,1,False
I04282,U0114,P0420,cart,,2.0,2024-10-30T00:00:00,10,True
I04283,U0160,P0230,cart,,2.0,2024-07-23T00:00:00,7,False
I04284,U0213,P0420,rating,5.0,5.0,2024-04-22T00:00:00,4,False
I04285,U0186,P0227,view,,1.0,2024-08-14T00:00:00,8,False
I04286,U0016,P0067,cart,,2.0,2024-12-19T00:00:00,12,False
I04287,U0111,P0048,view,,1.0,2024-01-01T00:00:00,1,False
I04288,U0041,P0354,purchase,,4.0,2025-02-23T00:00:00,2,False
I04289,U0108,P0021,view,,1.0,2024-06-09T00:00:00,6,False
I04290,U0161,P0095,view,,1.0,2024-05-07T00:00:00,5,False
I04291,U0210,P0050,view,,1.0,2024-05-30T00:00:00,5,False
I04292,U0188,P0487,view,,1.0,2025-04-15T00:00:00,4,False
I04293,U0207,P0458,view,,1.0,2024-01-30T00:00:00,1,False
I04294,U0217,P0445,view,,1.0,2024-03-20T00:00:00,3,False
I04295,U0039,P0312,cart,,2.0,2024-08-27T00:00:00,8,False
I04296,U0045,P0184,view,,1.0,2024-12-02T00:00:00,12,False
I04297,U0140,P0433,view,,1.0,2024-10-06T00:00:00,10,True
I04298,U0116,P0468,cart,,2.0,2024-09-25T00:00:00,9,False
I04299,U0148,P0009,view,,1.0,2024-11-30T00:00:00,11,True
I04300,U0056,P0103,view,,1.0,2024-02-22T00:00:00,2,False
I04301,U0068,P0383,view,,1.0,2024-02-03T00:00:00,2,False
I04302,U0028,P0449,view,,1.0,2025-01-20T00:00:00,1,False
I04303,U0111,P0107,view,,1.0,2024-04-03T00:00:00,4,False
I04304,U0154,P0254,cart,,2.0,2024-06-27T00:00:00,6,False
I04305,U0047,P0271,view,,1.0,2025-01-10T00:00:00,1,False
I04306,U0212,P0500,view,,1.0,2024-07-20T00:00:00,7,False
I04307,U0189,P0340,view,,1.0,2024-10-23T00:00:00,10,True
I04308,U0052,P0427,view,,1.0,2025-05-07T00:00:00,5,False
I04309,U0082,P0104,view,,1.0,2024-03-06T00:00:00,3,False
I04310,U0024,P0059,view,,1.0,2025-02-25T00:00:00,2,False
I04311,U0028,P0086,cart,,2.0,2025-05-07T00:00:00,5,False
I04312,U0114,P0243,cart,,2.0,2024-11-12T00:00:00,11,True
I04313,U0174,P0139,view,,1.0,2024-03-15T00:00:00,3,False
I04314,U0202,P0494,cart,,2.0,2024-02-28T00:00:00,2,False
I04315,U0130,P0331,cart,,2.0,2024-01-15T00:00:00,1,False
I04316,U0231,P0050,purchase,,4.0,2024-07-17T00:00:00,7,False
I04317,U0148,P0279,view,,1.0,2024-12-19T00:00:00,12,False
I04318,U0035,P0391,cart,,2.0,2024-06-10T00:00:00,6,False
I04319,U0214,P0499,view,,1.0,2025-04-15T00:00:00,4,False
I04320,U0019,P0036,purchase,,4.0,2025-02-26T00:00:00,2,False
I04321,U0092,P0387,view,,1.0,2024-05-26T00:00:00,5,False
I04322,U0118,P0167,view,,1.0,2025-02-19T00:00:00,2,False
I04323,U0175,P0050,view,,1.0,2025-05-08T00:00:00,5,False
I04324,U0047,P0466,purchase,,4.0,2024-09-12T00:00:00,9,False
I04325,U0192,P0020,view,,1.0,2024-04-12T00:00:00,4,False
I04326,U0121,P0108,view,,1.0,2025-02-22T00:00:00,2,False
I04327,U0094,P0043,view,,1.0,2024-02-11T00:00:00,2,False
I04328,U0111,P0008,cart,,2.0,2024-01-29T00:00:00,1,False
I04329,U0198,P0190,view,,1.0,2024-01-14T00:00:00,1,False
I04330,U0152,P0129,cart,,2.0,2025-04-29T00:00:00,4,False
I04331,U0189,P0022,view,,1.0,2024-10-21T00:00:00,10,True
I04332,U0183,P0054,rating,5.0,5.0,2024-02-06T00:00:00,2,False
I04333,U0240,P0336,view,,1.0,2024-01-14T00:00:00,1,False
I04334,U0155,P0472,view,,1.0,2024-06-07T00:00:00,6,False
I04335,U0238,P0032,view,,1.0,2024-11-24T00:00:00,11,True
I04336,U0102,P0190,view,,1.0,2024-03-23T00:00:00,3,False
I04337,U0044,P0219,cart,,2.0,2024-01-22T00:00:00,1,False
I04338,U0132,P0241,view,,1.0,2025-04-09T00:00:00,4,False
I04339,U0200,P0193,cart,,2.0,2024-10-28T00:00:00,10,True
I04340,U0187,P0435,view,,1.0,2024-09-23T00:00:00,9,False
I04341,U0031,P0088,cart,,2.0,2025-01-29T00:00:00,1,False
I04342,U0120,P0061,view,,1.0,2024-09-02T00:00:00,9,False
I04343,U0056,P0444,view,,1.0,2024-02-07T00:00:00,2,False
I04344,U0021,P0299,purchase,,4.0,2024-04-19T00:00:00,4,False
I04345,U0094,P0099,view,,1.0,2025-01-28T00:00:00,1,False
I04346,U0154,P0475,view,,1.0,2024-01-08T00:00:00,1,False
I04347,U0188,P0349,purchase,,4.0,2024-11-23T00:00:00,11,True
I04348,U0119,P0026,view,,1.0,2024-10-16T00:00:00,10,True
I04349,U0144,P0100,cart,,2.0,2024-12-26T00:00:00,12,False
I04350,U0141,P0051,purchase,,4.0,2024-08-06T00:00:00,8,False
I04351,U0150,P0059,rating,3.5,3.5,2024-08-07T00:00:00,8,False
I04352,U0212,P0145,purchase,,4.0,2024-10-12T00:00:00,10,True
I04353,U0237,P0482,cart,,2.0,2024-01-08T00:00:00,1,False
I04354,U0038,P0095,purchase,,4.0,2024-07-07T00:00:00,7,False
I04355,U0081,P0107,rating,3.3,3.3,2024-04-17T00:00:00,4,False
I04356,U0065,P0298,view,,1.0,2024-12-11T00:00:00,12,False
I04357,U0095,P0437,cart,,2.0,2024-11-23T00:00:00,11,True
I04358,U0043,P0309,rating,3.9,3.9,2024-10-28T00:00:00,10,True
I04359,U0133,P0209,view,,1.0,2024-10-02T00:00:00,10,True
I04360,U0152,P0089,view,,1.0,2024-06-12T00:00:00,6,False
I04361,U0034,P0221,cart,,2.0,2025-01-12T00:00:00,1,False
I04362,U0109,P0258,view,,1.0,2024-11-05T00:00:00,11,True
I04363,U0162,P0428,purchase,,4.0,2025-01-23T00:00:00,1,False
I04364,U0089,P0235,view,,1.0,2024-07-01T00:00:00,7,False
I04365,U0053,P0364,cart,,2.0,2024-11-01T00:00:00,11,True
I04366,U0072,P0101,cart,,2.0,2024-08-06T00:00:00,8,False
I04367,U0207,P0296,view,,1.0,2024-06-21T00:00:00,6,False
I04368,U0141,P0011,view,,1.0,2024-09-28T00:00:00,9,False
I04369,U0214,P0190,view,,1.0,2025-04-12T00:00:00,4,False
I04370,U0013,P0477,purchase,,4.0,2024-01-20T00:00:00,1,False
I04371,U0066,P0055,view,,1.0,2025-05-17T00:00:00,5,False
I04372,U0147,P0271,view,,1.0,2025-03-04T00:00:00,3,False
I04373,U0165,P0181,view,,1.0,2024-11-05T00:00:00,11,True
I04374,U0006,P0172,cart,,2.0,2024-01-14T00:00:00,1,False
I04375,U0132,P0217,view,,1.0,2025-03-14T00:00:00,3,False
I04376,U0231,P0116,cart,,2.0,2024-09-19T00:00:00,9,False
I04377,U0131,P0274,view,,1.0,2024-08-12T00:00:00,8,False
I04378,U0002,P0283,rating,5.0,5.0,2024-08-21T00:00:00,8,False
I04379,U0080,P0457,purchase,,4.0,2025-02-12T00:00:00,2,False
I04380,U0060,P0388,rating,3.6,3.6,2024-01-24T00:00:00,1,False
I04381,U0206,P0084,rating,4.0,4.0,2024-03-21T00:00:00,3,False
I04382,U0018,P0290,view,,1.0,2024-10-02T00:00:00,10,True
I04383,U0115,P0176,view,,1.0,2025-04-09T00:00:00,4,False
I04384,U0208,P0369,purchase,,4.0,2024-10-22T00:00:00,10,True
I04385,U0039,P0088,view,,1.0,2024-10-14T00:00:00,10,True
I04386,U0124,P0304,purchase,,4.0,2024-10-09T00:00:00,10,True
I04387,U0110,P0192,view,,1.0,2024-06-28T00:00:00,6,False
I04388,U0097,P0412,view,,1.0,2024-07-09T00:00:00,7,False
I04389,U0074,P0269,view,,1.0,2025-03-22T00:00:00,3,False
I04390,U0017,P0412,view,,1.0,2025-05-11T00:00:00,5,False
I04391,U0049,P0384,view,,1.0,2025-04-28T00:00:00,4,False
I04392,U0081,P0472,view,,1.0,2024-04-25T00:00:00,4,False
I04393,U0023,P0493,cart,,2.0,2024-04-07T00:00:00,4,False
I04394,U0072,P0103,purchase,,4.0,2025-02-10T00:00:00,2,False
I04395,U0057,P0178,view,,1.0,2024-05-27T00:00:00,5,False
I04396,U0086,P0339,view,,1.0,2025-05-09T00:00:00,5,False
I04397,U0180,P0048,view,,1.0,2024-01-23T00:00:00,1,False
I04398,U0105,P0275,cart,,2.0,2024-08-09T00:00:00,8,False
I04399,U0087,P0215,view,,1.0,2024-01-15T00:00:00,1,False
I04400,U0123,P0383,view,,1.0,2024-03-18T00:00:00,3,False
I04401,U0066,P0489,view,,1.0,2024-08-28T00:00:00,8,False
I04402,U0018,P0054,view,,1.0,2025-03-29T00:00:00,3,False
I04403,U0187,P0068,purchase,,4.0,2024-10-03T00:00:00,10,True
I04404,U0168,P0241,purchase,,4.0,2025-04-20T00:00:00,4,False
I04405,U0027,P0128,view,,1.0,2025-05-28T00:00:00,5,False
I04406,U0097,P0043,view,,1.0,2025-04-08T00:00:00,4,False
I04407,U0039,P0360,view,,1.0,2024-12-28T00:00:00,12,False
I04408,U0127,P0423,cart,,2.0,2025-01-16T00:00:00,1,False
I04409,U0184,P0075,view,,1.0,2024-07-12T00:00:00,7,False
I04410,U0206,P0026,view,,1.0,2024-02-25T00:00:00,2,False
I04411,U0230,P0280,view,,1.0,2025-05-03T00:00:00,5,False
I04412,U0028,P0136,view,,1.0,2024-07-02T00:00:00,7,False
I04413,U0169,P0022,rating,3.6,3.6,2025-01-09T00:00:00,1,False
I04414,U0004,P0464,view,,1.0,2025-03-16T00:00:00,3,False
I04415,U0158,P0482,view,,1.0,2024-03-24T00:00:00,3,False
I04416,U0046,P0258,rating,4.0,4.0,2025-03-15T00:00:00,3,False
I04417,U0159,P0136,view,,1.0,2025-06-02T00:00:00,6,False
I04418,U0218,P0016,rating,3.6,3.6,2025-03-13T00:00:00,3,False
I04419,U0160,P0413,view,,1.0,2024-04-29T00:00:00,4,False
I04420,U0025,P0158,cart,,2.0,2024-11-03T00:00:00,11,True
I04421,U0196,P0053,view,,1.0,2024-10-03T00:00:00,10,True
I04422,U0018,P0169,view,,1.0,2024-10-21T00:00:00,10,True
I04423,U0015,P0182,purchase,,4.0,2024-02-22T00:00:00,2,False
I04424,U0038,P0270,purchase,,4.0,2025-03-07T00:00:00,3,False
I04425,U0052,P0310,view,,1.0,2024-03-12T00:00:00,3,False
I04426,U0028,P0161,view,,1.0,2025-04-13T00:00:00,4,False
I04427,U0144,P0036,view,,1.0,2025-02-04T00:00:00,2,False
I04428,U0201,P0257,view,,1.0,2025-04-10T00:00:00,4,False
I04429,U0140,P0450,view,,1.0,2025-01-13T00:00:00,1,False
I04430,U0127,P0127,view,,1.0,2024-06-25T00:00:00,6,False
I04431,U0052,P0252,view,,1.0,2024-03-19T00:00:00,3,False
I04432,U0129,P0316,cart,,2.0,2024-01-08T00:00:00,1,False
I04433,U0214,P0107,rating,3.9,3.9,2024-01-25T00:00:00,1,False
I04434,U0194,P0261,view,,1.0,2025-04-01T00:00:00,4,False
I04435,U0205,P0418,cart,,2.0,2024-07-16T00:00:00,7,False
I04436,U0094,P0494,view,,1.0,2025-03-12T00:00:00,3,False
I04437,U0015,P0468,purchase,,4.0,2025-01-12T00:00:00,1,False
I04438,U0075,P0127,view,,1.0,2024-04-13T00:00:00,4,False
I04439,U0038,P0400,cart,,2.0,2024-02-08T00:00:00,2,False
I04440,U0202,P0097,view,,1.0,2024-12-29T00:00:00,12,False
I04441,U0017,P0494,rating,3.8,3.8,2024-05-14T00:00:00,5,False
I04442,U0035,P0445,purchase,,4.0,2024-02-16T00:00:00,2,False
I04443,U0036,P0439,view,,1.0,2024-04-04T00:00:00,4,False
I04444,U0217,P0100,purchase,,4.0,2024-12-26T00:00:00,12,False
I04445,U0013,P0098,view,,1.0,2024-05-25T00:00:00,5,False
I04446,U0149,P0196,view,,1.0,2025-01-02T00:00:00,1,False
I04447,U0065,P0404,view,,1.0,2024-08-15T00:00:00,8,False
I04448,U0008,P0308,cart,,2.0,2024-06-29T00:00:00,6,False
I04449,U0085,P0269,rating,4.5,4.5,2024-06-03T00:00:00,6,False
I04450,U0019,P0086,cart,,2.0,2025-03-10T00:00:00,3,False
I04451,U0043,P0382,rating,4.3,4.3,2024-04-08T00:00:00,4,False
I04452,U0112,P0061,view,,1.0,2025-03-28T00:00:00,3,False
I04453,U0169,P0446,rating,3.7,3.7,2024-05-18T00:00:00,5,False
I04454,U0080,P0253,cart,,2.0,2024-08-18T00:00:00,8,False
I04455,U0239,P0464,view,,1.0,2024-09-09T00:00:00,9,False
I04456,U0213,P0230,view,,1.0,2025-03-11T00:00:00,3,False
I04457,U0151,P0134,rating,4.5,4.5,2025-02-25T00:00:00,2,False
I04458,U0222,P0406,cart,,2.0,2024-03-17T00:00:00,3,False
I04459,U0062,P0011,view,,1.0,2025-04-15T00:00:00,4,False
I04460,U0157,P0223,view,,1.0,2024-05-04T00:00:00,5,False
I04461,U0229,P0189,view,,1.0,2024-06-09T00:00:00,6,False
I04462,U0029,P0084,cart,,2.0,2024-04-15T00:00:00,4,False
I04463,U0131,P0388,rating,4.2,4.2,2024-12-22T00:00:00,12,False
I04464,U0221,P0249,view,,1.0,2024-01-02T00:00:00,1,False
I04465,U0233,P0217,purchase,,4.0,2025-01-03T00:00:00,1,False
I04466,U0178,P0256,view,,1.0,2024-04-17T00:00:00,4,False
I04467,U0020,P0458,view,,1.0,2024-06-28T00:00:00,6,False
I04468,U0213,P0115,view,,1.0,2024-10-19T00:00:00,10,True
I04469,U0072,P0228,view,,1.0,2024-06-23T00:00:00,6,False
I04470,U0123,P0354,view,,1.0,2024-08-14T00:00:00,8,False
I04471,U0134,P0261,view,,1.0,2025-03-19T00:00:00,3,False
I04472,U0045,P0396,cart,,2.0,2025-03-03T00:00:00,3,False
I04473,U0083,P0261,cart,,2.0,2024-03-05T00:00:00,3,False
I04474,U0025,P0423,cart,,2.0,2025-01-25T00:00:00,1,False
I04475,U0172,P0062,rating,3.2,3.2,2024-04-16T00:00:00,4,False
I04476,U0159,P0481,purchase,,4.0,2024-09-21T00:00:00,9,False
I04477,U0212,P0057,cart,,2.0,2024-07-20T00:00:00,7,False
I04478,U0165,P0367,rating,3.4,3.4,2024-06-03T00:00:00,6,False
I04479,U0013,P0066,view,,1.0,2024-10-23T00:00:00,10,True
I04480,U0128,P0449,cart,,2.0,2025-05-12T00:00:00,5,False
I04481,U0085,P0322,view,,1.0,2024-09-01T00:00:00,9,False
I04482,U0044,P0266,view,,1.0,2024-12-27T00:00:00,12,False
I04483,U0098,P0481,view,,1.0,2025-01-20T00:00:00,1,False
I04484,U0056,P0178,purchase,,4.0,2025-02-17T00:00:00,2,False
I04485,U0022,P0135,view,,1.0,2024-12-21T00:00:00,12,False
I04486,U0013,P0271,view,,1.0,2024-01-16T00:00:00,1,False
I04487,U0225,P0075,view,,1.0,2024-02-14T00:00:00,2,False
I04488,U0065,P0280,rating,4.8,4.8,2024-11-21T00:00:00,11,True
I04489,U0219,P0216,rating,3.6,3.6,2025-03-17T00:00:00,3,False
I04490,U0133,P0276,view,,1.0,2024-01-28T00:00:00,1,False
I04491,U0026,P0493,cart,,2.0,2025-04-19T00:00:00,4,False
I04492,U0116,P0469,cart,,2.0,2024-10-31T00:00:00,10,True
I04493,U0234,P0006,rating,3.3,3.3,2025-02-08T00:00:00,2,False
I04494,U0058,P0468,view,,1.0,2024-12-02T00:00:00,12,False
I04495,U0026,P0175,view,,1.0,2025-02-12T00:00:00,2,False
I04496,U0077,P0396,view,,1.0,2024-08-04T00:00:00,8,False
I04497,U0072,P0475,purchase,,4.0,2024-01-23T00:00:00,1,False
I04498,U0158,P0403,view,,1.0,2024-11-05T00:00:00,11,True
I04499,U0087,P0250,view,,1.0,2024-09-23T00:00:00,9,False
I04500,U0159,P0018,view,,1.0,2024-09-23T00:00:00,9,False
I04501,U0077,P0228,purchase,,4.0,2025-03-25T00:00:00,3,False
I04502,U0053,P0307,purchase,,4.0,2024-09-03T00:00:00,9,False
I04503,U0036,P0358,view,,1.0,2025-02-04T00:00:00,2,False
I04504,U0028,P0112,rating,2.6,2.6,2024-08-07T00:00:00,8,False
I04505,U0150,P0258,view,,1.0,2024-09-27T00:00:00,9,False
I04506,U0224,P0237,view,,1.0,2025-05-25T00:00:00,5,False
I04507,U0195,P0384,view,,1.0,2024-10-12T00:00:00,10,True
I04508,U0198,P0035,purchase,,4.0,2024-11-12T00:00:00,11,True
I04509,U0078,P0344,view,,1.0,2024-10-23T00:00:00,10,True
I04510,U0082,P0380,view,,1.0,2024-11-02T00:00:00,11,True
I04511,U0172,P0436,view,,1.0,2024-12-16T00:00:00,12,False
I04512,U0013,P0196,view,,1.0,2025-05-06T00:00:00,5,False
I04513,U0140,P0261,view,,1.0,2024-01-09T00:00:00,1,False
I04514,U0213,P0427,purchase,,4.0,2025-03-15T00:00:00,3,False
I04515,U0040,P0300,view,,1.0,2024-04-17T00:00:00,4,False
I04516,U0033,P0344,purchase,,4.0,2024-01-23T00:00:00,1,False
I04517,U0077,P0457,cart,,2.0,2024-02-18T00:00:00,2,False
I04518,U0206,P0162,purchase,,4.0,2024-12-01T00:00:00,12,False
I04519,U0177,P0106,rating,3.6,3.6,2024-12-23T00:00:00,12,False
I04520,U0090,P0130,view,,1.0,2024-07-11T00:00:00,7,False
I04521,U0160,P0018,view,,1.0,2025-01-11T00:00:00,1,False
I04522,U0207,P0374,purchase,,4.0,2024-05-25T00:00:00,5,False
I04523,U0222,P0101,view,,1.0,2025-02-11T00:00:00,2,False
I04524,U0030,P0426,view,,1.0,2024-04-20T00:00:00,4,False
I04525,U0108,P0051,cart,,2.0,2024-02-19T00:00:00,2,False
I04526,U0014,P0017,cart,,2.0,2024-05-13T00:00:00,5,False
I04527,U0076,P0088,rating,3.5,3.5,2024-12-08T00:00:00,12,False
I04528,U0158,P0379,cart,,2.0,2024-10-12T00:00:00,10,True
I04529,U0166,P0220,view,,1.0,2024-11-09T00:00:00,11,True
I04530,U0094,P0391,purchase,,4.0,2024-10-23T00:00:00,10,True
I04531,U0094,P0182,view,,1.0,2024-06-12T00:00:00,6,False
I04532,U0064,P0153,cart,,2.0,2025-05-11T00:00:00,5,False
I04533,U0098,P0482,purchase,,4.0,2024-01-16T00:00:00,1,False
I04534,U0088,P0461,view,,1.0,2024-03-18T00:00:00,3,False
I04535,U0090,P0035,view,,1.0,2024-03-12T00:00:00,3,False
I04536,U0014,P0096,cart,,2.0,2024-10-13T00:00:00,10,True
I04537,U0066,P0381,rating,3.5,3.5,2024-03-08T00:00:00,3,False
I04538,U0206,P0065,view,,1.0,2024-06-16T00:00:00,6,False
I04539,U0153,P0355,view,,1.0,2025-05-22T00:00:00,5,False
I04540,U0025,P0095,view,,1.0,2024-04-11T00:00:00,4,False
I04541,U0118,P0117,view,,1.0,2025-02-25T00:00:00,2,False
I04542,U0196,P0295,purchase,,4.0,2025-04-22T00:00:00,4,False
I04543,U0158,P0133,view,,1.0,2024-04-29T00:00:00,4,False
I04544,U0147,P0293,purchase,,4.0,2024-10-17T00:00:00,10,True
I04545,U0232,P0249,view,,1.0,2024-06-09T00:00:00,6,False
I04546,U0161,P0373,view,,1.0,2024-03-18T00:00:00,3,False
I04547,U0038,P0414,view,,1.0,2025-01-28T00:00:00,1,False
I04548,U0185,P0192,cart,,2.0,2025-04-06T00:00:00,4,False
I04549,U0100,P0269,purchase,,4.0,2024-10-20T00:00:00,10,True
I04550,U0144,P0117,view,,1.0,2024-04-01T00:00:00,4,False
I04551,U0097,P0116,cart,,2.0,2024-01-06T00:00:00,1,False
I04552,U0169,P0377,cart,,2.0,2024-09-27T00:00:00,9,False
I04553,U0108,P0022,view,,1.0,2024-04-08T00:00:00,4,False
I04554,U0014,P0211,rating,3.4,3.4,2024-07-12T00:00:00,7,False
I04555,U0157,P0288,rating,4.5,4.5,2024-04-24T00:00:00,4,False
I04556,U0010,P0358,view,,1.0,2024-08-01T00:00:00,8,False
I04557,U0233,P0106,view,,1.0,2024-01-15T00:00:00,1,False
I04558,U0163,P0159,rating,4.5,4.5,2025-01-02T00:00:00,1,False
I04559,U0126,P0123,cart,,2.0,2024-07-31T00:00:00,7,False
I04560,U0188,P0316,view,,1.0,2024-01-05T00:00:00,1,False
I04561,U0231,P0304,purchase,,4.0,2024-07-19T00:00:00,7,False
I04562,U0117,P0137,purchase,,4.0,2025-02-05T00:00:00,2,False
I04563,U0149,P0075,purchase,,4.0,2025-05-06T00:00:00,5,False
I04564,U0226,P0021,view,,1.0,2024-06-17T00:00:00,6,False
I04565,U0024,P0139,view,,1.0,2024-05-31T00:00:00,5,False
I04566,U0224,P0418,rating,3.6,3.6,2025-05-18T00:00:00,5,False
I04567,U0187,P0166,view,,1.0,2024-08-28T00:00:00,8,False
I04568,U0162,P0128,rating,3.4,3.4,2024-12-16T00:00:00,12,False
I04569,U0210,P0215,cart,,2.0,2024-01-23T00:00:00,1,False
I04570,U0124,P0390,view,,1.0,2024-02-12T00:00:00,2,False
I04571,U0210,P0446,purchase,,4.0,2024-02-09T00:00:00,2,False
I04572,U0047,P0261,view,,1.0,2024-06-23T00:00:00,6,False
I04573,U0231,P0242,rating,3.4,3.4,2025-04-05T00:00:00,4,False
I04574,U0024,P0157,view,,1.0,2024-02-05T00:00:00,2,False
I04575,U0045,P0414,purchase,,4.0,2024-06-02T00:00:00,6,False
I04576,U0023,P0431,view,,1.0,2024-03-31T00:00:00,3,False
I04577,U0134,P0238,view,,1.0,2024-12-24T00:00:00,12,False
I04578,U0038,P0474,purchase,,4.0,2024-08-15T00:00:00,8,False
I04579,U0202,P0191,view,,1.0,2024-12-15T00:00:00,12,False
I04580,U0053,P0131,rating,3.3,3.3,2024-02-07T00:00:00,2,False
I04581,U0221,P0290,view,,1.0,2025-05-14T00:00:00,5,False
I04582,U0187,P0267,view,,1.0,2024-02-12T00:00:00,2,False
I04583,U0103,P0447,view,,1.0,2025-05-31T00:00:00,5,False
I04584,U0068,P0197,cart,,2.0,2024-05-02T00:00:00,5,False
I04585,U0173,P0361,view,,1.0,2024-12-01T00:00:00,12,False
I04586,U0153,P0128,cart,,2.0,2024-06-10T00:00:00,6,False
I04587,U0214,P0228,purchase,,4.0,2025-01-10T00:00:00,1,False
I04588,U0152,P0490,view,,1.0,2025-03-18T00:00:00,3,False
I04589,U0167,P0110,purchase,,4.0,2024-08-17T00:00:00,8,False
I04590,U0059,P0303,view,,1.0,2024-04-05T00:00:00,4,False
I04591,U0006,P0247,view,,1.0,2024-12-19T00:00:00,12,False
I04592,U0056,P0499,purchase,,4.0,2024-05-15T00:00:00,5,False
I04593,U0094,P0313,view,,1.0,2025-04-17T00:00:00,4,False
I04594,U0120,P0021,view,,1.0,2025-03-05T00:00:00,3,False
I04595,U0169,P0483,view,,1.0,2024-05-25T00:00:00,5,False
I04596,U0012,P0472,view,,1.0,2024-03-27T00:00:00,3,False
I04597,U0179,P0153,view,,1.0,2024-04-18T00:00:00,4,False
I04598,U0167,P0394,view,,1.0,2024-12-10T00:00:00,12,False
I04599,U0010,P0097,purchase,,4.0,2025-05-08T00:00:00,5,False
I04600,U0077,P0083,view,,1.0,2025-02-16T00:00:00,2,False
I04601,U0102,P0415,view,,1.0,2024-07-09T00:00:00,7,False
I04602,U0205,P0202,view,,1.0,2024-05-21T00:00:00,5,False
I04603,U0101,P0338,purchase,,4.0,2024-03-13T00:00:00,3,False
I04604,U0072,P0146,cart,,2.0,2024-06-15T00:00:00,6,False
I04605,U0168,P0234,view,,1.0,2024-09-15T00:00:00,9,False
I04606,U0183,P0135,view,,1.0,2024-04-20T00:00:00,4,False
I04607,U0232,P0065,cart,,2.0,2024-10-16T00:00:00,10,True
I04608,U0206,P0430,cart,,2.0,2025-05-24T00:00:00,5,False
I04609,U0175,P0482,purchase,,4.0,2024-10-28T00:00:00,10,True
I04610,U0184,P0049,cart,,2.0,2024-07-03T00:00:00,7,False
I04611,U0083,P0386,view,,1.0,2025-05-24T00:00:00,5,False
I04612,U0051,P0454,view,,1.0,2024-11-05T00:00:00,11,True
I04613,U0090,P0487,view,,1.0,2024-03-21T00:00:00,3,False
I04614,U0118,P0126,view,,1.0,2024-06-04T00:00:00,6,False
I04615,U0019,P0294,view,,1.0,2025-03-07T00:00:00,3,False
I04616,U0147,P0169,view,,1.0,2025-04-25T00:00:00,4,False
I04617,U0179,P0084,view,,1.0,2025-06-02T00:00:00,6,False
I04618,U0157,P0358,view,,1.0,2024-03-09T00:00:00,3,False
I04619,U0094,P0233,view,,1.0,2024-07-04T00:00:00,7,False
I04620,U0136,P0015,view,,1.0,2024-07-22T00:00:00,7,False
I04621,U0042,P0384,purchase,,4.0,2024-01-13T00:00:00,1,False
I04622,U0154,P0343,rating,3.6,3.6,2024-09-30T00:00:00,9,False
I04623,U0219,P0275,view,,1.0,2025-05-20T00:00:00,5,False
I04624,U0098,P0244,view,,1.0,2024-05-29T00:00:00,5,False
I04625,U0232,P0315,purchase,,4.0,2024-10-05T00:00:00,10,True
I04626,U0059,P0027,view,,1.0,2025-03-21T00:00:00,3,False
I04627,U0113,P0013,view,,1.0,2025-05-03T00:00:00,5,False
I04628,U0151,P0060,purchase,,4.0,2025-01-01T00:00:00,1,False
I04629,U0060,P0250,cart,,2.0,2024-11-24T00:00:00,11,True
I04630,U0216,P0169,view,,1.0,2025-04-13T00:00:00,4,False
I04631,U0233,P0214,view,,1.0,2024-03-03T00:00:00,3,False
I04632,U0184,P0329,purchase,,4.0,2024-11-06T00:00:00,11,True
I04633,U0025,P0294,cart,,2.0,2024-06-25T00:00:00,6,False
I04634,U0063,P0238,view,,1.0,2025-03-04T00:00:00,3,False
I04635,U0073,P0271,view,,1.0,2024-06-15T00:00:00,6,False
I04636,U0225,P0383,rating,3.7,3.7,2024-01-09T00:00:00,1,False
I04637,U0236,P0083,purchase,,4.0,2024-01-28T00:00:00,1,False
I04638,U0040,P0368,view,,1.0,2024-01-27T00:00:00,1,False
I04639,U0038,P0141,view,,1.0,2024-07-14T00:00:00,7,False
I04640,U0203,P0008,view,,1.0,2024-03-25T00:00:00,3,False
I04641,U0064,P0199,purchase,,4.0,2024-01-30T00:00:00,1,False
I04642,U0210,P0434,view,,1.0,2024-04-08T00:00:00,4,False
I04643,U0131,P0112,view,,1.0,2024-07-08T00:00:00,7,False
I04644,U0012,P0434,purchase,,4.0,2024-01-30T00:00:00,1,False
I04645,U0213,P0225,purchase,,4.0,2024-02-07T00:00:00,2,False
I04646,U0085,P0319,rating,3.8,3.8,2024-10-20T00:00:00,10,True
I04647,U0029,P0415,purchase,,4.0,2024-04-21T00:00:00,4,False
I04648,U0230,P0161,purchase,,4.0,2025-03-19T00:00:00,3,False
I04649,U0021,P0029,view,,1.0,2024-05-24T00:00:00,5,False
I04650,U0233,P0187,view,,1.0,2025-05-13T00:00:00,5,False
I04651,U0146,P0202,cart,,2.0,2025-03-16T00:00:00,3,False
I04652,U0119,P0473,purchase,,4.0,2025-02-24T00:00:00,2,False
I04653,U0060,P0167,cart,,2.0,2024-06-14T00:00:00,6,False
I04654,U0140,P0092,cart,,2.0,2024-07-21T00:00:00,7,False
I04655,U0240,P0082,view,,1.0,2025-04-12T00:00:00,4,False
I04656,U0201,P0098,cart,,2.0,2025-01-19T00:00:00,1,False
I04657,U0058,P0249,cart,,2.0,2024-09-11T00:00:00,9,False
I04658,U0191,P0401,view,,1.0,2024-01-23T00:00:00,1,False
I04659,U0137,P0312,view,,1.0,2024-12-04T00:00:00,12,False
I04660,U0237,P0285,cart,,2.0,2025-05-25T00:00:00,5,False
I04661,U0110,P0172,view,,1.0,2025-01-06T00:00:00,1,False
I04662,U0147,P0438,view,,1.0,2024-08-06T00:00:00,8,False
I04663,U0219,P0059,view,,1.0,2025-02-26T00:00:00,2,False
I04664,U0100,P0181,cart,,2.0,2025-04-04T00:00:00,4,False
I04665,U0027,P0217,view,,1.0,2024-08-10T00:00:00,8,False
I04666,U0096,P0152,cart,,2.0,2024-05-27T00:00:00,5,False
I04667,U0168,P0440,purchase,,4.0,2024-12-16T00:00:00,12,False
I04668,U0186,P0419,view,,1.0,2025-02-18T00:00:00,2,False
I04669,U0038,P0295,view,,1.0,2025-03-04T00:00:00,3,False
I04670,U0041,P0009,cart,,2.0,2025-01-27T00:00:00,1,False
I04671,U0191,P0279,purchase,,4.0,2024-03-19T00:00:00,3,False
I04672,U0205,P0121,view,,1.0,2025-03-25T00:00:00,3,False
I04673,U0218,P0209,view,,1.0,2024-05-21T00:00:00,5,False
I04674,U0038,P0351,purchase,,4.0,2024-05-15T00:00:00,5,False
I04675,U0228,P0305,purchase,,4.0,2024-11-07T00:00:00,11,True
I04676,U0046,P0456,rating,4.7,4.7,2024-02-15T00:00:00,2,False
I04677,U0236,P0426,view,,1.0,2024-02-17T00:00:00,2,False
I04678,U0198,P0101,purchase,,4.0,2024-03-24T00:00:00,3,False
I04679,U0031,P0067,purchase,,4.0,2024-06-09T00:00:00,6,False
I04680,U0172,P0139,purchase,,4.0,2024-03-11T00:00:00,3,False
I04681,U0008,P0234,rating,2.6,2.6,2024-02-21T00:00:00,2,False
I04682,U0209,P0369,view,,1.0,2025-01-14T00:00:00,1,False
I04683,U0239,P0467,view,,1.0,2025-04-22T00:00:00,4,False
I04684,U0006,P0045,view,,1.0,2024-06-27T00:00:00,6,False
I04685,U0101,P0109,cart,,2.0,2025-02-22T00:00:00,2,False
I04686,U0186,P0344,cart,,2.0,2024-07-19T00:00:00,7,False
I04687,U0134,P0098,view,,1.0,2024-01-13T00:00:00,1,False
I04688,U0187,P0067,cart,,2.0,2024-10-12T00:00:00,10,True
I04689,U0100,P0151,view,,1.0,2024-09-14T00:00:00,9,False
I04690,U0058,P0274,view,,1.0,2025-05-04T00:00:00,5,False
I04691,U0137,P0020,view,,1.0,2024-11-28T00:00:00,11,True
I04692,U0050,P0313,view,,1.0,2024-02-01T00:00:00,2,False
I04693,U0098,P0164,view,,1.0,2024-02-12T00:00:00,2,False
I04694,U0125,P0326,view,,1.0,2024-12-16T00:00:00,12,False
I04695,U0078,P0258,view,,1.0,2024-09-26T00:00:00,9,False
I04696,U0176,P0241,view,,1.0,2025-02-16T00:00:00,2,False
I04697,U0175,P0302,view,,1.0,2024-01-19T00:00:00,1,False
I04698,U0091,P0264,view,,1.0,2024-02-06T00:00:00,2,False
I04699,U0107,P0062,view,,1.0,2024-04-01T00:00:00,4,False
I04700,U0052,P0232,cart,,2.0,2024-07-03T00:00:00,7,False
I04701,U0216,P0254,view,,1.0,2024-01-28T00:00:00,1,False
I04702,U0036,P0121,view,,1.0,2025-01-06T00:00:00,1,False
I04703,U0064,P0354,view,,1.0,2024-12-10T00:00:00,12,False
I04704,U0163,P0363,view,,1.0,2024-07-14T00:00:00,7,False
I04705,U0078,P0259,view,,1.0,2024-06-15T00:00:00,6,False
I04706,U0090,P0033,cart,,2.0,2024-09-20T00:00:00,9,False
I04707,U0216,P0070,view,,1.0,2024-07-26T00:00:00,7,False
I04708,U0212,P0036,purchase,,4.0,2024-09-27T00:00:00,9,False
I04709,U0007,P0343,view,,1.0,2025-05-20T00:00:00,5,False
I04710,U0017,P0043,view,,1.0,2025-05-26T00:00:00,5,False
I04711,U0086,P0170,view,,1.0,2024-11-07T00:00:00,11,True
I04712,U0174,P0369,cart,,2.0,2025-03-06T00:00:00,3,False
I04713,U0207,P0245,view,,1.0,2024-04-10T00:00:00,4,False
I04714,U0016,P0063,view,,1.0,2024-09-14T00:00:00,9,False
I04715,U0128,P0494,purchase,,4.0,2024-08-31T00:00:00,8,False
I04716,U0092,P0166,view,,1.0,2024-09-05T00:00:00,9,False
I04717,U0105,P0112,purchase,,4.0,2024-10-13T00:00:00,10,True
I04718,U0169,P0214,cart,,2.0,2025-02-23T00:00:00,2,False
I04719,U0047,P0425,cart,,2.0,2024-02-12T00:00:00,2,False
I04720,U0065,P0439,view,,1.0,2024-08-08T00:00:00,8,False
I04721,U0001,P0119,view,,1.0,2025-03-16T00:00:00,3,False
I04722,U0144,P0422,cart,,2.0,2024-01-28T00:00:00,1,False
I04723,U0086,P0443,view,,1.0,2024-06-15T00:00:00,6,False
I04724,U0123,P0415,view,,1.0,2024-09-05T00:00:00,9,False
I04725,U0007,P0193,cart,,2.0,2024-12-22T00:00:00,12,False
I04726,U0111,P0110,view,,1.0,2024-08-21T00:00:00,8,False
I04727,U0024,P0272,view,,1.0,2024-01-26T00:00:00,1,False
I04728,U0125,P0009,cart,,2.0,2024-12-11T00:00:00,12,False
I04729,U0122,P0257,view,,1.0,2024-01-17T00:00:00,1,False
I04730,U0206,P0115,rating,4.2,4.2,2024-07-20T00:00:00,7,False
I04731,U0118,P0050,view,,1.0,2024-01-09T00:00:00,1,False
I04732,U0086,P0456,purchase,,4.0,2024-01-23T00:00:00,1,False
I04733,U0199,P0354,view,,1.0,2024-08-27T00:00:00,8,False
I04734,U0073,P0283,cart,,2.0,2024-01-27T00:00:00,1,False
I04735,U0216,P0292,purchase,,4.0,2024-03-21T00:00:00,3,False
I04736,U0084,P0282,view,,1.0,2024-07-17T00:00:00,7,False
I04737,U0043,P0490,view,,1.0,2024-04-01T00:00:00,4,False
I04738,U0083,P0408,rating,4.4,4.4,2024-03-24T00:00:00,3,False
I04739,U0198,P0143,view,,1.0,2024-10-07T00:00:00,10,True
I04740,U0233,P0110,cart,,2.0,2024-02-28T00:00:00,2,False
I04741,U0141,P0464,view,,1.0,2024-12-07T00:00:00,12,False
I04742,U0209,P0187,purchase,,4.0,2024-12-07T00:00:00,12,False
I04743,U0098,P0206,view,,1.0,2024-03-02T00:00:00,3,False
I04744,U0008,P0440,view,,1.0,2025-03-04T00:00:00,3,False
I04745,U0146,P0323,view,,1.0,2024-09-12T00:00:00,9,False
I04746,U0060,P0290,view,,1.0,2024-12-12T00:00:00,12,False
I04747,U0014,P0273,view,,1.0,2024-10-30T00:00:00,10,True
I04748,U0103,P0217,view,,1.0,2024-09-01T00:00:00,9,False
I04749,U0056,P0204,purchase,,4.0,2025-02-15T00:00:00,2,False
I04750,U0110,P0464,cart,,2.0,2024-08-04T00:00:00,8,False
I04751,U0004,P0355,view,,1.0,2025-04-18T00:00:00,4,False
I04752,U0036,P0167,cart,,2.0,2024-06-26T00:00:00,6,False
I04753,U0131,P0436,cart,,2.0,2024-01-17T00:00:00,1,False
I04754,U0199,P0098,rating,4.1,4.1,2024-02-17T00:00:00,2,False
I04755,U0062,P0139,cart,,2.0,2024-03-09T00:00:00,3,False
I04756,U0147,P0095,view,,1.0,2024-12-31T00:00:00,12,False
I04757,U0162,P0021,view,,1.0,2025-05-02T00:00:00,5,False
I04758,U0175,P0444,cart,,2.0,2025-05-03T00:00:00,5,False
I04759,U0230,P0258,view,,1.0,2025-01-04T00:00:00,1,False
I04760,U0178,P0446,view,,1.0,2025-02-13T00:00:00,2,False
I04761,U0056,P0230,cart,,2.0,2024-09-26T00:00:00,9,False
I04762,U0206,P0169,purchase,,4.0,2024-03-22T00:00:00,3,False
I04763,U0078,P0406,view,,1.0,2024-07-11T00:00:00,7,False
I04764,U0106,P0269,rating,3.8,3.8,2024-07-07T00:00:00,7,False
I04765,U0155,P0311,view,,1.0,2024-07-11T00:00:00,7,False
I04766,U0127,P0406,view,,1.0,2024-10-15T00:00:00,10,True
I04767,U0196,P0203,view,,1.0,2024-05-23T00:00:00,5,False
I04768,U0133,P0251,rating,4.2,4.2,2025-02-10T00:00:00,2,False
I04769,U0043,P0170,view,,1.0,2025-01-04T00:00:00,1,False
I04770,U0089,P0028,cart,,2.0,2025-03-16T00:00:00,3,False
I04771,U0179,P0423,view,,1.0,2024-01-13T00:00:00,1,False
I04772,U0190,P0365,view,,1.0,2024-12-05T00:00:00,12,False
I04773,U0097,P0475,view,,1.0,2024-11-07T00:00:00,11,True
I04774,U0221,P0473,purchase,,4.0,2024-04-13T00:00:00,4,False
I04775,U0083,P0177,view,,1.0,2024-07-16T00:00:00,7,False
I04776,U0044,P0007,view,,1.0,2025-03-19T00:00:00,3,False
I04777,U0103,P0413,view,,1.0,2025-01-02T00:00:00,1,False
I04778,U0169,P0408,view,,1.0,2024-05-28T00:00:00,5,False
I04779,U0214,P0178,cart,,2.0,2024-02-11T00:00:00,2,False
I04780,U0202,P0399,view,,1.0,2024-08-31T00:00:00,8,False
I04781,U0157,P0290,view,,1.0,2025-04-08T00:00:00,4,False
I04782,U0193,P0478,view,,1.0,2025-03-12T00:00:00,3,False
I04783,U0125,P0271,view,,1.0,2024-09-29T00:00:00,9,False
I04784,U0174,P0173,purchase,,4.0,2024-07-31T00:00:00,7,False
I04785,U0181,P0084,view,,1.0,2024-04-13T00:00:00,4,False
I04786,U0192,P0188,view,,1.0,2025-01-14T00:00:00,1,False
I04787,U0199,P0217,cart,,2.0,2024-03-21T00:00:00,3,False
I04788,U0193,P0002,view,,1.0,2025-01-11T00:00:00,1,False
I04789,U0070,P0092,view,,1.0,2024-06-02T00:00:00,6,False
I04790,U0130,P0175,purchase,,4.0,2024-08-27T00:00:00,8,False
I04791,U0118,P0299,cart,,2.0,2024-07-22T00:00:00,7,False
I04792,U0099,P0460,cart,,2.0,2024-12-15T00:00:00,12,False
I04793,U0176,P0055,cart,,2.0,2024-05-22T00:00:00,5,False
I04794,U0189,P0096,rating,3.9,3.9,2024-09-28T00:00:00,9,False
I04795,U0046,P0126,view,,1.0,2024-04-04T00:00:00,4,False
I04796,U0162,P0052,view,,1.0,2024-03-04T00:00:00,3,False
I04797,U0157,P0022,view,,1.0,2024-01-09T00:00:00,1,False
I04798,U0203,P0218,view,,1.0,2025-02-12T00:00:00,2,False
I04799,U0214,P0406,cart,,2.0,2025-05-20T00:00:00,5,False
I04800,U0174,P0254,view,,1.0,2024-03-13T00:00:00,3,False
I04801,U0084,P0062,purchase,,4.0,2024-02-28T00:00:00,2,False
I04802,U0021,P0185,cart,,2.0,2025-04-02T00:00:00,4,False
I04803,U0150,P0113,cart,,2.0,2024-06-05T00:00:00,6,False
I04804,U0063,P0406,purchase,,4.0,2024-11-24T00:00:00,11,True
I04805,U0061,P0480,cart,,2.0,2024-07-21T00:00:00,7,False
I04806,U0129,P0412,purchase,,4.0,2024-04-15T00:00:00,4,False
I04807,U0065,P0157,view,,1.0,2024-05-01T00:00:00,5,False
I04808,U0062,P0328,view,,1.0,2024-06-30T00:00:00,6,False
I04809,U0103,P0188,view,,1.0,2024-11-11T00:00:00,11,True
I04810,U0046,P0338,rating,3.1,3.1,2025-02-09T00:00:00,2,False
I04811,U0218,P0275,view,,1.0,2024-03-10T00:00:00,3,False
I04812,U0160,P0229,purchase,,4.0,2024-08-27T00:00:00,8,False
I04813,U0011,P0261,view,,1.0,2024-05-17T00:00:00,5,False
I04814,U0239,P0311,view,,1.0,2024-09-03T00:00:00,9,False
I04815,U0098,P0192,view,,1.0,2024-08-30T00:00:00,8,False
I04816,U0108,P0413,cart,,2.0,2024-12-01T00:00:00,12,False
I04817,U0166,P0279,view,,1.0,2024-07-12T00:00:00,7,False
I04818,U0052,P0277,view,,1.0,2025-05-20T00:00:00,5,False
I04819,U0025,P0248,view,,1.0,2025-03-14T00:00:00,3,False
I04820,U0203,P0331,view,,1.0,2025-04-27T00:00:00,4,False
I04821,U0223,P0459,view,,1.0,2024-04-26T00:00:00,4,False
I04822,U0200,P0453,view,,1.0,2024-07-10T00:00:00,7,False
I04823,U0020,P0185,purchase,,4.0,2025-05-30T00:00:00,5,False
I04824,U0018,P0346,view,,1.0,2024-11-02T00:00:00,11,True
I04825,U0196,P0087,cart,,2.0,2024-05-01T00:00:00,5,False
I04826,U0137,P0336,purchase,,4.0,2024-06-02T00:00:00,6,False
I04827,U0102,P0036,cart,,2.0,2025-03-27T00:00:00,3,False
I04828,U0169,P0238,view,,1.0,2024-02-28T00:00:00,2,False
I04829,U0045,P0402,view,,1.0,2024-04-26T00:00:00,4,False
I04830,U0019,P0482,purchase,,4.0,2024-05-06T00:00:00,5,False
I04831,U0149,P0307,view,,1.0,2025-02-02T00:00:00,2,False
I04832,U0003,P0036,view,,1.0,2025-05-12T00:00:00,5,False
I04833,U0174,P0167,purchase,,4.0,2025-02-01T00:00:00,2,False
I04834,U0009,P0388,view,,1.0,2024-09-19T00:00:00,9,False
I04835,U0142,P0354,view,,1.0,2025-03-11T00:00:00,3,False
I04836,U0072,P0178,cart,,2.0,2024-12-25T00:00:00,12,False
I04837,U0129,P0417,view,,1.0,2024-08-28T00:00:00,8,False
I04838,U0115,P0041,view,,1.0,2024-08-09T00:00:00,8,False
I04839,U0214,P0348,cart,,2.0,2024-05-14T00:00:00,5,False
I04840,U0050,P0443,cart,,2.0,2025-01-20T00:00:00,1,False
I04841,U0047,P0423,view,,1.0,2024-10-13T00:00:00,10,True
I04842,U0050,P0096,cart,,2.0,2024-07-07T00:00:00,7,False
I04843,U0041,P0295,view,,1.0,2025-01-23T00:00:00,1,False
I04844,U0203,P0404,cart,,2.0,2024-09-17T00:00:00,9,False
I04845,U0192,P0103,view,,1.0,2024-04-22T00:00:00,4,False
I04846,U0118,P0191,cart,,2.0,2024-02-05T00:00:00,2,False
I04847,U0079,P0006,purchase,,4.0,2024-10-01T00:00:00,10,True
I04848,U0192,P0371,cart,,2.0,2024-10-04T00:00:00,10,True
I04849,U0162,P0075,view,,1.0,2024-11-07T00:00:00,11,True
I04850,U0017,P0101,cart,,2.0,2024-07-22T00:00:00,7,False
I04851,U0217,P0082,view,,1.0,2024-01-17T00:00:00,1,False
I04852,U0202,P0154,view,,1.0,2025-04-20T00:00:00,4,False
I04853,U0210,P0283,view,,1.0,2025-05-13T00:00:00,5,False
I04854,U0146,P0300,view,,1.0,2025-03-04T00:00:00,3,False
I04855,U0224,P0037,rating,3.9,3.9,2024-03-18T00:00:00,3,False
I04856,U0018,P0184,view,,1.0,2024-07-26T00:00:00,7,False
I04857,U0209,P0119,purchase,,4.0,2024-05-14T00:00:00,5,False
I04858,U0076,P0323,view,,1.0,2024-03-23T00:00:00,3,False
I04859,U0109,P0365,cart,,2.0,2024-02-13T00:00:00,2,False
I04860,U0227,P0394,cart,,2.0,2025-05-07T00:00:00,5,False
I04861,U0018,P0259,view,,1.0,2024-10-20T00:00:00,10,True
I04862,U0208,P0016,view,,1.0,2024-05-27T00:00:00,5,False
I04863,U0216,P0490,cart,,2.0,2024-06-20T00:00:00,6,False
I04864,U0051,P0151,view,,1.0,2024-04-29T00:00:00,4,False
I04865,U0068,P0444,cart,,2.0,2024-03-06T00:00:00,3,False
I04866,U0141,P0128,view,,1.0,2025-03-21T00:00:00,3,False
I04867,U0189,P0178,view,,1.0,2024-06-06T00:00:00,6,False
I04868,U0098,P0063,rating,4.8,4.8,2024-09-02T00:00:00,9,False
I04869,U0088,P0294,view,,1.0,2024-02-02T00:00:00,2,False
I04870,U0105,P0169,view,,1.0,2024-11-25T00:00:00,11,True
I04871,U0082,P0421,purchase,,4.0,2024-03-11T00:00:00,3,False
I04872,U0057,P0276,view,,1.0,2024-03-19T00:00:00,3,False
I04873,U0169,P0255,view,,1.0,2024-06-28T00:00:00,6,False
I04874,U0116,P0175,view,,1.0,2024-09-16T00:00:00,9,False
I04875,U0230,P0333,view,,1.0,2024-01-05T00:00:00,1,False
I04876,U0041,P0346,view,,1.0,2024-12-25T00:00:00,12,False
I04877,U0117,P0386,cart,,2.0,2024-12-22T00:00:00,12,False
I04878,U0189,P0394,cart,,2.0,2025-03-14T00:00:00,3,False
I04879,U0075,P0028,purchase,,4.0,2024-07-06T00:00:00,7,False
I04880,U0200,P0218,rating,5.0,5.0,2024-10-07T00:00:00,10,True
I04881,U0142,P0279,purchase,,4.0,2025-05-28T00:00:00,5,False
I04882,U0158,P0273,view,,1.0,2024-01-30T00:00:00,1,False
I04883,U0082,P0106,view,,1.0,2024-01-31T00:00:00,1,False
I04884,U0236,P0299,view,,1.0,2024-11-28T00:00:00,11,True
I04885,U0148,P0425,view,,1.0,2024-06-25T00:00:00,6,False
I04886,U0114,P0304,view,,1.0,2024-04-15T00:00:00,4,False
I04887,U0097,P0393,view,,1.0,2024-08-17T00:00:00,8,False
I04888,U0227,P0393,cart,,2.0,2025-01-05T00:00:00,1,False
I04889,U0100,P0208,view,,1.0,2025-03-20T00:00:00,3,False
I04890,U0212,P0470,view,,1.0,2024-02-24T00:00:00,2,False
I04891,U0195,P0469,purchase,,4.0,2025-06-03T00:00:00,6,False
I04892,U0168,P0187,rating,3.9,3.9,2024-11-10T00:00:00,11,True
I04893,U0128,P0044,purchase,,4.0,2024-02-01T00:00:00,2,False
I04894,U0093,P0386,view,,1.0,2025-06-02T00:00:00,6,False
I04895,U0002,P0282,cart,,2.0,2024-08-07T00:00:00,8,False
I04896,U0240,P0117,cart,,2.0,2024-04-15T00:00:00,4,False
I04897,U0036,P0301,purchase,,4.0,2025-02-19T00:00:00,2,False
I04898,U0045,P0311,view,,1.0,2024-11-04T00:00:00,11,True
I04899,U0110,P0421,view,,1.0,2025-04-03T00:00:00,4,False
I04900,U0087,P0346,view,,1.0,2025-01-04T00:00:00,1,False
I04901,U0075,P0368,purchase,,4.0,2024-01-11T00:00:00,1,False
I04902,U0050,P0044,view,,1.0,2025-05-21T00:00:00,5,False
I04903,U0163,P0439,view,,1.0,2024-05-01T00:00:00,5,False
I04904,U0143,P0061,cart,,2.0,2024-08-22T00:00:00,8,False
I04905,U0075,P0297,rating,4.2,4.2,2024-12-13T00:00:00,12,False
I04906,U0212,P0284,view,,1.0,2024-04-01T00:00:00,4,False
I04907,U0153,P0145,rating,2.8,2.8,2024-11-26T00:00:00,11,True
I04908,U0211,P0482,purchase,,4.0,2024-08-15T00:00:00,8,False
I04909,U0194,P0475,view,,1.0,2024-08-30T00:00:00,8,False
I04910,U0133,P0114,cart,,2.0,2024-10-02T00:00:00,10,True
I04911,U0194,P0233,cart,,2.0,2025-04-22T00:00:00,4,False
I04912,U0224,P0253,rating,4.2,4.2,2024-10-14T00:00:00,10,True
I04913,U0183,P0041,cart,,2.0,2024-11-25T00:00:00,11,True
I04914,U0214,P0075,view,,1.0,2025-04-11T00:00:00,4,False
I04915,U0209,P0448,view,,1.0,2025-02-23T00:00:00,2,False
I04916,U0096,P0457,view,,1.0,2024-05-01T00:00:00,5,False
I04917,U0238,P0377,purchase,,4.0,2024-11-03T00:00:00,11,True
I04918,U0164,P0114,view,,1.0,2024-11-29T00:00:00,11,True
I04919,U0186,P0421,view,,1.0,2025-02-23T00:00:00,2,False
I04920,U0070,P0090,rating,3.2,3.2,2024-09-06T00:00:00,9,False
I04921,U0222,P0341,view,,1.0,2024-04-04T00:00:00,4,False
I04922,U0040,P0126,view,,1.0,2024-07-02T00:00:00,7,False
I04923,U0004,P0262,cart,,2.0,2024-07-04T00:00:00,7,False
I04924,U0153,P0142,view,,1.0,2024-03-09T00:00:00,3,False
I04925,U0070,P0107,view,,1.0,2024-01-08T00:00:00,1,False
I04926,U0009,P0312,purchase,,4.0,2025-04-28T00:00:00,4,False
I04927,U0105,P0123,view,,1.0,2025-01-05T00:00:00,1,False
I04928,U0015,P0017,cart,,2.0,2024-03-23T00:00:00,3,False
I04929,U0039,P0401,view,,1.0,2024-07-29T00:00:00,7,False
I04930,U0057,P0024,purchase,,4.0,2024-12-02T00:00:00,12,False
I04931,U0234,P0005,view,,1.0,2025-02-06T00:00:00,2,False
I04932,U0127,P0246,cart,,2.0,2024-07-09T00:00:00,7,False
I04933,U0159,P0046,view,,1.0,2024-11-30T00:00:00,11,True
I04934,U0010,P0412,cart,,2.0,2024-03-27T00:00:00,3,False
I04935,U0067,P0436,cart,,2.0,2024-03-02T00:00:00,3,False
I04936,U0131,P0296,view,,1.0,2024-05-25T00:00:00,5,False
I04937,U0153,P0133,cart,,2.0,2024-12-14T00:00:00,12,False
I04938,U0086,P0283,view,,1.0,2024-06-26T00:00:00,6,False
I04939,U0121,P0219,cart,,2.0,2025-05-01T00:00:00,5,False
I04940,U0010,P0331,purchase,,4.0,2024-09-03T00:00:00,9,False
I04941,U0029,P0479,view,,1.0,2024-12-17T00:00:00,12,False
I04942,U0010,P0256,cart,,2.0,2024-01-13T00:00:00,1,False
I04943,U0047,P0046,cart,,2.0,2024-05-30T00:00:00,5,False
I04944,U0050,P0087,purchase,,4.0,2024-08-02T00:00:00,8,False
I04945,U0223,P0182,view,,1.0,2025-01-06T00:00:00,1,False
I04946,U0113,P0297,view,,1.0,2024-09-08T00:00:00,9,False
I04947,U0195,P0358,view,,1.0,2024-12-06T00:00:00,12,False
I04948,U0053,P0016,view,,1.0,2024-05-09T00:00:00,5,False
I04949,U0068,P0178,rating,3.4,3.4,2024-07-11T00:00:00,7,False
I04950,U0135,P0157,view,,1.0,2024-05-26T00:00:00,5,False
I04951,U0172,P0220,view,,1.0,2024-10-21T00:00:00,10,True
I04952,U0211,P0104,rating,3.9,3.9,2024-01-12T00:00:00,1,False
I04953,U0150,P0049,view,,1.0,2024-11-28T00:00:00,11,True
I04954,U0220,P0151,purchase,,4.0,2025-02-01T00:00:00,2,False
I04955,U0086,P0364,view,,1.0,2025-05-26T00:00:00,5,False
I04956,U0172,P0242,cart,,2.0,2025-04-12T00:00:00,4,False
I04957,U0236,P0323,cart,,2.0,2024-06-14T00:00:00,6,False
I04958,U0187,P0070,cart,,2.0,2024-06-18T00:00:00,6,False
I04959,U0052,P0163,cart,,2.0,2025-05-26T00:00:00,5,False
I04960,U0063,P0022,view,,1.0,2024-07-07T00:00:00,7,False
I04961,U0120,P0162,view,,1.0,2024-04-14T00:00:00,4,False
I04962,U0162,P0458,view,,1.0,2024-02-10T00:00:00,2,False
I04963,U0121,P0130,view,,1.0,2024-11-16T00:00:00,11,True
I04964,U0118,P0439,view,,1.0,2024-11-30T00:00:00,11,True
I04965,U0160,P0454,cart,,2.0,2024-09-20T00:00:00,9,False
I04966,U0097,P0041,view,,1.0,2025-04-21T00:00:00,4,False
I04967,U0096,P0048,purchase,,4.0,2024-07-28T00:00:00,7,False
I04968,U0240,P0333,purchase,,4.0,2025-01-16T00:00:00,1,False
I04969,U0164,P0423,purchase,,4.0,2025-04-25T00:00:00,4,False
I04970,U0151,P0482,view,,1.0,2024-01-05T00:00:00,1,False
I04971,U0034,P0046,rating,3.8,3.8,2024-05-24T00:00:00,5,False
I04972,U0230,P0356,cart,,2.0,2024-05-04T00:00:00,5,False
I04973,U0022,P0052,purchase,,4.0,2024-09-27T00:00:00,9,False
I04974,U0101,P0286,rating,4.1,4.1,2025-05-12T00:00:00,5,False
I04975,U0153,P0167,cart,,2.0,2024-02-22T00:00:00,2,False
I04976,U0149,P0066,view,,1.0,2025-05-17T00:00:00,5,False
I04977,U0102,P0301,view,,1.0,2025-03-25T00:00:00,3,False
I04978,U0219,P0216,view,,1.0,2024-10-03T00:00:00,10,True
I04979,U0196,P0187,purchase,,4.0,2025-03-03T00:00:00,3,False
I04980,U0083,P0143,view,,1.0,2024-08-05T00:00:00,8,False
I04981,U0226,P0037,view,,1.0,2025-02-07T00:00:00,2,False
I04982,U0034,P0468,purchase,,4.0,2025-02-23T00:00:00,2,False
I04983,U0083,P0315,cart,,2.0,2025-02-22T00:00:00,2,False
I04984,U0141,P0231,cart,,2.0,2024-07-25T00:00:00,7,False
I04985,U0174,P0442,view,,1.0,2024-09-21T00:00:00,9,False
I04986,U0237,P0287,view,,1.0,2024-02-05T00:00:00,2,False
I04987,U0117,P0459,view,,1.0,2025-05-02T00:00:00,5,False
I04988,U0003,P0086,view,,1.0,2024-01-23T00:00:00,1,False
I04989,U0104,P0256,view,,1.0,2024-08-28T00:00:00,8,False
I04990,U0237,P0076,view,,1.0,2024-09-09T00:00:00,9,False
I04991,U0142,P0367,rating,4.4,4.4,2025-03-26T00:00:00,3,False
I04992,U0110,P0225,view,,1.0,2024-01-08T00:00:00,1,False
I04993,U0069,P0211,view,,1.0,2024-03-08T00:00:00,3,False
I04994,U0206,P0038,view,,1.0,2025-02-11T00:00:00,2,False
I04995,U0006,P0059,cart,,2.0,2024-04-28T00:00:00,4,False
I04996,U0057,P0143,view,,1.0,2024-01-31T00:00:00,1,False
I04997,U0006,P0450,purchase,,4.0,2025-04-27T00:00:00,4,False
I04998,U0207,P0474,view,,1.0,2025-01-21T00:00:00,1,False
I04999,U0156,P0030,rating,4.0,4.0,2025-01-04T00:00:00,1,False
I05000,U0097,P0011,purchase,,4.0,2024-12-01T00:00:00,12,False
I05001,U0123,P0155,purchase,,4.0,2024-10-15T00:00:00,10,True
I05002,U0228,P0050,view,,1.0,2024-05-19T00:00:00,5,False
I05003,U0185,P0262,view,,1.0,2024-10-26T00:00:00,10,True
I05004,U0013,P0029,view,,1.0,2025-03-03T00:00:00,3,False
I05005,U0057,P0359,cart,,2.0,2025-02-03T00:00:00,2,False
I05006,U0224,P0153,rating,5.0,5.0,2024-04-18T00:00:00,4,False
I05007,U0111,P0088,cart,,2.0,2024-11-02T00:00:00,11,True
I05008,U0021,P0286,cart,,2.0,2024-02-29T00:00:00,2,False
I05009,U0179,P0394,view,,1.0,2024-01-21T00:00:00,1,False
I05010,U0107,P0157,rating,3.7,3.7,2025-01-16T00:00:00,1,False
I05011,U0134,P0131,view,,1.0,2024-03-13T00:00:00,3,False
I05012,U0193,P0440,purchase,,4.0,2024-03-16T00:00:00,3,False
I05013,U0186,P0139,view,,1.0,2025-01-24T00:00:00,1,False
I05014,U0065,P0185,rating,4.3,4.3,2024-12-07T00:00:00,12,False
I05015,U0170,P0467,view,,1.0,2024-01-06T00:00:00,1,False
I05016,U0006,P0391,view,,1.0,2024-07-09T00:00:00,7,False
I05017,U0148,P0165,view,,1.0,2025-02-08T00:00:00,2,False
I05018,U0002,P0321,view,,1.0,2025-04-23T00:00:00,4,False
I05019,U0090,P0036,view,,1.0,2024-01-10T00:00:00,1,False
I05020,U0087,P0248,cart,,2.0,2024-05-30T00:00:00,5,False
I05021,U0220,P0370,view,,1.0,2024-01-30T00:00:00,1,False
I05022,U0128,P0051,view,,1.0,2024-03-18T00:00:00,3,False
I05023,U0165,P0092,purchase,,4.0,2024-02-24T00:00:00,2,False
I05024,U0224,P0308,view,,1.0,2024-10-31T00:00:00,10,True
I05025,U0034,P0444,view,,1.0,2024-04-14T00:00:00,4,False
I05026,U0172,P0083,view,,1.0,2025-05-13T00:00:00,5,False
I05027,U0022,P0488,purchase,,4.0,2024-10-13T00:00:00,10,True
I05028,U0135,P0025,rating,4.4,4.4,2024-05-28T00:00:00,5,False
I05029,U0016,P0421,view,,1.0,2024-10-25T00:00:00,10,True
I05030,U0172,P0458,view,,1.0,2024-02-16T00:00:00,2,False
I05031,U0114,P0075,view,,1.0,2024-07-25T00:00:00,7,False
I05032,U0197,P0024,view,,1.0,2025-01-29T00:00:00,1,False
I05033,U0207,P0350,view,,1.0,2024-10-27T00:00:00,10,True
I05034,U0196,P0499,rating,4.6,4.6,2024-06-24T00:00:00,6,False
I05035,U0195,P0039,view,,1.0,2024-07-20T00:00:00,7,False
I05036,U0168,P0364,view,,1.0,2024-03-26T00:00:00,3,False
I05037,U0142,P0014,purchase,,4.0,2024-02-20T00:00:00,2,False
I05038,U0112,P0233,view,,1.0,2025-04-07T00:00:00,4,False
I05039,U0186,P0141,view,,1.0,2024-09-27T00:00:00,9,False
I05040,U0065,P0119,cart,,2.0,2024-12-09T00:00:00,12,False
I05041,U0183,P0314,view,,1.0,2025-05-17T00:00:00,5,False
I05042,U0076,P0188,view,,1.0,2024-01-10T00:00:00,1,False
I05043,U0238,P0457,view,,1.0,2024-08-21T00:00:00,8,False
I05044,U0042,P0018,purchase,,4.0,2024-08-31T00:00:00,8,False
I05045,U0095,P0453,purchase,,4.0,2024-09-23T00:00:00,9,False
I05046,U0118,P0500,purchase,,4.0,2024-07-19T00:00:00,7,False
I05047,U0239,P0483,cart,,2.0,2024-11-29T00:00:00,11,True
I05048,U0147,P0137,cart,,2.0,2025-02-18T00:00:00,2,False
I05049,U0201,P0209,cart,,2.0,2025-04-28T00:00:00,4,False
I05050,U0181,P0370,view,,1.0,2024-09-02T00:00:00,9,False
I05051,U0090,P0256,purchase,,4.0,2024-01-08T00:00:00,1,False
I05052,U0152,P0440,cart,,2.0,2025-01-26T00:00:00,1,False
I05053,U0211,P0482,view,,1.0,2025-01-01T00:00:00,1,False
I05054,U0176,P0235,rating,4.1,4.1,2024-03-26T00:00:00,3,False
I05055,U0055,P0406,view,,1.0,2025-03-21T00:00:00,3,False
I05056,U0108,P0315,view,,1.0,2024-10-30T00:00:00,10,True
I05057,U0132,P0341,cart,,2.0,2025-02-24T00:00:00,2,False
I05058,U0136,P0460,view,,1.0,2025-01-19T00:00:00,1,False
I05059,U0220,P0108,rating,5.0,5.0,2024-07-16T00:00:00,7,False
I05060,U0005,P0279,cart,,2.0,2024-01-24T00:00:00,1,False
I05061,U0175,P0148,view,,1.0,2024-12-05T00:00:00,12,False
I05062,U0156,P0011,view,,1.0,2024-09-17T00:00:00,9,False
I05063,U0030,P0412,rating,4.3,4.3,2025-05-27T00:00:00,5,False
I05064,U0086,P0054,rating,4.0,4.0,2025-03-05T00:00:00,3,False
I05065,U0184,P0461,view,,1.0,2024-12-14T00:00:00,12,False
I05066,U0127,P0207,cart,,2.0,2025-02-15T00:00:00,2,False
I05067,U0016,P0026,cart,,2.0,2024-11-05T00:00:00,11,True
I05068,U0181,P0222,view,,1.0,2025-01-30T00:00:00,1,False
I05069,U0020,P0157,purchase,,4.0,2024-12-03T00:00:00,12,False
I05070,U0162,P0483,purchase,,4.0,2025-03-12T00:00:00,3,False
I05071,U0192,P0009,view,,1.0,2024-12-30T00:00:00,12,False
I05072,U0155,P0339,cart,,2.0,2024-04-22T00:00:00,4,False
I05073,U0017,P0164,purchase,,4.0,2024-06-24T00:00:00,6,False
I05074,U0149,P0266,view,,1.0,2024-06-26T00:00:00,6,False
I05075,U0168,P0264,view,,1.0,2025-01-16T00:00:00,1,False
I05076,U0223,P0025,rating,3.9,3.9,2024-09-15T00:00:00,9,False
I05077,U0017,P0286,cart,,2.0,2024-07-07T00:00:00,7,False
I05078,U0050,P0329,view,,1.0,2025-01-12T00:00:00,1,False
I05079,U0090,P0038,cart,,2.0,2024-12-08T00:00:00,12,False
I05080,U0006,P0051,view,,1.0,2024-06-04T00:00:00,6,False
I05081,U0200,P0364,view,,1.0,2024-02-24T00:00:00,2,False
I05082,U0186,P0042,view,,1.0,2024-07-18T00:00:00,7,False
I05083,U0147,P0161,purchase,,4.0,2024-06-25T00:00:00,6,False
I05084,U0193,P0170,view,,1.0,2024-10-27T00:00:00,10,True
I05085,U0195,P0295,view,,1.0,2024-11-02T00:00:00,11,True
I05086,U0239,P0376,view,,1.0,2024-09-23T00:00:00,9,False
I05087,U0214,P0368,cart,,2.0,2025-04-27T00:00:00,4,False
I05088,U0006,P0146,view,,1.0,2024-03-07T00:00:00,3,False
I05089,U0062,P0026,view,,1.0,2024-05-12T00:00:00,5,False
I05090,U0137,P0301,purchase,,4.0,2025-05-26T00:00:00,5,False
I05091,U0211,P0345,view,,1.0,2024-09-09T00:00:00,9,False
I05092,U0038,P0328,cart,,2.0,2024-02-12T00:00:00,2,False
I05093,U0117,P0041,rating,3.1,3.1,2025-02-08T00:00:00,2,False
I05094,U0166,P0161,rating,3.1,3.1,2024-10-31T00:00:00,10,True
I05095,U0203,P0013,cart,,2.0,2024-08-20T00:00:00,8,False
I05096,U0209,P0217,view,,1.0,2024-10-21T00:00:00,10,True
I05097,U0071,P0029,cart,,2.0,2025-01-17T00:00:00,1,False
I05098,U0158,P0216,view,,1.0,2025-02-08T00:00:00,2,False
I05099,U0001,P0301,view,,1.0,2024-08-04T00:00:00,8,False
I05100,U0160,P0303,view,,1.0,2025-05-21T00:00:00,5,False
I05101,U0136,P0130,view,,1.0,2024-01-30T00:00:00,1,False
I05102,U0115,P0227,purchase,,4.0,2025-06-03T00:00:00,6,False
I05103,U0113,P0408,view,,1.0,2024-10-01T00:00:00,10,True
I05104,U0236,P0383,view,,1.0,2024-02-05T00:00:00,2,False
I05105,U0055,P0173,view,,1.0,2024-02-13T00:00:00,2,False
I05106,U0155,P0201,cart,,2.0,2024-03-17T00:00:00,3,False
I05107,U0078,P0221,view,,1.0,2025-03-13T00:00:00,3,False
I05108,U0176,P0246,purchase,,4.0,2024-02-08T00:00:00,2,False
I05109,U0239,P0228,view,,1.0,2024-01-13T00:00:00,1,False
I05110,U0122,P0180,cart,,2.0,2024-05-23T00:00:00,5,False
I05111,U0172,P0107,view,,1.0,2025-03-30T00:00:00,3,False
I05112,U0112,P0178,rating,3.9,3.9,2024-09-03T00:00:00,9,False
I05113,U0035,P0351,view,,1.0,2024-07-25T00:00:00,7,False
I05114,U0156,P0363,view,,1.0,2025-06-02T00:00:00,6,False
I05115,U0190,P0192,view,,1.0,2024-08-29T00:00:00,8,False
I05116,U0110,P0467,cart,,2.0,2024-04-23T00:00:00,4,False
I05117,U0051,P0469,cart,,2.0,2024-10-28T00:00:00,10,True
I05118,U0020,P0213,rating,4.7,4.7,2024-04-05T00:00:00,4,False
I05119,U0038,P0230,purchase,,4.0,2024-12-25T00:00:00,12,False
I05120,U0032,P0022,cart,,2.0,2024-06-02T00:00:00,6,False
I05121,U0058,P0099,view,,1.0,2025-02-26T00:00:00,2,False
I05122,U0148,P0388,view,,1.0,2024-02-19T00:00:00,2,False
I05123,U0207,P0050,rating,2.9,2.9,2024-07-31T00:00:00,7,False
I05124,U0082,P0141,cart,,2.0,2024-11-15T00:00:00,11,True
I05125,U0233,P0343,cart,,2.0,2024-05-16T00:00:00,5,False
I05126,U0113,P0439,view,,1.0,2024-03-05T00:00:00,3,False
I05127,U0002,P0439,view,,1.0,2024-05-11T00:00:00,5,False
I05128,U0078,P0312,purchase,,4.0,2024-02-01T00:00:00,2,False
I05129,U0100,P0361,view,,1.0,2025-05-12T00:00:00,5,False
I05130,U0192,P0310,view,,1.0,2024-05-21T00:00:00,5,False
I05131,U0148,P0196,view,,1.0,2024-07-09T00:00:00,7,False
I05132,U0174,P0343,view,,1.0,2024-05-28T00:00:00,5,False
I05133,U0087,P0152,view,,1.0,2025-02-19T00:00:00,2,False
I05134,U0008,P0478,purchase,,4.0,2024-01-16T00:00:00,1,False
I05135,U0040,P0222,view,,1.0,2024-04-15T00:00:00,4,False
I05136,U0027,P0193,cart,,2.0,2024-04-13T00:00:00,4,False
I05137,U0105,P0076,cart,,2.0,2024-02-04T00:00:00,2,False
I05138,U0113,P0266,cart,,2.0,2024-11-03T00:00:00,11,True
I05139,U0143,P0247,view,,1.0,2024-02-22T00:00:00,2,False
I05140,U0091,P0217,cart,,2.0,2024-03-21T00:00:00,3,False
I05141,U0104,P0050,purchase,,4.0,2025-01-03T00:00:00,1,False
I05142,U0031,P0391,view,,1.0,2024-12-26T00:00:00,12,False
I05143,U0233,P0144,view,,1.0,2024-02-03T00:00:00,2,False
I05144,U0183,P0252,view,,1.0,2024-02-28T00:00:00,2,False
I05145,U0003,P0499,purchase,,4.0,2024-03-18T00:00:00,3,False
I05146,U0206,P0086,rating,3.9,3.9,2024-10-28T00:00:00,10,True
I05147,U0166,P0153,purchase,,4.0,2024-04-21T00:00:00,4,False
I05148,U0157,P0246,cart,,2.0,2024-11-12T00:00:00,11,True
I05149,U0097,P0399,view,,1.0,2024-05-24T00:00:00,5,False
I05150,U0156,P0162,purchase,,4.0,2024-01-18T00:00:00,1,False
I05151,U0095,P0209,view,,1.0,2024-06-03T00:00:00,6,False
I05152,U0016,P0052,view,,1.0,2025-05-20T00:00:00,5,False
I05153,U0010,P0300,rating,5.0,5.0,2024-12-25T00:00:00,12,False
I05154,U0075,P0343,view,,1.0,2024-07-30T00:00:00,7,False
I05155,U0179,P0463,view,,1.0,2024-10-09T00:00:00,10,True
I05156,U0195,P0117,purchase,,4.0,2024-01-30T00:00:00,1,False
I05157,U0009,P0011,view,,1.0,2024-11-04T00:00:00,11,True
I05158,U0189,P0252,view,,1.0,2024-11-05T00:00:00,11,True
I05159,U0165,P0328,cart,,2.0,2025-03-01T00:00:00,3,False
I05160,U0049,P0280,cart,,2.0,2024-03-31T00:00:00,3,False
I05161,U0200,P0086,purchase,,4.0,2025-03-19T00:00:00,3,False
I05162,U0215,P0258,view,,1.0,2024-03-19T00:00:00,3,False
I05163,U0219,P0110,rating,4.1,4.1,2024-04-12T00:00:00,4,False
I05164,U0111,P0089,view,,1.0,2025-03-31T00:00:00,3,False
I05165,U0222,P0313,purchase,,4.0,2024-11-09T00:00:00,11,True
I05166,U0234,P0254,view,,1.0,2024-08-22T00:00:00,8,False
I05167,U0022,P0243,cart,,2.0,2025-01-21T00:00:00,1,False
I05168,U0079,P0151,cart,,2.0,2024-02-07T00:00:00,2,False
I05169,U0161,P0081,view,,1.0,2025-04-06T00:00:00,4,False
I05170,U0176,P0497,purchase,,4.0,2025-03-24T00:00:00,3,False
I05171,U0117,P0351,cart,,2.0,2024-08-28T00:00:00,8,False
I05172,U0026,P0068,rating,3.2,3.2,2024-10-24T00:00:00,10,True
I05173,U0212,P0030,view,,1.0,2024-02-18T00:00:00,2,False
I05174,U0142,P0218,rating,3.9,3.9,2024-02-15T00:00:00,2,False
I05175,U0163,P0247,cart,,2.0,2024-10-11T00:00:00,10,True
I05176,U0012,P0444,purchase,,4.0,2024-03-22T00:00:00,3,False
I05177,U0044,P0178,cart,,2.0,2024-09-29T00:00:00,9,False
I05178,U0138,P0422,view,,1.0,2024-02-27T00:00:00,2,False
I05179,U0053,P0118,cart,,2.0,2024-01-01T00:00:00,1,False
I05180,U0216,P0350,purchase,,4.0,2024-11-12T00:00:00,11,True
I05181,U0228,P0302,view,,1.0,2025-04-17T00:00:00,4,False
I05182,U0228,P0006,cart,,2.0,2024-10-13T00:00:00,10,True
I05183,U0066,P0226,cart,,2.0,2025-04-02T00:00:00,4,False
I05184,U0095,P0271,view,,1.0,2025-05-07T00:00:00,5,False
I05185,U0150,P0262,view,,1.0,2024-01-23T00:00:00,1,False
I05186,U0215,P0433,cart,,2.0,2025-02-02T00:00:00,2,False
I05187,U0154,P0463,view,,1.0,2024-05-10T00:00:00,5,False
I05188,U0087,P0182,view,,1.0,2024-05-27T00:00:00,5,False
I05189,U0125,P0032,cart,,2.0,2024-04-18T00:00:00,4,False
I05190,U0040,P0310,cart,,2.0,2024-04-30T00:00:00,4,False
I05191,U0039,P0256,view,,1.0,2024-04-29T00:00:00,4,False
I05192,U0200,P0233,view,,1.0,2024-06-17T00:00:00,6,False
I05193,U0198,P0116,rating,3.1,3.1,2024-05-22T00:00:00,5,False
I05194,U0073,P0028,purchase,,4.0,2024-10-23T00:00:00,10,True
I05195,U0212,P0440,purchase,,4.0,2024-01-10T00:00:00,1,False
I05196,U0190,P0438,view,,1.0,2024-08-17T00:00:00,8,False
I05197,U0024,P0307,view,,1.0,2024-03-18T00:00:00,3,False
I05198,U0169,P0367,view,,1.0,2024-07-11T00:00:00,7,False
I05199,U0145,P0214,view,,1.0,2024-04-18T00:00:00,4,False
I05200,U0024,P0081,view,,1.0,2024-09-19T00:00:00,9,False
I05201,U0073,P0290,view,,1.0,2024-12-28T00:00:00,12,False
I05202,U0099,P0111,view,,1.0,2025-01-12T00:00:00,1,False
I05203,U0012,P0161,rating,4.3,4.3,2024-12-06T00:00:00,12,False
I05204,U0003,P0450,view,,1.0,2024-11-30T00:00:00,11,True
I05205,U0085,P0145,cart,,2.0,2024-11-03T00:00:00,11,True
I05206,U0006,P0095,view,,1.0,2025-03-27T00:00:00,3,False
I05207,U0068,P0327,purchase,,4.0,2024-08-16T00:00:00,8,False
I05208,U0190,P0453,view,,1.0,2024-10-23T00:00:00,10,True
I05209,U0215,P0356,purchase,,4.0,2024-08-24T00:00:00,8,False
I05210,U0210,P0320,view,,1.0,2024-08-04T00:00:00,8,False
I05211,U0065,P0124,view,,1.0,2024-09-02T00:00:00,9,False
I05212,U0192,P0494,view,,1.0,2024-11-14T00:00:00,11,True
I05213,U0226,P0130,view,,1.0,2025-03-07T00:00:00,3,False
I05214,U0148,P0340,view,,1.0,2024-02-06T00:00:00,2,False
I05215,U0064,P0266,view,,1.0,2024-12-07T00:00:00,12,False
I05216,U0133,P0271,view,,1.0,2024-02-03T00:00:00,2,False
I05217,U0039,P0070,cart,,2.0,2024-07-27T00:00:00,7,False
I05218,U0062,P0082,view,,1.0,2024-05-31T00:00:00,5,False
I05219,U0131,P0259,view,,1.0,2024-12-30T00:00:00,12,False
I05220,U0199,P0055,purchase,,4.0,2024-03-19T00:00:00,3,False
I05221,U0221,P0171,cart,,2.0,2025-03-09T00:00:00,3,False
I05222,U0029,P0076,rating,4.1,4.1,2024-02-01T00:00:00,2,False
I05223,U0232,P0480,view,,1.0,2024-07-10T00:00:00,7,False
I05224,U0148,P0474,view,,1.0,2024-09-26T00:00:00,9,False
I05225,U0172,P0049,view,,1.0,2024-03-17T00:00:00,3,False
I05226,U0223,P0301,view,,1.0,2024-06-15T00:00:00,6,False
I05227,U0028,P0271,cart,,2.0,2024-03-29T00:00:00,3,False
I05228,U0032,P0304,cart,,2.0,2024-06-04T00:00:00,6,False
I05229,U0095,P0048,cart,,2.0,2024-01-17T00:00:00,1,False
I05230,U0117,P0193,purchase,,4.0,2024-11-28T00:00:00,11,True
I05231,U0055,P0026,view,,1.0,2024-03-20T00:00:00,3,False
I05232,U0134,P0425,purchase,,4.0,2025-03-07T00:00:00,3,False
I05233,U0203,P0196,view,,1.0,2024-04-25T00:00:00,4,False
I05234,U0195,P0330,cart,,2.0,2024-08-07T00:00:00,8,False
I05235,U0169,P0373,view,,1.0,2024-11-11T00:00:00,11,True
I05236,U0205,P0379,cart,,2.0,2025-01-06T00:00:00,1,False
I05237,U0109,P0153,view,,1.0,2024-06-04T00:00:00,6,False
I05238,U0102,P0229,purchase,,4.0,2024-01-13T00:00:00,1,False
I05239,U0209,P0139,cart,,2.0,2024-08-07T00:00:00,8,False
I05240,U0015,P0164,view,,1.0,2024-04-26T00:00:00,4,False
I05241,U0075,P0289,purchase,,4.0,2024-02-25T00:00:00,2,False
I05242,U0095,P0439,view,,1.0,2024-05-11T00:00:00,5,False
I05243,U0227,P0089,view,,1.0,2024-08-13T00:00:00,8,False
I05244,U0052,P0057,rating,2.8,2.8,2025-04-19T00:00:00,4,False
I05245,U0138,P0434,cart,,2.0,2024-08-09T00:00:00,8,False
I05246,U0173,P0004,view,,1.0,2024-12-05T00:00:00,12,False
I05247,U0029,P0293,view,,1.0,2025-05-20T00:00:00,5,False
I05248,U0053,P0133,cart,,2.0,2024-06-05T00:00:00,6,False
I05249,U0151,P0026,view,,1.0,2024-06-26T00:00:00,6,False
I05250,U0021,P0163,cart,,2.0,2024-04-21T00:00:00,4,False
I05251,U0171,P0377,cart,,2.0,2024-05-17T00:00:00,5,False
I05252,U0233,P0381,view,,1.0,2024-11-27T00:00:00,11,True
I05253,U0030,P0313,cart,,2.0,2024-11-02T00:00:00,11,True
I05254,U0161,P0117,purchase,,4.0,2025-02-05T00:00:00,2,False
I05255,U0078,P0145,purchase,,4.0,2024-10-04T00:00:00,10,True
I05256,U0064,P0401,view,,1.0,2025-05-11T00:00:00,5,False
I05257,U0107,P0475,cart,,2.0,2025-01-06T00:00:00,1,False
I05258,U0124,P0356,view,,1.0,2024-02-05T00:00:00,2,False
I05259,U0047,P0287,view,,1.0,2025-03-13T00:00:00,3,False
I05260,U0214,P0139,view,,1.0,2024-02-01T00:00:00,2,False
I05261,U0186,P0453,purchase,,4.0,2024-06-22T00:00:00,6,False
I05262,U0054,P0252,rating,3.1,3.1,2024-09-06T00:00:00,9,False
I05263,U0171,P0200,view,,1.0,2024-01-02T00:00:00,1,False
I05264,U0194,P0255,view,,1.0,2024-06-14T00:00:00,6,False
I05265,U0157,P0276,rating,3.1,3.1,2024-04-19T00:00:00,4,False
I05266,U0124,P0397,view,,1.0,2024-10-11T00:00:00,10,True
I05267,U0119,P0420,view,,1.0,2025-02-24T00:00:00,2,False
I05268,U0113,P0087,purchase,,4.0,2024-08-15T00:00:00,8,False
I05269,U0215,P0288,purchase,,4.0,2025-05-10T00:00:00,5,False
I05270,U0031,P0292,cart,,2.0,2024-06-10T00:00:00,6,False
I05271,U0050,P0414,view,,1.0,2025-01-12T00:00:00,1,False
I05272,U0190,P0178,view,,1.0,2025-03-02T00:00:00,3,False
I05273,U0184,P0137,purchase,,4.0,2025-05-18T00:00:00,5,False
I05274,U0015,P0468,view,,1.0,2025-06-03T00:00:00,6,False
I05275,U0173,P0332,purchase,,4.0,2024-02-03T00:00:00,2,False
I05276,U0224,P0162,cart,,2.0,2025-05-04T00:00:00,5,False
I05277,U0004,P0248,view,,1.0,2025-02-26T00:00:00,2,False
I05278,U0212,P0265,view,,1.0,2024-01-24T00:00:00,1,False
I05279,U0216,P0162,purchase,,4.0,2024-02-24T00:00:00,2,False
I05280,U0026,P0166,view,,1.0,2024-10-07T00:00:00,10,True
I05281,U0036,P0139,view,,1.0,2024-11-22T00:00:00,11,True
I05282,U0202,P0490,view,,1.0,2024-07-04T00:00:00,7,False
I05283,U0239,P0268,view,,1.0,2024-01-12T00:00:00,1,False
I05284,U0129,P0341,purchase,,4.0,2025-03-09T00:00:00,3,False
I05285,U0153,P0316,view,,1.0,2024-07-26T00:00:00,7,False
I05286,U0133,P0373,view,,1.0,2024-12-04T00:00:00,12,False
I05287,U0196,P0366,cart,,2.0,2024-09-18T00:00:00,9,False
I05288,U0026,P0088,cart,,2.0,2025-01-03T00:00:00,1,False
I05289,U0103,P0015,rating,4.6,4.6,2024-07-01T00:00:00,7,False
I05290,U0014,P0015,purchase,,4.0,2025-01-27T00:00:00,1,False
I05291,U0015,P0058,purchase,,4.0,2024-02-06T00:00:00,2,False
I05292,U0178,P0204,purchase,,4.0,2024-03-12T00:00:00,3,False
I05293,U0096,P0459,purchase,,4.0,2024-05-28T00:00:00,5,False
I05294,U0185,P0042,cart,,2.0,2024-04-14T00:00:00,4,False
I05295,U0147,P0307,view,,1.0,2024-08-08T00:00:00,8,False
I05296,U0058,P0316,view,,1.0,2025-01-08T00:00:00,1,False
I05297,U0006,P0104,purchase,,4.0,2024-09-16T00:00:00,9,False
I05298,U0043,P0240,purchase,,4.0,2024-02-11T00:00:00,2,False
I05299,U0003,P0144,view,,1.0,2025-05-06T00:00:00,5,False
I05300,U0183,P0107,purchase,,4.0,2024-02-16T00:00:00,2,False
I05301,U0085,P0203,view,,1.0,2024-02-27T00:00:00,2,False
I05302,U0223,P0328,cart,,2.0,2024-07-27T00:00:00,7,False
I05303,U0211,P0009,view,,1.0,2024-02-08T00:00:00,2,False
I05304,U0131,P0015,cart,,2.0,2025-02-16T00:00:00,2,False
I05305,U0178,P0311,view,,1.0,2025-03-21T00:00:00,3,False
I05306,U0052,P0241,purchase,,4.0,2025-01-08T00:00:00,1,False
I05307,U0014,P0028,view,,1.0,2024-06-04T00:00:00,6,False
I05308,U0186,P0185,view,,1.0,2024-03-30T00:00:00,3,False
I05309,U0135,P0377,purchase,,4.0,2024-12-16T00:00:00,12,False
I05310,U0069,P0154,view,,1.0,2024-06-11T00:00:00,6,False
I05311,U0239,P0448,view,,1.0,2025-01-17T00:00:00,1,False
I05312,U0052,P0469,view,,1.0,2024-03-03T00:00:00,3,False
I05313,U0036,P0243,view,,1.0,2024-03-31T00:00:00,3,False
I05314,U0152,P0444,purchase,,4.0,2025-02-27T00:00:00,2,False
I05315,U0157,P0054,view,,1.0,2024-12-30T00:00:00,12,False
I05316,U0150,P0300,cart,,2.0,2024-09-27T00:00:00,9,False
I05317,U0113,P0457,cart,,2.0,2024-04-25T00:00:00,4,False
I05318,U0192,P0015,view,,1.0,2025-05-30T00:00:00,5,False
I05319,U0075,P0321,cart,,2.0,2024-08-28T00:00:00,8,False
I05320,U0030,P0100,view,,1.0,2024-05-22T00:00:00,5,False
I05321,U0070,P0350,purchase,,4.0,2024-01-16T00:00:00,1,False
I05322,U0111,P0124,purchase,,4.0,2024-04-16T00:00:00,4,False
I05323,U0123,P0191,purchase,,4.0,2024-06-10T00:00:00,6,False
I05324,U0027,P0255,view,,1.0,2024-09-25T00:00:00,9,False
I05325,U0228,P0016,view,,1.0,2024-03-13T00:00:00,3,False
I05326,U0197,P0273,view,,1.0,2024-08-30T00:00:00,8,False
I05327,U0086,P0164,rating,4.4,4.4,2024-09-15T00:00:00,9,False
I05328,U0030,P0344,view,,1.0,2024-05-28T00:00:00,5,False
I05329,U0099,P0179,view,,1.0,2025-01-24T00:00:00,1,False
I05330,U0220,P0140,rating,4.3,4.3,2025-02-19T00:00:00,2,False
I05331,U0160,P0332,view,,1.0,2024-03-26T00:00:00,3,False
I05332,U0216,P0175,purchase,,4.0,2025-02-26T00:00:00,2,False
I05333,U0064,P0315,view,,1.0,2024-04-27T00:00:00,4,False
I05334,U0158,P0232,view,,1.0,2025-02-18T00:00:00,2,False
I05335,U0087,P0296,cart,,2.0,2024-02-09T00:00:00,2,False
I05336,U0161,P0227,purchase,,4.0,2025-02-23T00:00:00,2,False
I05337,U0152,P0429,view,,1.0,2024-04-04T00:00:00,4,False
I05338,U0186,P0141,cart,,2.0,2025-04-10T00:00:00,4,False
I05339,U0032,P0017,view,,1.0,2025-02-15T00:00:00,2,False
I05340,U0144,P0145,view,,1.0,2024-01-18T00:00:00,1,False
I05341,U0136,P0285,cart,,2.0,2025-04-08T00:00:00,4,False
I05342,U0075,P0384,view,,1.0,2024-01-01T00:00:00,1,False
I05343,U0190,P0096,purchase,,4.0,2025-01-15T00:00:00,1,False
I05344,U0204,P0053,view,,1.0,2025-05-19T00:00:00,5,False
I05345,U0038,P0111,view,,1.0,2025-04-20T00:00:00,4,False
I05346,U0045,P0292,cart,,2.0,2024-02-01T00:00:00,2,False
I05347,U0136,P0053,view,,1.0,2024-04-27T00:00:00,4,False
I05348,U0040,P0367,purchase,,4.0,2024-07-02T00:00:00,7,False
I05349,U0191,P0309,cart,,2.0,2024-03-14T00:00:00,3,False
I05350,U0111,P0338,purchase,,4.0,2024-04-12T00:00:00,4,False
I05351,U0103,P0039,purchase,,4.0,2025-02-23T00:00:00,2,False
I05352,U0217,P0158,view,,1.0,2024-04-23T00:00:00,4,False
I05353,U0123,P0444,view,,1.0,2024-11-08T00:00:00,11,True
I05354,U0074,P0100,view,,1.0,2024-12-04T00:00:00,12,False
I05355,U0238,P0415,cart,,2.0,2024-06-21T00:00:00,6,False
I05356,U0079,P0246,purchase,,4.0,2025-04-08T00:00:00,4,False
I05357,U0130,P0166,cart,,2.0,2025-05-15T00:00:00,5,False
I05358,U0050,P0453,cart,,2.0,2024-10-11T00:00:00,10,True
I05359,U0223,P0292,view,,1.0,2024-09-22T00:00:00,9,False
I05360,U0155,P0192,rating,4.4,4.4,2025-01-07T00:00:00,1,False
I05361,U0233,P0147,view,,1.0,2024-08-23T00:00:00,8,False
I05362,U0159,P0426,view,,1.0,2024-11-09T00:00:00,11,True
I05363,U0169,P0329,purchase,,4.0,2025-01-14T00:00:00,1,False
I05364,U0026,P0439,view,,1.0,2025-02-23T00:00:00,2,False
I05365,U0052,P0066,view,,1.0,2025-05-23T00:00:00,5,False
I05366,U0014,P0050,view,,1.0,2024-07-23T00:00:00,7,False
I05367,U0233,P0454,view,,1.0,2024-09-13T00:00:00,9,False
I05368,U0185,P0308,cart,,2.0,2024-05-24T00:00:00,5,False
I05369,U0240,P0110,view,,1.0,2024-01-14T00:00:00,1,False
I05370,U0187,P0075,view,,1.0,2024-12-02T00:00:00,12,False
I05371,U0003,P0255,view,,1.0,2024-02-09T00:00:00,2,False
I05372,U0089,P0373,purchase,,4.0,2025-02-21T00:00:00,2,False
I05373,U0218,P0290,view,,1.0,2024-12-16T00:00:00,12,False
I05374,U0009,P0325,view,,1.0,2024-12-15T00:00:00,12,False
I05375,U0084,P0007,view,,1.0,2024-12-23T00:00:00,12,False
I05376,U0122,P0260,rating,3.4,3.4,2024-06-20T00:00:00,6,False
I05377,U0236,P0432,rating,4.8,4.8,2025-02-13T00:00:00,2,False
I05378,U0057,P0405,view,,1.0,2024-11-27T00:00:00,11,True
I05379,U0152,P0199,cart,,2.0,2024-01-29T00:00:00,1,False
I05380,U0031,P0227,cart,,2.0,2024-01-19T00:00:00,1,False
I05381,U0148,P0109,view,,1.0,2025-04-15T00:00:00,4,False
I05382,U0235,P0309,cart,,2.0,2024-10-09T00:00:00,10,True
I05383,U0094,P0480,cart,,2.0,2024-04-22T00:00:00,4,False
I05384,U0199,P0429,view,,1.0,2024-11-25T00:00:00,11,True
I05385,U0087,P0360,view,,1.0,2025-02-02T00:00:00,2,False
I05386,U0094,P0275,view,,1.0,2025-05-22T00:00:00,5,False
I05387,U0132,P0203,rating,3.9,3.9,2025-04-10T00:00:00,4,False
I05388,U0034,P0432,rating,3.9,3.9,2024-06-04T00:00:00,6,False
I05389,U0014,P0091,view,,1.0,2024-06-10T00:00:00,6,False
I05390,U0112,P0430,purchase,,4.0,2024-04-06T00:00:00,4,False
I05391,U0121,P0008,view,,1.0,2025-03-25T00:00:00,3,False
I05392,U0226,P0116,view,,1.0,2024-04-26T00:00:00,4,False
I05393,U0093,P0044,rating,4.0,4.0,2025-05-20T00:00:00,5,False
I05394,U0202,P0005,view,,1.0,2024-06-28T00:00:00,6,False
I05395,U0018,P0121,view,,1.0,2024-06-29T00:00:00,6,False
I05396,U0191,P0060,view,,1.0,2024-10-13T00:00:00,10,True
I05397,U0219,P0203,view,,1.0,2024-09-18T00:00:00,9,False
I05398,U0011,P0371,view,,1.0,2024-06-10T00:00:00,6,False
I05399,U0231,P0104,view,,1.0,2024-06-29T00:00:00,6,False
I05400,U0213,P0380,view,,1.0,2025-04-13T00:00:00,4,False
I05401,U0018,P0142,view,,1.0,2024-01-21T00:00:00,1,False
I05402,U0019,P0011,rating,4.8,4.8,2024-09-16T00:00:00,9,False
I05403,U0077,P0169,view,,1.0,2025-04-10T00:00:00,4,False
I05404,U0116,P0256,cart,,2.0,2025-02-16T00:00:00,2,False
I05405,U0025,P0188,view,,1.0,2024-09-13T00:00:00,9,False
I05406,U0168,P0459,view,,1.0,2024-01-15T00:00:00,1,False
I05407,U0050,P0159,cart,,2.0,2024-10-30T00:00:00,10,True
I05408,U0231,P0383,cart,,2.0,2025-02-19T00:00:00,2,False
I05409,U0049,P0050,cart,,2.0,2024-07-14T00:00:00,7,False
I05410,U0108,P0065,cart,,2.0,2025-01-22T00:00:00,1,False
I05411,U0193,P0172,view,,1.0,2025-03-30T00:00:00,3,False
I05412,U0201,P0333,view,,1.0,2024-11-05T00:00:00,11,True
I05413,U0127,P0477,view,,1.0,2024-06-23T00:00:00,6,False
I05414,U0134,P0386,purchase,,4.0,2024-03-06T00:00:00,3,False
I05415,U0137,P0203,cart,,2.0,2024-12-30T00:00:00,12,False
I05416,U0023,P0352,cart,,2.0,2024-12-28T00:00:00,12,False
I05417,U0237,P0482,cart,,2.0,2024-06-19T00:00:00,6,False
I05418,U0051,P0367,cart,,2.0,2024-11-23T00:00:00,11,True
I05419,U0103,P0283,view,,1.0,2024-05-24T00:00:00,5,False
I05420,U0018,P0004,purchase,,4.0,2024-06-03T00:00:00,6,False
I05421,U0143,P0137,view,,1.0,2025-05-22T00:00:00,5,False
I05422,U0081,P0480,cart,,2.0,2024-12-28T00:00:00,12,False
I05423,U0069,P0096,view,,1.0,2024-10-24T00:00:00,10,True
I05424,U0238,P0002,view,,1.0,2024-10-30T00:00:00,10,True
I05425,U0211,P0035,view,,1.0,2024-08-26T00:00:00,8,False
I05426,U0138,P0482,view,,1.0,2025-05-31T00:00:00,5,False
I05427,U0116,P0399,view,,1.0,2024-06-24T00:00:00,6,False
I05428,U0117,P0185,view,,1.0,2025-02-13T00:00:00,2,False
I05429,U0214,P0081,view,,1.0,2024-12-29T00:00:00,12,False
I05430,U0023,P0238,view,,1.0,2024-11-13T00:00:00,11,True
I05431,U0013,P0234,cart,,2.0,2024-10-02T00:00:00,10,True
I05432,U0092,P0218,view,,1.0,2024-08-16T00:00:00,8,False
I05433,U0152,P0309,view,,1.0,2024-04-17T00:00:00,4,False
I05434,U0033,P0051,purchase,,4.0,2024-06-24T00:00:00,6,False
I05435,U0064,P0136,rating,4.8,4.8,2024-10-12T00:00:00,10,True
I05436,U0145,P0379,purchase,,4.0,2024-12-21T00:00:00,12,False
I05437,U0014,P0428,view,,1.0,2024-10-01T00:00:00,10,True
I05438,U0071,P0261,cart,,2.0,2024-07-13T00:00:00,7,False
I05439,U0097,P0292,cart,,2.0,2024-04-15T00:00:00,4,False
I05440,U0002,P0157,cart,,2.0,2024-07-14T00:00:00,7,False
I05441,U0145,P0330,purchase,,4.0,2024-12-15T00:00:00,12,False
I05442,U0168,P0390,view,,1.0,2025-04-15T00:00:00,4,False
I05443,U0174,P0017,purchase,,4.0,2024-08-03T00:00:00,8,False
I05444,U0093,P0277,purchase,,4.0,2024-09-16T00:00:00,9,False
I05445,U0166,P0214,cart,,2.0,2024-10-11T00:00:00,10,True
I05446,U0228,P0136,cart,,2.0,2025-01-06T00:00:00,1,False
I05447,U0070,P0122,view,,1.0,2025-01-13T00:00:00,1,False
I05448,U0023,P0116,rating,4.3,4.3,2024-10-28T00:00:00,10,True
I05449,U0172,P0008,view,,1.0,2024-09-20T00:00:00,9,False
I05450,U0183,P0221,view,,1.0,2025-02-27T00:00:00,2,False
I05451,U0213,P0005,cart,,2.0,2024-04-09T00:00:00,4,False
I05452,U0061,P0202,view,,1.0,2024-04-21T00:00:00,4,False
I05453,U0052,P0225,purchase,,4.0,2025-04-19T00:00:00,4,False
I05454,U0036,P0299,rating,4.4,4.4,2024-04-21T00:00:00,4,False
I05455,U0165,P0361,view,,1.0,2024-03-30T00:00:00,3,False
I05456,U0232,P0387,view,,1.0,2025-03-30T00:00:00,3,False
I05457,U0238,P0286,view,,1.0,2024-02-27T00:00:00,2,False
I05458,U0030,P0420,cart,,2.0,2025-02-05T00:00:00,2,False
I05459,U0238,P0169,cart,,2.0,2025-06-02T00:00:00,6,False
I05460,U0197,P0340,purchase,,4.0,2024-02-15T00:00:00,2,False
I05461,U0018,P0431,rating,4.4,4.4,2025-01-31T00:00:00,1,False
I05462,U0153,P0363,cart,,2.0,2024-03-14T00:00:00,3,False
I05463,U0160,P0293,view,,1.0,2024-11-30T00:00:00,11,True
I05464,U0079,P0448,purchase,,4.0,2024-10-22T00:00:00,10,True
I05465,U0084,P0449,view,,1.0,2024-01-15T00:00:00,1,False
I05466,U0099,P0066,view,,1.0,2024-05-13T00:00:00,5,False
I05467,U0222,P0020,cart,,2.0,2024-11-14T00:00:00,11,True
I05468,U0136,P0429,view,,1.0,2025-04-23T00:00:00,4,False
I05469,U0128,P0440,view,,1.0,2025-01-02T00:00:00,1,False
I05470,U0111,P0089,view,,1.0,2024-10-14T00:00:00,10,True
I05471,U0045,P0082,view,,1.0,2025-01-12T00:00:00,1,False
I05472,U0180,P0381,cart,,2.0,2025-04-07T00:00:00,4,False
I05473,U0082,P0192,view,,1.0,2024-01-13T00:00:00,1,False
I05474,U0024,P0322,view,,1.0,2024-06-16T00:00:00,6,False
I05475,U0014,P0124,cart,,2.0,2024-03-10T00:00:00,3,False
I05476,U0062,P0442,view,,1.0,2025-01-10T00:00:00,1,False
I05477,U0089,P0403,purchase,,4.0,2024-09-13T00:00:00,9,False
I05478,U0217,P0196,purchase,,4.0,2025-03-25T00:00:00,3,False
I05479,U0126,P0111,purchase,,4.0,2024-05-20T00:00:00,5,False
I05480,U0161,P0349,cart,,2.0,2024-02-01T00:00:00,2,False
I05481,U0056,P0224,view,,1.0,2024-05-31T00:00:00,5,False
I05482,U0091,P0399,view,,1.0,2024-09-16T00:00:00,9,False
I05483,U0216,P0400,cart,,2.0,2024-10-05T00:00:00,10,True
I05484,U0029,P0043,view,,1.0,2024-05-27T00:00:00,5,False
I05485,U0144,P0456,view,,1.0,2024-03-07T00:00:00,3,False
I05486,U0177,P0437,view,,1.0,2024-10-05T00:00:00,10,True
I05487,U0236,P0113,view,,1.0,2025-03-18T00:00:00,3,False
I05488,U0129,P0170,cart,,2.0,2025-02-02T00:00:00,2,False
I05489,U0128,P0415,view,,1.0,2024-12-02T00:00:00,12,False
I05490,U0226,P0113,cart,,2.0,2024-07-04T00:00:00,7,False
I05491,U0169,P0004,view,,1.0,2024-09-16T00:00:00,9,False
I05492,U0205,P0332,view,,1.0,2025-05-21T00:00:00,5,False
I05493,U0009,P0209,view,,1.0,2025-04-15T00:00:00,4,False
I05494,U0161,P0420,view,,1.0,2024-10-15T00:00:00,10,True
I05495,U0084,P0276,view,,1.0,2025-05-16T00:00:00,5,False
I05496,U0106,P0058,view,,1.0,2025-04-19T00:00:00,4,False
I05497,U0085,P0055,view,,1.0,2025-04-07T00:00:00,4,False
I05498,U0227,P0351,cart,,2.0,2024-06-01T00:00:00,6,False
I05499,U0055,P0015,purchase,,4.0,2024-05-28T00:00:00,5,False
I05500,U0188,P0471,view,,1.0,2024-05-10T00:00:00,5,False
I05501,U0196,P0381,view,,1.0,2025-05-30T00:00:00,5,False
I05502,U0235,P0052,purchase,,4.0,2025-04-20T00:00:00,4,False
I05503,U0007,P0154,view,,1.0,2025-04-03T00:00:00,4,False
I05504,U0024,P0408,cart,,2.0,2024-10-21T00:00:00,10,True
I05505,U0147,P0122,cart,,2.0,2025-03-10T00:00:00,3,False
I05506,U0019,P0442,view,,1.0,2024-11-03T00:00:00,11,True
I05507,U0214,P0036,view,,1.0,2025-01-10T00:00:00,1,False
I05508,U0158,P0176,view,,1.0,2024-07-22T00:00:00,7,False
I05509,U0221,P0093,cart,,2.0,2024-03-15T00:00:00,3,False
I05510,U0124,P0249,view,,1.0,2024-10-30T00:00:00,10,True
I05511,U0062,P0121,view,,1.0,2024-04-17T00:00:00,4,False
I05512,U0187,P0128,view,,1.0,2024-08-16T00:00:00,8,False
I05513,U0048,P0181,view,,1.0,2024-09-24T00:00:00,9,False
I05514,U0215,P0264,view,,1.0,2024-09-10T00:00:00,9,False
I05515,U0189,P0292,view,,1.0,2024-03-27T00:00:00,3,False
I05516,U0181,P0223,view,,1.0,2024-01-25T00:00:00,1,False
I05517,U0190,P0383,view,,1.0,2025-01-22T00:00:00,1,False
I05518,U0222,P0500,cart,,2.0,2025-01-31T00:00:00,1,False
I05519,U0170,P0112,view,,1.0,2025-05-25T00:00:00,5,False
I05520,U0049,P0348,view,,1.0,2025-03-15T00:00:00,3,False
I05521,U0175,P0319,cart,,2.0,2024-11-06T00:00:00,11,True
I05522,U0216,P0423,view,,1.0,2024-09-30T00:00:00,9,False
I05523,U0035,P0386,purchase,,4.0,2024-08-04T00:00:00,8,False
I05524,U0209,P0475,view,,1.0,2025-02-11T00:00:00,2,False
I05525,U0007,P0211,cart,,2.0,2024-09-25T00:00:00,9,False
I05526,U0126,P0299,view,,1.0,2025-04-19T00:00:00,4,False
I05527,U0112,P0445,purchase,,4.0,2024-11-20T00:00:00,11,True
I05528,U0100,P0058,view,,1.0,2024-03-30T00:00:00,3,False
I05529,U0042,P0134,view,,1.0,2024-12-30T00:00:00,12,False
I05530,U0159,P0279,view,,1.0,2024-07-20T00:00:00,7,False
I05531,U0110,P0076,view,,1.0,2024-10-14T00:00:00,10,True
I05532,U0091,P0377,view,,1.0,2025-04-25T00:00:00,4,False
I05533,U0125,P0093,view,,1.0,2025-05-15T00:00:00,5,False
I05534,U0126,P0199,view,,1.0,2024-02-21T00:00:00,2,False
I05535,U0148,P0230,cart,,2.0,2024-04-12T00:00:00,4,False
I05536,U0105,P0024,view,,1.0,2025-02-27T00:00:00,2,False
I05537,U0187,P0066,cart,,2.0,2024-07-23T00:00:00,7,False
I05538,U0014,P0007,view,,1.0,2025-04-14T00:00:00,4,False
I05539,U0210,P0284,view,,1.0,2024-10-30T00:00:00,10,True
I05540,U0093,P0387,purchase,,4.0,2025-03-02T00:00:00,3,False
I05541,U0144,P0120,purchase,,4.0,2024-04-19T00:00:00,4,False
I05542,U0163,P0188,view,,1.0,2025-05-29T00:00:00,5,False
I05543,U0068,P0323,view,,1.0,2024-09-02T00:00:00,9,False
I05544,U0133,P0016,view,,1.0,2024-11-03T00:00:00,11,True
I05545,U0157,P0367,view,,1.0,2024-12-17T00:00:00,12,False
I05546,U0031,P0343,cart,,2.0,2024-03-06T00:00:00,3,False
I05547,U0204,P0438,view,,1.0,2024-12-12T00:00:00,12,False
I05548,U0069,P0152,view,,1.0,2024-02-02T00:00:00,2,False
I05549,U0068,P0228,cart,,2.0,2024-07-05T00:00:00,7,False
I05550,U0192,P0288,cart,,2.0,2024-07-31T00:00:00,7,False
I05551,U0088,P0184,view,,1.0,2025-03-03T00:00:00,3,False
I05552,U0095,P0146,purchase,,4.0,2024-04-17T00:00:00,4,False
I05553,U0240,P0301,view,,1.0,2024-08-03T00:00:00,8,False
I05554,U0177,P0256,purchase,,4.0,2024-11-25T00:00:00,11,True
I05555,U0049,P0344,view,,1.0,2025-03-25T00:00:00,3,False
I05556,U0095,P0020,view,,1.0,2025-03-22T00:00:00,3,False
I05557,U0025,P0110,rating,4.1,4.1,2024-06-27T00:00:00,6,False
I05558,U0198,P0355,rating,3.9,3.9,2024-03-24T00:00:00,3,False
I05559,U0157,P0310,view,,1.0,2024-03-25T00:00:00,3,False
I05560,U0201,P0338,cart,,2.0,2025-04-20T00:00:00,4,False
I05561,U0119,P0088,cart,,2.0,2024-03-12T00:00:00,3,False
I05562,U0223,P0471,rating,2.7,2.7,2024-10-02T00:00:00,10,True
I05563,U0061,P0058,view,,1.0,2025-04-15T00:00:00,4,False
I05564,U0198,P0459,view,,1.0,2024-01-07T00:00:00,1,False
I05565,U0188,P0214,view,,1.0,2024-01-04T00:00:00,1,False
I05566,U0231,P0109,view,,1.0,2024-05-04T00:00:00,5,False
I05567,U0015,P0396,view,,1.0,2024-08-27T00:00:00,8,False
I05568,U0007,P0113,view,,1.0,2024-12-25T00:00:00,12,False
I05569,U0006,P0052,view,,1.0,2024-11-15T00:00:00,11,True
I05570,U0231,P0130,view,,1.0,2024-01-30T00:00:00,1,False
I05571,U0022,P0434,view,,1.0,2024-06-04T00:00:00,6,False
I05572,U0118,P0413,view,,1.0,2025-02-02T00:00:00,2,False
I05573,U0090,P0465,view,,1.0,2024-07-13T00:00:00,7,False
I05574,U0168,P0285,view,,1.0,2025-01-11T00:00:00,1,False
I05575,U0233,P0063,view,,1.0,2024-12-27T00:00:00,12,False
I05576,U0226,P0414,view,,1.0,2024-08-31T00:00:00,8,False
I05577,U0069,P0135,purchase,,4.0,2024-06-19T00:00:00,6,False
I05578,U0001,P0401,view,,1.0,2025-02-09T00:00:00,2,False
I05579,U0062,P0276,cart,,2.0,2024-07-25T00:00:00,7,False
I05580,U0154,P0457,purchase,,4.0,2024-02-17T00:00:00,2,False
I05581,U0137,P0235,view,,1.0,2024-01-01T00:00:00,1,False
I05582,U0235,P0457,rating,5.0,5.0,2025-02-10T00:00:00,2,False
I05583,U0107,P0242,purchase,,4.0,2024-06-21T00:00:00,6,False
I05584,U0130,P0173,purchase,,4.0,2025-02-01T00:00:00,2,False
I05585,U0038,P0437,purchase,,4.0,2025-03-22T00:00:00,3,False
I05586,U0082,P0355,view,,1.0,2024-01-16T00:00:00,1,False
I05587,U0127,P0046,view,,1.0,2024-12-14T00:00:00,12,False
I05588,U0236,P0401,cart,,2.0,2024-07-21T00:00:00,7,False
I05589,U0134,P0349,view,,1.0,2025-05-22T00:00:00,5,False
I05590,U0066,P0363,view,,1.0,2025-04-24T00:00:00,4,False
I05591,U0095,P0147,view,,1.0,2025-04-03T00:00:00,4,False
I05592,U0086,P0209,view,,1.0,2024-06-07T00:00:00,6,False
I05593,U0161,P0002,cart,,2.0,2024-09-10T00:00:00,9,False
I05594,U0216,P0449,view,,1.0,2024-06-03T00:00:00,6,False
I05595,U0230,P0050,cart,,2.0,2025-03-07T00:00:00,3,False
I05596,U0027,P0092,view,,1.0,2024-01-12T00:00:00,1,False
I05597,U0067,P0029,view,,1.0,2024-04-05T00:00:00,4,False
I05598,U0215,P0260,view,,1.0,2024-07-12T00:00:00,7,False
I05599,U0135,P0233,cart,,2.0,2024-10-16T00:00:00,10,True
I05600,U0032,P0255,view,,1.0,2024-02-08T00:00:00,2,False
I05601,U0096,P0191,view,,1.0,2024-07-24T00:00:00,7,False
I05602,U0131,P0493,view,,1.0,2025-04-28T00:00:00,4,False
I05603,U0081,P0162,rating,3.2,3.2,2025-05-10T00:00:00,5,False
I05604,U0063,P0253,view,,1.0,2024-05-17T00:00:00,5,False
I05605,U0180,P0241,cart,,2.0,2025-04-01T00:00:00,4,False
I05606,U0046,P0067,view,,1.0,2025-03-19T00:00:00,3,False
I05607,U0097,P0053,view,,1.0,2025-02-14T00:00:00,2,False
I05608,U0166,P0439,view,,1.0,2025-03-28T00:00:00,3,False
I05609,U0163,P0245,purchase,,4.0,2025-03-25T00:00:00,3,False
I05610,U0227,P0009,view,,1.0,2024-04-24T00:00:00,4,False
I05611,U0051,P0087,cart,,2.0,2025-01-03T00:00:00,1,False
I05612,U0146,P0233,cart,,2.0,2025-05-29T00:00:00,5,False
I05613,U0210,P0008,view,,1.0,2025-03-10T00:00:00,3,False
I05614,U0009,P0402,view,,1.0,2024-08-14T00:00:00,8,False
I05615,U0151,P0461,view,,1.0,2024-09-24T00:00:00,9,False
I05616,U0116,P0255,view,,1.0,2024-12-25T00:00:00,12,False
I05617,U0073,P0379,view,,1.0,2024-02-09T00:00:00,2,False
I05618,U0182,P0482,purchase,,4.0,2025-05-04T00:00:00,5,False
I05619,U0209,P0269,view,,1.0,2024-09-29T00:00:00,9,False
I05620,U0119,P0467,view,,1.0,2025-01-16T00:00:00,1,False
I05621,U0178,P0206,purchase,,4.0,2024-09-14T00:00:00,9,False
I05622,U0227,P0223,view,,1.0,2025-05-23T00:00:00,5,False
I05623,U0092,P0116,rating,4.5,4.5,2024-06-09T00:00:00,6,False
I05624,U0149,P0314,cart,,2.0,2024-04-26T00:00:00,4,False
I05625,U0202,P0404,view,,1.0,2024-02-14T00:00:00,2,False
I05626,U0009,P0006,view,,1.0,2024-08-21T00:00:00,8,False
I05627,U0119,P0426,cart,,2.0,2024-07-15T00:00:00,7,False
I05628,U0025,P0127,view,,1.0,2025-01-29T00:00:00,1,False
I05629,U0202,P0366,cart,,2.0,2024-02-05T00:00:00,2,False
I05630,U0218,P0271,view,,1.0,2024-08-10T00:00:00,8,False
I05631,U0096,P0276,view,,1.0,2024-07-06T00:00:00,7,False
I05632,U0146,P0083,purchase,,4.0,2024-09-13T00:00:00,9,False
I05633,U0142,P0274,view,,1.0,2024-05-15T00:00:00,5,False
I05634,U0194,P0356,cart,,2.0,2025-03-19T00:00:00,3,False
I05635,U0162,P0158,view,,1.0,2024-10-18T00:00:00,10,True
I05636,U0062,P0404,view,,1.0,2024-05-08T00:00:00,5,False
I05637,U0085,P0490,view,,1.0,2024-09-13T00:00:00,9,False
I05638,U0224,P0165,view,,1.0,2024-04-09T00:00:00,4,False
I05639,U0039,P0219,view,,1.0,2024-09-19T00:00:00,9,False
I05640,U0150,P0267,view,,1.0,2024-11-25T00:00:00,11,True
I05641,U0120,P0380,view,,1.0,2024-08-06T00:00:00,8,False
I05642,U0138,P0072,view,,1.0,2024-05-02T00:00:00,5,False
I05643,U0118,P0025,view,,1.0,2025-06-01T00:00:00,6,False
I05644,U0021,P0240,view,,1.0,2024-07-08T00:00:00,7,False
I05645,U0225,P0054,view,,1.0,2025-04-10T00:00:00,4,False
I05646,U0099,P0086,cart,,2.0,2024-12-28T00:00:00,12,False
I05647,U0229,P0379,view,,1.0,2024-03-23T00:00:00,3,False
I05648,U0181,P0169,view,,1.0,2024-02-25T00:00:00,2,False
I05649,U0190,P0273,cart,,2.0,2024-01-22T00:00:00,1,False
I05650,U0068,P0152,purchase,,4.0,2024-07-03T00:00:00,7,False
I05651,U0010,P0439,purchase,,4.0,2024-09-20T00:00:00,9,False
I05652,U0225,P0339,view,,1.0,2024-02-07T00:00:00,2,False
I05653,U0235,P0050,view,,1.0,2024-05-02T00:00:00,5,False
I05654,U0062,P0026,view,,1.0,2024-06-04T00:00:00,6,False
I05655,U0138,P0434,cart,,2.0,2024-10-27T00:00:00,10,True
I05656,U0065,P0063,view,,1.0,2024-03-07T00:00:00,3,False
I05657,U0137,P0435,view,,1.0,2025-01-28T00:00:00,1,False
I05658,U0140,P0381,cart,,2.0,2025-02-08T00:00:00,2,False
I05659,U0193,P0254,view,,1.0,2024-05-10T00:00:00,5,False
I05660,U0069,P0119,rating,3.7,3.7,2024-12-10T00:00:00,12,False
I05661,U0113,P0160,cart,,2.0,2024-05-14T00:00:00,5,False
I05662,U0007,P0445,purchase,,4.0,2024-04-20T00:00:00,4,False
I05663,U0231,P0259,rating,3.6,3.6,2024-10-09T00:00:00,10,True
I05664,U0008,P0474,view,,1.0,2024-07-12T00:00:00,7,False
I05665,U0199,P0162,rating,3.2,3.2,2024-02-16T00:00:00,2,False
I05666,U0114,P0367,view,,1.0,2024-05-10T00:00:00,5,False
I05667,U0014,P0474,view,,1.0,2024-03-01T00:00:00,3,False
I05668,U0164,P0478,view,,1.0,2024-09-28T00:00:00,9,False
I05669,U0208,P0341,view,,1.0,2024-05-12T00:00:00,5,False
I05670,U0217,P0456,rating,3.8,3.8,2025-03-09T00:00:00,3,False
I05671,U0038,P0169,cart,,2.0,2024-11-14T00:00:00,11,True
I05672,U0120,P0466,view,,1.0,2025-04-18T00:00:00,4,False
I05673,U0059,P0298,cart,,2.0,2025-05-13T00:00:00,5,False
I05674,U0218,P0360,view,,1.0,2024-05-08T00:00:00,5,False
I05675,U0136,P0117,cart,,2.0,2025-01-17T00:00:00,1,False
I05676,U0132,P0168,view,,1.0,2024-03-25T00:00:00,3,False
I05677,U0214,P0133,view,,1.0,2025-03-12T00:00:00,3,False
I05678,U0058,P0250,cart,,2.0,2024-10-19T00:00:00,10,True
I05679,U0049,P0169,view,,1.0,2024-03-07T00:00:00,3,False
I05680,U0019,P0356,purchase,,4.0,2024-05-08T00:00:00,5,False
I05681,U0029,P0380,view,,1.0,2024-12-08T00:00:00,12,False
I05682,U0033,P0140,view,,1.0,2024-04-28T00:00:00,4,False
I05683,U0180,P0427,view,,1.0,2024-05-12T00:00:00,5,False
I05684,U0071,P0042,cart,,2.0,2024-07-03T00:00:00,7,False
I05685,U0134,P0436,cart,,2.0,2024-08-28T00:00:00,8,False
I05686,U0077,P0499,view,,1.0,2025-05-30T00:00:00,5,False
I05687,U0072,P0253,cart,,2.0,2024-06-13T00:00:00,6,False
I05688,U0159,P0202,view,,1.0,2024-08-05T00:00:00,8,False
I05689,U0235,P0284,rating,2.7,2.7,2024-01-05T00:00:00,1,False
I05690,U0116,P0009,view,,1.0,2024-01-07T00:00:00,1,False
I05691,U0158,P0197,view,,1.0,2025-05-29T00:00:00,5,False
I05692,U0051,P0266,view,,1.0,2024-03-13T00:00:00,3,False
I05693,U0010,P0445,view,,1.0,2024-05-01T00:00:00,5,False
I05694,U0175,P0314,cart,,2.0,2025-05-27T00:00:00,5,False
I05695,U0222,P0403,view,,1.0,2025-03-16T00:00:00,3,False
I05696,U0038,P0244,view,,1.0,2024-12-10T00:00:00,12,False
I05697,U0198,P0340,rating,4.7,4.7,2024-12-03T00:00:00,12,False
I05698,U0193,P0377,view,,1.0,2024-07-02T00:00:00,7,False
I05699,U0067,P0213,view,,1.0,2024-01-17T00:00:00,1,False
I05700,U0127,P0447,rating,3.6,3.6,2025-01-02T00:00:00,1,False
I05701,U0209,P0226,view,,1.0,2024-12-10T00:00:00,12,False
I05702,U0190,P0449,view,,1.0,2025-04-17T00:00:00,4,False
I05703,U0115,P0404,view,,1.0,2024-04-09T00:00:00,4,False
I05704,U0117,P0103,cart,,2.0,2025-03-13T00:00:00,3,False
I05705,U0089,P0110,cart,,2.0,2024-12-14T00:00:00,12,False
I05706,U0139,P0336,view,,1.0,2024-11-19T00:00:00,11,True
I05707,U0078,P0458,view,,1.0,2024-10-28T00:00:00,10,True
I05708,U0038,P0175,view,,1.0,2024-10-18T00:00:00,10,True
I05709,U0074,P0293,rating,3.8,3.8,2025-04-28T00:00:00,4,False
I05710,U0016,P0229,rating,3.9,3.9,2024-12-01T00:00:00,12,False
I05711,U0232,P0089,view,,1.0,2024-07-13T00:00:00,7,False
I05712,U0065,P0084,view,,1.0,2024-10-03T00:00:00,10,True
I05713,U0237,P0138,view,,1.0,2024-08-11T00:00:00,8,False
I05714,U0033,P0070,cart,,2.0,2024-10-04T00:00:00,10,True
I05715,U0222,P0116,purchase,,4.0,2024-12-31T00:00:00,12,False
I05716,U0004,P0459,purchase,,4.0,2024-08-02T00:00:00,8,False
I05717,U0183,P0440,rating,3.8,3.8,2025-03-03T00:00:00,3,False
I05718,U0217,P0326,view,,1.0,2025-01-30T00:00:00,1,False
I05719,U0209,P0449,view,,1.0,2025-05-15T00:00:00,5,False
I05720,U0207,P0356,view,,1.0,2024-08-14T00:00:00,8,False
I05721,U0119,P0461,view,,1.0,2025-05-14T00:00:00,5,False
I05722,U0180,P0067,cart,,2.0,2024-04-02T00:00:00,4,False
I05723,U0204,P0414,rating,4.3,4.3,2024-11-16T00:00:00,11,True
I05724,U0049,P0457,cart,,2.0,2025-03-31T00:00:00,3,False
I05725,U0022,P0299,view,,1.0,2025-01-27T00:00:00,1,False
I05726,U0149,P0237,view,,1.0,2024-04-04T00:00:00,4,False
I05727,U0191,P0244,view,,1.0,2024-04-16T00:00:00,4,False
I05728,U0134,P0276,view,,1.0,2024-03-11T00:00:00,3,False
I05729,U0152,P0269,view,,1.0,2025-01-10T00:00:00,1,False
I05730,U0215,P0115,view,,1.0,2025-01-02T00:00:00,1,False
I05731,U0051,P0004,view,,1.0,2024-05-22T00:00:00,5,False
I05732,U0163,P0206,purchase,,4.0,2025-05-14T00:00:00,5,False
I05733,U0118,P0393,view,,1.0,2024-06-15T00:00:00,6,False
I05734,U0236,P0062,view,,1.0,2024-09-16T00:00:00,9,False
I05735,U0192,P0391,view,,1.0,2024-07-20T00:00:00,7,False
I05736,U0006,P0252,view,,1.0,2024-07-03T00:00:00,7,False
I05737,U0158,P0380,view,,1.0,2024-04-08T00:00:00,4,False
I05738,U0235,P0141,view,,1.0,2024-07-20T00:00:00,7,False
I05739,U0122,P0369,view,,1.0,2025-05-23T00:00:00,5,False
I05740,U0117,P0052,cart,,2.0,2024-04-05T00:00:00,4,False
I05741,U0234,P0438,view,,1.0,2025-05-04T00:00:00,5,False
I05742,U0067,P0016,view,,1.0,2024-08-05T00:00:00,8,False
I05743,U0015,P0155,view,,1.0,2024-09-29T00:00:00,9,False
I05744,U0219,P0373,view,,1.0,2024-11-27T00:00:00,11,True
I05745,U0088,P0058,rating,3.6,3.6,2025-03-28T00:00:00,3,False
I05746,U0152,P0016,cart,,2.0,2024-12-12T00:00:00,12,False
I05747,U0048,P0472,cart,,2.0,2025-02-17T00:00:00,2,False
I05748,U0015,P0327,view,,1.0,2025-03-06T00:00:00,3,False
I05749,U0123,P0123,purchase,,4.0,2025-03-03T00:00:00,3,False
I05750,U0098,P0107,view,,1.0,2024-03-24T00:00:00,3,False
I05751,U0192,P0434,purchase,,4.0,2024-02-10T00:00:00,2,False
I05752,U0096,P0114,view,,1.0,2024-11-04T00:00:00,11,True
I05753,U0122,P0428,rating,4.1,4.1,2024-05-15T00:00:00,5,False
I05754,U0046,P0199,view,,1.0,2024-05-05T00:00:00,5,False
I05755,U0101,P0043,purchase,,4.0,2025-02-03T00:00:00,2,False
I05756,U0079,P0131,cart,,2.0,2025-01-23T00:00:00,1,False
I05757,U0067,P0274,view,,1.0,2024-03-14T00:00:00,3,False
I05758,U0005,P0359,view,,1.0,2025-04-07T00:00:00,4,False
I05759,U0082,P0151,purchase,,4.0,2025-02-08T00:00:00,2,False
I05760,U0002,P0275,view,,1.0,2024-10-04T00:00:00,10,True
I05761,U0072,P0070,purchase,,4.0,2024-08-11T00:00:00,8,False
I05762,U0072,P0203,purchase,,4.0,2024-03-08T00:00:00,3,False
I05763,U0064,P0106,view,,1.0,2024-01-19T00:00:00,1,False
I05764,U0128,P0433,rating,4.1,4.1,2024-12-08T00:00:00,12,False
I05765,U0082,P0006,cart,,2.0,2024-12-08T00:00:00,12,False
I05766,U0097,P0412,cart,,2.0,2024-02-21T00:00:00,2,False
I05767,U0175,P0308,rating,4.6,4.6,2024-12-03T00:00:00,12,False
I05768,U0231,P0234,view,,1.0,2024-08-13T00:00:00,8,False
I05769,U0167,P0251,rating,4.4,4.4,2024-01-19T00:00:00,1,False
I05770,U0031,P0430,view,,1.0,2024-01-24T00:00:00,1,False
I05771,U0069,P0430,purchase,,4.0,2024-07-29T00:00:00,7,False
I05772,U0193,P0387,rating,3.4,3.4,2024-06-09T00:00:00,6,False
I05773,U0101,P0429,view,,1.0,2024-06-17T00:00:00,6,False
I05774,U0012,P0287,purchase,,4.0,2024-08-29T00:00:00,8,False
I05775,U0119,P0039,view,,1.0,2024-05-18T00:00:00,5,False
I05776,U0097,P0241,purchase,,4.0,2024-05-26T00:00:00,5,False
I05777,U0182,P0435,purchase,,4.0,2024-02-26T00:00:00,2,False
I05778,U0042,P0223,view,,1.0,2024-01-02T00:00:00,1,False
I05779,U0211,P0303,cart,,2.0,2024-10-14T00:00:00,10,True
I05780,U0138,P0264,view,,1.0,2025-05-26T00:00:00,5,False
I05781,U0136,P0084,view,,1.0,2024-08-09T00:00:00,8,False
I05782,U0075,P0163,cart,,2.0,2025-02-07T00:00:00,2,False
I05783,U0148,P0345,cart,,2.0,2024-05-06T00:00:00,5,False
I05784,U0009,P0072,cart,,2.0,2024-01-15T00:00:00,1,False
I05785,U0226,P0224,view,,1.0,2024-04-14T00:00:00,4,False
I05786,U0233,P0208,view,,1.0,2025-05-07T00:00:00,5,False
I05787,U0063,P0152,purchase,,4.0,2024-08-06T00:00:00,8,False
I05788,U0021,P0134,view,,1.0,2024-12-06T00:00:00,12,False
I05789,U0196,P0202,cart,,2.0,2025-01-03T00:00:00,1,False
I05790,U0176,P0048,view,,1.0,2025-04-18T00:00:00,4,False
I05791,U0190,P0427,view,,1.0,2025-02-22T00:00:00,2,False
I05792,U0198,P0153,cart,,2.0,2025-05-09T00:00:00,5,False
I05793,U0039,P0211,view,,1.0,2024-06-10T00:00:00,6,False
I05794,U0234,P0266,view,,1.0,2024-04-30T00:00:00,4,False
I05795,U0124,P0269,cart,,2.0,2025-02-02T00:00:00,2,False
I05796,U0006,P0338,view,,1.0,2024-05-08T00:00:00,5,False
I05797,U0065,P0025,purchase,,4.0,2024-12-21T00:00:00,12,False
I05798,U0148,P0098,view,,1.0,2025-03-07T00:00:00,3,False
I05799,U0072,P0018,view,,1.0,2024-03-05T00:00:00,3,False
I05800,U0218,P0226,cart,,2.0,2025-03-02T00:00:00,3,False
I05801,U0049,P0429,view,,1.0,2024-03-14T00:00:00,3,False
I05802,U0204,P0430,view,,1.0,2025-02-28T00:00:00,2,False
I05803,U0199,P0379,view,,1.0,2024-07-10T00:00:00,7,False
I05804,U0189,P0429,view,,1.0,2024-01-12T00:00:00,1,False
I05805,U0239,P0180,view,,1.0,2025-03-28T00:00:00,3,False
I05806,U0127,P0481,cart,,2.0,2024-02-17T00:00:00,2,False
I05807,U0061,P0098,cart,,2.0,2024-07-27T00:00:00,7,False
I05808,U0035,P0233,view,,1.0,2024-04-28T00:00:00,4,False
I05809,U0065,P0143,view,,1.0,2024-11-10T00:00:00,11,True
I05810,U0036,P0135,cart,,2.0,2025-04-07T00:00:00,4,False
I05811,U0147,P0098,cart,,2.0,2025-02-06T00:00:00,2,False
I05812,U0107,P0161,view,,1.0,2024-02-08T00:00:00,2,False
I05813,U0069,P0302,cart,,2.0,2024-06-28T00:00:00,6,False
I05814,U0012,P0306,view,,1.0,2024-12-04T00:00:00,12,False
I05815,U0175,P0368,purchase,,4.0,2024-05-05T00:00:00,5,False
I05816,U0063,P0213,cart,,2.0,2024-03-22T00:00:00,3,False
I05817,U0051,P0349,purchase,,4.0,2024-10-25T00:00:00,10,True
I05818,U0034,P0192,view,,1.0,2024-02-18T00:00:00,2,False
I05819,U0146,P0230,purchase,,4.0,2024-02-26T00:00:00,2,False
I05820,U0093,P0289,cart,,2.0,2024-04-18T00:00:00,4,False
I05821,U0005,P0310,view,,1.0,2024-01-24T00:00:00,1,False
I05822,U0221,P0288,purchase,,4.0,2024-11-10T00:00:00,11,True
I05823,U0038,P0011,cart,,2.0,2024-01-10T00:00:00,1,False
I05824,U0165,P0043,view,,1.0,2025-04-25T00:00:00,4,False
I05825,U0215,P0190,view,,1.0,2024-09-23T00:00:00,9,False
I05826,U0024,P0099,view,,1.0,2024-03-28T00:00:00,3,False
I05827,U0199,P0466,cart,,2.0,2024-05-27T00:00:00,5,False
I05828,U0010,P0082,cart,,2.0,2025-03-06T00:00:00,3,False
I05829,U0228,P0219,view,,1.0,2024-08-29T00:00:00,8,False
I05830,U0190,P0339,purchase,,4.0,2024-03-06T00:00:00,3,False
I05831,U0204,P0009,purchase,,4.0,2025-01-12T00:00:00,1,False
I05832,U0132,P0490,purchase,,4.0,2024-07-27T00:00:00,7,False
I05833,U0159,P0310,purchase,,4.0,2024-01-16T00:00:00,1,False
I05834,U0041,P0444,view,,1.0,2024-08-07T00:00:00,8,False
I05835,U0001,P0399,view,,1.0,2025-01-01T00:00:00,1,False
I05836,U0012,P0373,view,,1.0,2024-08-16T00:00:00,8,False
I05837,U0119,P0202,view,,1.0,2025-03-15T00:00:00,3,False
I05838,U0178,P0167,view,,1.0,2025-03-25T00:00:00,3,False
I05839,U0036,P0315,purchase,,4.0,2025-02-25T00:00:00,2,False
I05840,U0150,P0319,purchase,,4.0,2024-07-07T00:00:00,7,False
I05841,U0178,P0477,view,,1.0,2024-11-10T00:00:00,11,True
I05842,U0020,P0338,view,,1.0,2025-01-16T00:00:00,1,False
I05843,U0097,P0153,view,,1.0,2024-05-22T00:00:00,5,False
I05844,U0062,P0443,view,,1.0,2024-08-29T00:00:00,8,False
I05845,U0238,P0390,purchase,,4.0,2024-05-10T00:00:00,5,False
I05846,U0093,P0143,cart,,2.0,2024-05-02T00:00:00,5,False
I05847,U0184,P0272,view,,1.0,2024-12-07T00:00:00,12,False
I05848,U0163,P0363,view,,1.0,2025-03-30T00:00:00,3,False
I05849,U0198,P0171,view,,1.0,2024-10-08T00:00:00,10,True
I05850,U0118,P0122,cart,,2.0,2024-01-01T00:00:00,1,False
I05851,U0211,P0042,purchase,,4.0,2024-11-27T00:00:00,11,True
I05852,U0212,P0089,view,,1.0,2024-03-27T00:00:00,3,False
I05853,U0153,P0041,view,,1.0,2024-03-01T00:00:00,3,False
I05854,U0029,P0152,cart,,2.0,2024-04-04T00:00:00,4,False
I05855,U0018,P0346,view,,1.0,2024-05-26T00:00:00,5,False
I05856,U0132,P0062,view,,1.0,2024-10-23T00:00:00,10,True
I05857,U0123,P0468,view,,1.0,2025-03-31T00:00:00,3,False
I05858,U0143,P0472,cart,,2.0,2024-08-18T00:00:00,8,False
I05859,U0022,P0126,view,,1.0,2025-02-05T00:00:00,2,False
I05860,U0080,P0265,view,,1.0,2024-05-09T00:00:00,5,False
I05861,U0036,P0127,view,,1.0,2024-10-02T00:00:00,10,True
I05862,U0144,P0350,view,,1.0,2025-01-10T00:00:00,1,False
I05863,U0158,P0290,view,,1.0,2024-02-24T00:00:00,2,False
I05864,U0066,P0007,cart,,2.0,2024-01-26T00:00:00,1,False
I05865,U0185,P0072,cart,,2.0,2024-07-15T00:00:00,7,False
I05866,U0130,P0265,purchase,,4.0,2024-08-30T00:00:00,8,False
I05867,U0056,P0124,cart,,2.0,2024-07-08T00:00:00,7,False
I05868,U0034,P0380,cart,,2.0,2024-10-02T00:00:00,10,True
I05869,U0050,P0272,rating,4.2,4.2,2025-02-12T00:00:00,2,False
I05870,U0084,P0157,cart,,2.0,2024-06-01T00:00:00,6,False
I05871,U0053,P0358,view,,1.0,2025-02-01T00:00:00,2,False
I05872,U0188,P0377,view,,1.0,2025-03-02T00:00:00,3,False
I05873,U0235,P0301,view,,1.0,2025-05-01T00:00:00,5,False
I05874,U0204,P0175,rating,4.9,4.9,2024-04-21T00:00:00,4,False
I05875,U0016,P0184,view,,1.0,2024-12-15T00:00:00,12,False
I05876,U0239,P0314,view,,1.0,2025-03-10T00:00:00,3,False
I05877,U0170,P0169,cart,,2.0,2024-10-06T00:00:00,10,True
I05878,U0115,P0299,view,,1.0,2024-09-05T00:00:00,9,False
I05879,U0123,P0264,view,,1.0,2024-06-29T00:00:00,6,False
I05880,U0191,P0454,rating,4.7,4.7,2024-03-18T00:00:00,3,False
I05881,U0151,P0290,view,,1.0,2024-12-01T00:00:00,12,False
I05882,U0050,P0302,view,,1.0,2024-03-25T00:00:00,3,False
I05883,U0183,P0108,view,,1.0,2024-01-04T00:00:00,1,False
I05884,U0225,P0456,view,,1.0,2024-11-12T00:00:00,11,True
I05885,U0111,P0187,view,,1.0,2024-11-29T00:00:00,11,True
I05886,U0083,P0265,view,,1.0,2024-05-12T00:00:00,5,False
I05887,U0100,P0414,view,,1.0,2024-04-28T00:00:00,4,False
I05888,U0094,P0118,view,,1.0,2024-02-24T00:00:00,2,False
I05889,U0105,P0068,purchase,,4.0,2025-03-28T00:00:00,3,False
I05890,U0041,P0136,view,,1.0,2024-11-25T00:00:00,11,True
I05891,U0219,P0188,view,,1.0,2024-07-26T00:00:00,7,False
I05892,U0158,P0313,view,,1.0,2024-03-25T00:00:00,3,False
I05893,U0173,P0413,view,,1.0,2024-09-01T00:00:00,9,False
I05894,U0104,P0364,view,,1.0,2024-11-30T00:00:00,11,True
I05895,U0212,P0403,view,,1.0,2024-07-01T00:00:00,7,False
I05896,U0187,P0104,view,,1.0,2024-05-12T00:00:00,5,False
I05897,U0124,P0240,purchase,,4.0,2024-12-15T00:00:00,12,False
I05898,U0026,P0104,cart,,2.0,2024-10-19T00:00:00,10,True
I05899,U0013,P0104,view,,1.0,2024-07-15T00:00:00,7,False
I05900,U0025,P0306,rating,3.6,3.6,2024-01-20T00:00:00,1,False
I05901,U0149,P0391,cart,,2.0,2024-04-24T00:00:00,4,False
I05902,U0127,P0251,purchase,,4.0,2024-01-26T00:00:00,1,False
I05903,U0054,P0166,view,,1.0,2025-01-29T00:00:00,1,False
I05904,U0165,P0163,view,,1.0,2025-01-15T00:00:00,1,False
I05905,U0011,P0187,view,,1.0,2024-03-23T00:00:00,3,False
I05906,U0034,P0188,view,,1.0,2025-03-20T00:00:00,3,False
I05907,U0087,P0218,purchase,,4.0,2025-01-21T00:00:00,1,False
I05908,U0195,P0193,view,,1.0,2025-02-01T00:00:00,2,False
I05909,U0052,P0255,cart,,2.0,2024-10-12T00:00:00,10,True
I05910,U0186,P0457,view,,1.0,2025-01-03T00:00:00,1,False
I05911,U0143,P0457,rating,5.0,5.0,2025-02-25T00:00:00,2,False
I05912,U0206,P0037,rating,4.0,4.0,2025-03-18T00:00:00,3,False
I05913,U0147,P0218,cart,,2.0,2024-10-14T00:00:00,10,True
I05914,U0095,P0093,rating,4.0,4.0,2024-02-10T00:00:00,2,False
I05915,U0075,P0459,view,,1.0,2024-06-03T00:00:00,6,False
I05916,U0019,P0490,cart,,2.0,2024-06-27T00:00:00,6,False
I05917,U0165,P0133,cart,,2.0,2024-05-16T00:00:00,5,False
I05918,U0220,P0160,view,,1.0,2024-06-28T00:00:00,6,False
I05919,U0182,P0228,view,,1.0,2024-09-15T00:00:00,9,False
I05920,U0096,P0256,purchase,,4.0,2024-07-15T00:00:00,7,False
I05921,U0136,P0200,view,,1.0,2025-01-21T00:00:00,1,False
I05922,U0152,P0443,view,,1.0,2024-09-25T00:00:00,9,False
I05923,U0171,P0137,cart,,2.0,2024-06-18T00:00:00,6,False
I05924,U0159,P0264,purchase,,4.0,2025-05-23T00:00:00,5,False
I05925,U0191,P0067,view,,1.0,2024-03-22T00:00:00,3,False
I05926,U0057,P0107,view,,1.0,2025-06-02T00:00:00,6,False
I05927,U0112,P0286,rating,4.5,4.5,2024-02-17T00:00:00,2,False
I05928,U0033,P0352,view,,1.0,2025-05-18T00:00:00,5,False
I05929,U0115,P0030,purchase,,4.0,2024-01-03T00:00:00,1,False
I05930,U0230,P0236,cart,,2.0,2025-05-30T00:00:00,5,False
I05931,U0100,P0425,view,,1.0,2024-02-11T00:00:00,2,False
I05932,U0009,P0172,rating,4.4,4.4,2024-05-21T00:00:00,5,False
I05933,U0022,P0349,view,,1.0,2025-03-11T00:00:00,3,False
I05934,U0027,P0063,view,,1.0,2024-02-12T00:00:00,2,False
I05935,U0131,P0211,view,,1.0,2024-08-03T00:00:00,8,False
I05936,U0094,P0226,view,,1.0,2025-06-03T00:00:00,6,False
I05937,U0086,P0175,view,,1.0,2024-12-10T00:00:00,12,False
I05938,U0138,P0090,purchase,,4.0,2025-02-16T00:00:00,2,False
I05939,U0168,P0048,view,,1.0,2024-09-02T00:00:00,9,False
I05940,U0193,P0464,cart,,2.0,2024-01-21T00:00:00,1,False
I05941,U0231,P0497,view,,1.0,2025-02-11T00:00:00,2,False
I05942,U0201,P0100,cart,,2.0,2025-03-19T00:00:00,3,False
I05943,U0236,P0341,view,,1.0,2024-09-21T00:00:00,9,False
I05944,U0148,P0057,view,,1.0,2024-07-02T00:00:00,7,False
I05945,U0227,P0201,cart,,2.0,2024-09-02T00:00:00,9,False
I05946,U0073,P0457,cart,,2.0,2024-05-29T00:00:00,5,False
I05947,U0001,P0330,view,,1.0,2024-03-09T00:00:00,3,False
I05948,U0201,P0179,cart,,2.0,2024-08-17T00:00:00,8,False
I05949,U0211,P0093,purchase,,4.0,2024-03-12T00:00:00,3,False
I05950,U0234,P0044,purchase,,4.0,2025-01-31T00:00:00,1,False
I05951,U0084,P0422,cart,,2.0,2024-10-25T00:00:00,10,True
I05952,U0236,P0192,rating,4.5,4.5,2024-10-19T00:00:00,10,True
I05953,U0221,P0221,purchase,,4.0,2024-08-03T00:00:00,8,False
I05954,U0231,P0267,cart,,2.0,2025-02-08T00:00:00,2,False
I05955,U0169,P0136,view,,1.0,2024-11-24T00:00:00,11,True
I05956,U0170,P0279,view,,1.0,2024-07-14T00:00:00,7,False
I05957,U0136,P0222,view,,1.0,2024-03-17T00:00:00,3,False
I05958,U0021,P0405,rating,3.4,3.4,2025-04-10T00:00:00,4,False
I05959,U0173,P0161,view,,1.0,2025-03-23T00:00:00,3,False
I05960,U0064,P0447,rating,4.1,4.1,2024-06-08T00:00:00,6,False
I05961,U0089,P0093,view,,1.0,2024-11-03T00:00:00,11,True
I05962,U0034,P0248,view,,1.0,2025-01-05T00:00:00,1,False
I05963,U0195,P0481,view,,1.0,2024-06-15T00:00:00,6,False
I05964,U0136,P0032,purchase,,4.0,2025-05-05T00:00:00,5,False
I05965,U0157,P0039,purchase,,4.0,2024-05-29T00:00:00,5,False
I05966,U0212,P0304,view,,1.0,2024-02-12T00:00:00,2,False
I05967,U0177,P0336,view,,1.0,2024-01-29T00:00:00,1,False
I05968,U0106,P0022,rating,4.1,4.1,2024-01-31T00:00:00,1,False
I05969,U0181,P0477,view,,1.0,2024-05-07T00:00:00,5,False
I05970,U0038,P0319,view,,1.0,2025-03-16T00:00:00,3,False
I05971,U0101,P0343,view,,1.0,2025-01-22T00:00:00,1,False
I05972,U0130,P0044,cart,,2.0,2024-04-19T00:00:00,4,False
I05973,U0072,P0336,view,,1.0,2025-02-08T00:00:00,2,False
I05974,U0110,P0330,purchase,,4.0,2024-06-11T00:00:00,6,False
I05975,U0048,P0314,view,,1.0,2025-02-02T00:00:00,2,False
I05976,U0071,P0304,purchase,,4.0,2025-02-02T00:00:00,2,False
I05977,U0237,P0055,cart,,2.0,2024-08-26T00:00:00,8,False
I05978,U0209,P0279,cart,,2.0,2024-02-01T00:00:00,2,False
I05979,U0123,P0122,cart,,2.0,2024-04-19T00:00:00,4,False
I05980,U0015,P0459,cart,,2.0,2025-01-14T00:00:00,1,False
I05981,U0044,P0489,view,,1.0,2024-09-05T00:00:00,9,False
I05982,U0009,P0270,purchase,,4.0,2024-02-03T00:00:00,2,False
I05983,U0228,P0443,view,,1.0,2025-02-02T00:00:00,2,False
I05984,U0190,P0203,view,,1.0,2024-08-07T00:00:00,8,False
I05985,U0115,P0387,cart,,2.0,2024-03-15T00:00:00,3,False
I05986,U0106,P0271,view,,1.0,2024-05-15T00:00:00,5,False
I05987,U0161,P0418,cart,,2.0,2024-03-14T00:00:00,3,False
I05988,U0018,P0259,purchase,,4.0,2024-02-12T00:00:00,2,False
I05989,U0050,P0243,cart,,2.0,2025-05-29T00:00:00,5,False
I05990,U0232,P0006,cart,,2.0,2024-10-29T00:00:00,10,True
I05991,U0142,P0236,view,,1.0,2024-07-20T00:00:00,7,False
I05992,U0207,P0142,view,,1.0,2025-02-18T00:00:00,2,False
I05993,U0221,P0100,view,,1.0,2024-12-27T00:00:00,12,False
I05994,U0081,P0141,cart,,2.0,2024-10-11T00:00:00,10,True
I05995,U0113,P0460,view,,1.0,2025-05-06T00:00:00,5,False
I05996,U0143,P0273,cart,,2.0,2024-12-11T00:00:00,12,False
I05997,U0204,P0128,purchase,,4.0,2024-01-25T00:00:00,1,False
I05998,U0189,P0343,rating,4.3,4.3,2024-03-09T00:00:00,3,False
I05999,U0195,P0430,purchase,,4.0,2024-11-17T00:00:00,11,True
I06000,U0088,P0101,view,,1.0,2024-12-20T00:00:00,12,False
I06001,U0241,P0098,view,,1.0,2024-04-14T00:00:00,4,False
I06002,U0241,P0117,view,,1.0,2024-11-17T00:00:00,11,True
I06003,U0241,P0315,cart,,2.0,2025-05-18T00:00:00,5,False
I06004,U0242,P0027,purchase,,4.0,2024-08-22T00:00:00,8,False
I06005,U0243,P0320,view,,1.0,2024-09-19T00:00:00,9,False
I06006,U0243,P0045,view,,1.0,2024-01-06T00:00:00,1,False
I06007,U0243,P0193,rating,4.1,4.1,2025-05-08T00:00:00,5,False
I06008,U0244,P0394,view,,1.0,2024-10-15T00:00:00,10,True
I06009,U0245,P0187,view,,1.0,2024-12-15T00:00:00,12,False
I06010,U0245,P0167,view,,1.0,2024-07-18T00:00:00,7,False
I06011,U0246,P0138,purchase,,4.0,2024-11-30T00:00:00,11,True
I06012,U0246,P0018,view,,1.0,2024-08-04T00:00:00,8,False
I06013,U0247,P0264,view,,1.0,2024-12-18T00:00:00,12,False
I06014,U0247,P0229,view,,1.0,2024-11-20T00:00:00,11,True
I06015,U0247,P0445,purchase,,4.0,2024-08-15T00:00:00,8,False
I06016,U0248,P0133,view,,1.0,2024-11-03T00:00:00,11,True
I06017,U0249,P0267,view,,1.0,2024-10-11T00:00:00,10,True
I06018,U0249,P0127,view,,1.0,2025-01-26T00:00:00,1,False
I06019,U0250,P0231,cart,,2.0,2024-12-25T00:00:00,12,False
I06020,U0250,P0084,view,,1.0,2024-06-13T00:00:00,6,False
I06021,U0251,P0114,view,,1.0,2024-08-11T00:00:00,8,False
I06022,U0252,P0345,cart,,2.0,2024-02-21T00:00:00,2,False
I06023,U0252,P0083,view,,1.0,2024-05-08T00:00:00,5,False
I06024,U0252,P0134,view,,1.0,2024-05-14T00:00:00,5,False
I06025,U0253,P0292,cart,,2.0,2024-05-06T00:00:00,5,False
I06026,U0254,P0220,cart,,2.0,2024-03-11T00:00:00,3,False
I06027,U0254,P0196,view,,1.0,2024-09-29T00:00:00,9,False
I06028,U0255,P0134,rating,3.7,3.7,2024-01-03T00:00:00,1,False
I06029,U0255,P0478,view,,1.0,2025-04-21T00:00:00,4,False
I06030,U0255,P0285,view,,1.0,2025-05-12T00:00:00,5,False
I06031,U0256,P0072,rating,3.2,3.2,2024-08-21T00:00:00,8,False
I06032,U0256,P0013,view,,1.0,2025-01-10T00:00:00,1,False
I06033,U0257,P0480,view,,1.0,2024-09-02T00:00:00,9,False
I06034,U0257,P0063,view,,1.0,2024-10-29T00:00:00,10,True
I06035,U0258,P0190,purchase,,4.0,2024-01-21T00:00:00,1,False
I06036,U0259,P0260,rating,4.8,4.8,2025-02-02T00:00:00,2,False
I06037,U0260,P0390,view,,1.0,2024-09-18T00:00:00,9,False
I06038,U0260,P0423,view,,1.0,2024-12-30T00:00:00,12,False
I06039,U0260,P0384,purchase,,4.0,2024-02-18T00:00:00,2,False
I06040,U0261,P0282,view,,1.0,2024-04-27T00:00:00,4,False
I06041,U0261,P0169,cart,,2.0,2025-03-28T00:00:00,3,False
I06042,U0262,P0199,view,,1.0,2025-01-31T00:00:00,1,False
I06043,U0262,P0155,view,,1.0,2024-01-27T00:00:00,1,False
I06044,U0262,P0007,view,,1.0,2025-01-06T00:00:00,1,False
I06045,U0263,P0103,view,,1.0,2024-04-06T00:00:00,4,False
I06046,U0263,P0280,purchase,,4.0,2024-07-04T00:00:00,7,False
I06047,U0263,P0041,cart,,2.0,2024-08-02T00:00:00,8,False
I06048,U0264,P0134,purchase,,4.0,2024-08-03T00:00:00,8,False
I06049,U0264,P0397,view,,1.0,2024-01-29T00:00:00,1,False
I06050,U0264,P0368,view,,1.0,2024-04-11T00:00:00,4,False
I06051,U0265,P0104,view,,1.0,2024-02-23T00:00:00,2,False
I06052,U0265,P0114,rating,4.8,4.8,2024-10-09T00:00:00,10,True
I06053,U0265,P0100,cart,,2.0,2024-04-26T00:00:00,4,False
I06054,U0266,P0483,cart,,2.0,2024-04-23T00:00:00,4,False
I06055,U0267,P0223,purchase,,4.0,2024-10-19T00:00:00,10,True
I06056,U0267,P0070,purchase,,4.0,2024-07-13T00:00:00,7,False
I06057,U0267,P0021,view,,1.0,2024-10-18T00:00:00,10,True
I06058,U0268,P0188,view,,1.0,2024-09-17T00:00:00,9,False
I06059,U0268,P0228,purchase,,4.0,2024-07-25T00:00:00,7,False
I06060,U0268,P0164,cart,,2.0,2024-02-18T00:00:00,2,False
I06061,U0269,P0020,purchase,,4.0,2025-01-13T00:00:00,1,False
I06062,U0269,P0203,view,,1.0,2025-01-28T00:00:00,1,False
I06063,U0270,P0280,view,,1.0,2024-08-11T00:00:00,8,False
I06064,U0270,P0096,purchase,,4.0,2024-01-23T00:00:00,1,False
I06065,U0271,P0030,view,,1.0,2025-03-16T00:00:00,3,False
I06066,U0273,P0457,cart,,2.0,2025-05-14T00:00:00,5,False
I06067,U0274,P0310,view,,1.0,2025-03-16T00:00:00,3,False
I06068,U0274,P0063,view,,1.0,2025-03-08T00:00:00,3,False
I06069,U0274,P0141,view,,1.0,2025-02-09T00:00:00,2,False
I06070,U0276,P0043,view,,1.0,2025-05-09T00:00:00,5,False
I06071,U0276,P0284,view,,1.0,2025-02-23T00:00:00,2,False
I06072,U0277,P0250,purchase,,4.0,2025-04-12T00:00:00,4,False
I06073,U0277,P0316,view,,1.0,2025-05-10T00:00:00,5,False
I06074,U0278,P0359,purchase,,4.0,2025-05-30T00:00:00,5,False
I06075,U0278,P0002,view,,1.0,2025-02-04T00:00:00,2,False
I06076,U0280,P0280,purchase,,4.0,2025-02-26T00:00:00,2,False
I06077,U0280,P0160,view,,1.0,2025-02-04T00:00:00,2,False
I06078,U0280,P0394,view,,1.0,2025-05-25T00:00:00,5,False
I06079,U0281,P0366,cart,,2.0,2025-02-14T00:00:00,2,False
I06080,U0281,P0061,view,,1.0,2025-02-10T00:00:00,2,False
I06081,U0282,P0448,purchase,,4.0,2025-03-28T00:00:00,3,False
I06082,U0282,P0340,view,,1.0,2025-04-21T00:00:00,4,False
I06083,U0282,P0139,view,,1.0,2025-04-14T00:00:00,4,False
I06084,U0285,P0481,rating,5.0,5.0,2025-02-27T00:00:00,2,False
I06085,U0285,P0142,cart,,2.0,2025-03-31T00:00:00,3,False
I06086,U0286,P0445,view,,1.0,2025-02-17T00:00:00,2,False
I06087,U0287,P0244,view,,1.0,2025-04-04T00:00:00,4,False
I06088,U0287,P0366,view,,1.0,2025-01-18T00:00:00,1,False
I06089,U0287,P0142,view,,1.0,2025-03-27T00:00:00,3,False
I06090,U0288,P0437,cart,,2.0,2025-04-22T00:00:00,4,False
I06091,U0288,P0202,cart,,2.0,2025-05-04T00:00:00,5,False
I06092,U0288,P0275,cart,,2.0,2025-02-11T00:00:00,2,False
I06093,U0289,P0308,view,,1.0,2025-05-24T00:00:00,5,False
I06094,U0289,P0165,cart,,2.0,2025-01-31T00:00:00,1,False
I06095,U0289,P0089,view,,1.0,2025-03-13T00:00:00,3,False
I06096,U0291,P0228,cart,,2.0,2025-05-21T00:00:00,5,False
I06097,U0291,P0345,cart,,2.0,2025-01-23T00:00:00,1,False
I06098,U0292,P0024,cart,,2.0,2025-02-14T00:00:00,2,False
I06099,U0292,P0478,view,,1.0,2025-04-12T00:00:00,4,False
I06100,U0292,P0032,purchase,,4.0,2025-03-17T00:00:00,3,False
I06101,U0293,P0118,view,,1.0,2025-02-02T00:00:00,2,False
I06102,U0293,P0379,view,,1.0,2025-04-05T00:00:00,4,False
I06103,U0293,P0474,view,,1.0,2025-05-01T00:00:00,5,False
I06104,U0294,P0241,view,,1.0,2025-03-10T00:00:00,3,False
I06105,U0295,P0340,view,,1.0,2025-05-06T00:00:00,5,False
I06106,U0295,P0213,view,,1.0,2025-05-17T00:00:00,5,False
I06107,U0297,P0489,rating,4.9,4.9,2025-03-20T00:00:00,3,False
I06108,U0298,P0245,view,,1.0,2025-05-18T00:00:00,5,False
I06109,U0298,P0136,view,,1.0,2025-01-17T00:00:00,1,False
I06110,U0298,P0163,view,,1.0,2025-06-01T00:00:00,6,False
I06111,U0299,P0081,cart,,2.0,2025-02-04T00:00:00,2,False
I06112,U0299,P0393,purchase,,4.0,2025-02-20T00:00:00,2,False
I06113,U0299,P0207,view,,1.0,2025-01-29T00:00:00,1,False
I06114,U0229,P0019,view,,1.0,2025-05-01T00:00:00,5,False
I06115,U0088,P0019,purchase,,4.0,2025-05-18T00:00:00,5,False
I06116,U0125,P0023,purchase,,4.0,2025-05-14T00:00:00,5,False
I06117,U0117,P0023,cart,,2.0,2025-01-26T00:00:00,1,False
I06118,U0172,P0031,purchase,,4.0,2025-05-02T00:00:00,5,False
I06119,U0196,P0034,view,,1.0,2025-03-06T00:00:00,3,False
I06120,U0017,P0040,purchase,,4.0,2025-03-31T00:00:00,3,False
I06121,U0110,P0071,cart,,2.0,2025-01-11T00:00:00,1,False
I06122,U0140,P0078,view,,1.0,2025-04-01T00:00:00,4,False
I06123,U0059,P0080,rating,4.4,4.4,2025-03-02T00:00:00,3,False
I06124,U0213,P0080,view,,1.0,2025-05-15T00:00:00,5,False
I06125,U0141,P0085,cart,,2.0,2025-02-17T00:00:00,2,False
I06126,U0033,P0085,purchase,,4.0,2025-05-14T00:00:00,5,False
I06127,U0079,P0094,view,,1.0,2025-02-23T00:00:00,2,False
I06128,U0142,P0125,rating,2.4,2.4,2025-03-04T00:00:00,3,False
I06129,U0022,P0132,rating,3.4,3.4,2025-02-14T00:00:00,2,False
I06130,U0130,P0132,view,,1.0,2025-03-26T00:00:00,3,False
I06131,U0210,P0149,rating,2.6,2.6,2025-04-02T00:00:00,4,False
I06132,U0131,P0149,view,,1.0,2025-02-22T00:00:00,2,False
I06133,U0216,P0205,cart,,2.0,2025-03-06T00:00:00,3,False
I06134,U0199,P0212,view,,1.0,2025-03-06T00:00:00,3,False
I06135,U0188,P0212,cart,,2.0,2025-03-28T00:00:00,3,False
I06136,U0135,P0263,cart,,2.0,2025-05-14T00:00:00,5,False
I06137,U0039,P0263,cart,,2.0,2025-05-06T00:00:00,5,False
I06138,U0136,P0278,view,,1.0,2025-02-17T00:00:00,2,False
I06139,U0205,P0334,view,,1.0,2025-02-14T00:00:00,2,False
I06140,U0139,P0335,view,,1.0,2025-04-16T00:00:00,4,False
I06141,U0136,P0335,view,,1.0,2025-02-21T00:00:00,2,False
I06142,U0041,P0342,view,,1.0,2025-05-05T00:00:00,5,False
I06143,U0043,P0375,cart,,2.0,2025-03-12T00:00:00,3,False
I06144,U0220,P0375,cart,,2.0,2025-01-22T00:00:00,1,False
I06145,U0216,P0385,rating,3.8,3.8,2025-05-16T00:00:00,5,False
I06146,U0184,P0385,view,,1.0,2025-04-16T00:00:00,4,False
I06147,U0157,P0392,view,,1.0,2025-04-23T00:00:00,4,False
I06148,U0052,P0392,view,,1.0,2025-04-15T00:00:00,4,False
I06149,U0103,P0441,view,,1.0,2025-05-29T00:00:00,5,False
I06150,U0231,P0452,view,,1.0,2025-01-03T00:00:00,1,False
I06151,U0108,P0462,purchase,,4.0,2025-03-29T00:00:00,3,False
I06152,U0120,P0462,view,,1.0,2025-04-05T00:00:00,4,False
I06153,U0185,P0486,rating,4.5,4.5,2025-01-04T00:00:00,1,False
I06154,U0001,P0486,view,,1.0,2025-04-22T00:00:00,4,False
