product_id,name,category,subcategory,brand,description,price_npr,avg_rating,rating_count,tags,is_new_arrival,in_stock
P0001,Himalaya Bags 1,Fashion & Accessories,Bags,Himalaya,Bags made for Nepali shoppers with reliable quality and local style.,899,4.6,324,"fashion & accessories, bags, nepal, himalaya, gift",True,True
P0002,Kathmandu Craft Jewellery 2,Fashion & Accessories,Jewellery,Kathmandu Craft,Jewellery made for Nepali shoppers with reliable quality and local style.,6500,4.0,335,"fashion & accessories, jewellery, nepal, kathmandu craft, gift",False,True
P0003,Janakpur Mart Woodcraft 3,Handicrafts & Art,Woodcraft,Janakpur Mart,Woodcraft made for Nepali shoppers with reliable quality and local style.,350,4.2,339,"handicrafts & art, woodcraft, nepal, janakpur mart, gift",True,True
P0004,NepTech Daura Suruwal 4,Traditional Attire,Daura Suruwal,NepTech,Daura Suruwal made for Nepali shoppers with reliable quality and local style.,550,4.5,162,"traditional attire, daura suruwal, nepal, neptech, gift",False,True
P0005,Himalaya Cookware 5,Kitchen & Home,Cookware,Himalaya,Cookware made for Nepali shoppers with reliable quality and local style.,350,4.3,267,"kitchen & home, cookware, nepal, himalaya, gift",False,True
P0006,Kathmandu Craft Saree 6,Traditional Attire,Saree,Kathmandu Craft,Saree made for Nepali shoppers with reliable quality and local style.,350,4.3,167,"traditional attire, saree, nepal, kathmandu craft, gift",False,True
P0007,NepTech Rice 7,Daily Groceries,Rice,NepTech,Rice made for Nepali shoppers with reliable quality and local style.,550,4.1,214,"daily groceries, rice, nepal, neptech, gift",False,False
P0008,Kathmandu Craft Lokta Paper 8,Handicrafts & Art,Lokta Paper,Kathmandu Craft,Lokta Paper made for Nepali shoppers with reliable quality and local style.,6500,3.8,92,"handicrafts & art, lokta paper, nepal, kathmandu craft, gift",False,True
P0009,Himalaya Bedding 9,Kitchen & Home,Bedding,Himalaya,Bedding made for Nepali shoppers with reliable quality and local style.,14500,3.3,390,"kitchen & home, bedding, nepal, himalaya, gift",False,True
P0010,Janakpur Mart Children Books 10,Books & Education,Children Books,Janakpur Mart,Children Books made for Nepali shoppers with reliable quality and local style.,1800,3.5,113,"books & education, children books, nepal, janakpur mart, gift",True,True
P0011,Sagarmatha Bedding 11,Kitchen & Home,Bedding,Sagarmatha,Bedding made for Nepali shoppers with reliable quality and local style.,6500,4.4,248,"kitchen & home, bedding, nepal, sagarmatha, gift",False,True
P0012,Sagarmatha Woodcraft 12,Handicrafts & Art,Woodcraft,Sagarmatha,Woodcraft made for Nepali shoppers with reliable quality and local style.,1800,4.3,407,"handicrafts & art, woodcraft, nepal, sagarmatha, gift",True,True
P0013,Lalitpur Looms Daura Suruwal 13,Traditional Attire,Daura Suruwal,Lalitpur Looms,Daura Suruwal made for Nepali shoppers with reliable quality and local style.,350,3.7,95,"traditional attire, daura suruwal, nepal, lalitpur looms, gift",False,True
P0014,Sagarmatha Kurta 14,Traditional Attire,Kurta,Sagarmatha,Kurta made for Nepali shoppers with reliable quality and local style.,1800,4.2,267,"traditional attire, kurta, nepal, sagarmatha, gift",False,True
P0015,Himalaya Spices 15,Daily Groceries,Spices,Himalaya,Spices made for Nepali shoppers with reliable quality and local style.,4200,3.8,272,"daily groceries, spices, nepal, himalaya, gift",False,True
P0016,NepTech Sunglasses 16,Fashion & Accessories,Sunglasses,NepTech,Sunglasses made for Nepali shoppers with reliable quality and local style.,1250,4.1,367,"fashion & accessories, sunglasses, nepal, neptech, gift",False,True
P0017,Himalaya Dhaka Topi 17,Traditional Attire,Dhaka Topi,Himalaya,Dhaka Topi made for Nepali shoppers with reliable quality and local style.,899,4.2,383,"traditional attire, dhaka topi, nepal, himalaya, gift",False,True
P0018,Janakpur Mart Spices 18,Daily Groceries,Spices,Janakpur Mart,Spices made for Nepali shoppers with reliable quality and local style.,14500,3.9,366,"daily groceries, spices, nepal, janakpur mart, gift",False,True
P0019,NepTech Spices 19,Daily Groceries,Spices,NepTech,Spices made for Nepali shoppers with reliable quality and local style.,1800,3.4,378,"daily groceries, spices, nepal, neptech, gift",True,True
P0020,Himalaya Thangka 20,Handicrafts & Art,Thangka,Himalaya,Thangka made for Nepali shoppers with reliable quality and local style.,1800,3.3,150,"handicrafts & art, thangka, nepal, himalaya, gift",False,True
P0021,Sagarmatha Shoes 21,Fashion & Accessories,Shoes,Sagarmatha,Shoes made for Nepali shoppers with reliable quality and local style.,4200,4.0,397,"fashion & accessories, shoes, nepal, sagarmatha, gift",False,True
P0022,Himalaya Saree 22,Traditional Attire,Saree,Himalaya,Saree made for Nepali shoppers with reliable quality and local style.,1800,3.5,162,"traditional attire, saree, nepal, himalaya, gift",False,True
P0023,Lalitpur Looms Bedding 23,Kitchen & Home,Bedding,Lalitpur Looms,Bedding made for Nepali shoppers with reliable quality and local style.,550,4.0,229,"kitchen & home, bedding, nepal, lalitpur looms, gift",True,True
P0024,Kathmandu Craft Jewellery 24,Fashion & Accessories,Jewellery,Kathmandu Craft,Jewellery made for Nepali shoppers with reliable quality and local style.,6500,4.0,169,"fashion & accessories, jewellery, nepal, kathmandu craft, gift",False,True
P0025,Kathmandu Craft Accessories 25,Electronics,Accessories,Kathmandu Craft,Accessories made for Nepali shoppers with reliable quality and local style.,14500,4.0,338,"electronics, accessories, nepal, kathmandu craft, gift",False,True
P0026,Janakpur Mart Jewellery 26,Fashion & Accessories,Jewellery,Janakpur Mart,Jewellery made for Nepali shoppers with reliable quality and local style.,350,3.4,341,"fashion & accessories, jewellery, nepal, janakpur mart, gift",False,True
P0027,NepTech Bags 27,Fashion & Accessories,Bags,NepTech,Bags made for Nepali shoppers with reliable quality and local style.,4200,3.6,363,"fashion & accessories, bags, nepal, neptech, gift",False,True
P0028,NepTech Shoes 28,Fashion & Accessories,Shoes,NepTech,Shoes made for Nepali shoppers with reliable quality and local style.,14500,3.9,345,"fashion & accessories, shoes, nepal, neptech, gift",False,True
P0029,Kathmandu Craft Shoes 29,Fashion & Accessories,Shoes,Kathmandu Craft,Shoes made for Nepali shoppers with reliable quality and local style.,899,3.7,125,"fashion & accessories, shoes, nepal, kathmandu craft, gift",False,False
P0030,Sagarmatha Appliances 30,Kitchen & Home,Appliances,Sagarmatha,Appliances made for Nepali shoppers with reliable quality and local style.,6500,3.2,316,"kitchen & home, appliances, nepal, sagarmatha, gift",False,True
P0031,Janakpur Mart Shoes 31,Fashion & Accessories,Shoes,Janakpur Mart,Shoes made for Nepali shoppers with reliable quality and local style.,4200,4.3,189,"fashion & accessories, shoes, nepal, janakpur mart, gift",True,True
P0032,Kathmandu Craft Mobile 32,Electronics,Mobile,Kathmandu Craft,Mobile made for Nepali shoppers with reliable quality and local style.,350,4.8,408,"electronics, mobile, nepal, kathmandu craft, gift",False,True
P0033,Sagarmatha Exam Prep 33,Books & Education,Exam Prep,Sagarmatha,Exam Prep made for Nepali shoppers with reliable quality and local style.,2500,4.7,172,"books & education, exam prep, nepal, sagarmatha, gift",False,True
P0034,Himalaya Bedding 34,Kitchen & Home,Bedding,Himalaya,Bedding made for Nepali shoppers with reliable quality and local style.,1800,3.8,79,"kitchen & home, bedding, nepal, himalaya, gift",True,True
P0035,Kathmandu Craft Metal Craft 35,Handicrafts & Art,Metal Craft,Kathmandu Craft,Metal Craft made for Nepali shoppers with reliable quality and local style.,1800,4.5,401,"handicrafts & art, metal craft, nepal, kathmandu craft, gift",False,True
P0036,Lalitpur Looms Sunglasses 36,Fashion & Accessories,Sunglasses,Lalitpur Looms,Sunglasses made for Nepali shoppers with reliable quality and local style.,350,3.4,13,"fashion & accessories, sunglasses, nepal, lalitpur looms, gift",False,True
P0037,Kathmandu Craft Sunglasses 37,Fashion & Accessories,Sunglasses,Kathmandu Craft,Sunglasses made for Nepali shoppers with reliable quality and local style.,350,4.7,143,"fashion & accessories, sunglasses, nepal, kathmandu craft, gift",False,True
P0038,Kathmandu Craft Headphones 38,Electronics,Headphones,Kathmandu Craft,Headphones made for Nepali shoppers with reliable quality and local style.,14500,5.0,223,"electronics, headphones, nepal, kathmandu craft, gift",False,False
P0039,Janakpur Mart Jewellery 39,Fashion & Accessories,Jewellery,Janakpur Mart,Jewellery made for Nepali shoppers with reliable quality and local style.,2500,5.0,7,"fashion & accessories, jewellery, nepal, janakpur mart, gift",False,True
P0040,NepTech Snacks 40,Daily Groceries,Snacks,NepTech,Snacks made for Nepali shoppers with reliable quality and local style.,1250,3.6,89,"daily groceries, snacks, nepal, neptech, gift",True,True
P0041,Kathmandu Craft Bedding 41,Kitchen & Home,Bedding,Kathmandu Craft,Bedding made for Nepali shoppers with reliable quality and local style.,550,3.6,227,"kitchen & home, bedding, nepal, kathmandu craft, gift",False,True
P0042,Himalaya Lokta Paper 42,Handicrafts & Art,Lokta Paper,Himalaya,Lokta Paper made for Nepali shoppers with reliable quality and local style.,2500,3.3,144,"handicrafts & art, lokta paper, nepal, himalaya, gift",False,True
P0043,Himalaya Exam Prep 43,Books & Education,Exam Prep,Himalaya,Exam Prep made for Nepali shoppers with reliable quality and local style.,1800,4.3,412,"books & education, exam prep, nepal, himalaya, gift",False,True
P0044,Janakpur Mart Woodcraft 44,Handicrafts & Art,Woodcraft,Janakpur Mart,Woodcraft made for Nepali shoppers with reliable quality and local style.,899,4.5,252,"handicrafts & art, woodcraft, nepal, janakpur mart, gift",False,True
P0045,Lalitpur Looms Cookware 45,Kitchen & Home,Cookware,Lalitpur Looms,Cookware made for Nepali shoppers with reliable quality and local style.,899,4.4,9,"kitchen & home, cookware, nepal, lalitpur looms, gift",False,True
P0046,NepTech Appliances 46,Kitchen & Home,Appliances,NepTech,Appliances made for Nepali shoppers with reliable quality and local style.,550,4.8,250,"kitchen & home, appliances, nepal, neptech, gift",False,False
P0047,Janakpur Mart Mobile 47,Electronics,Mobile,Janakpur Mart,Mobile made for Nepali shoppers with reliable quality and local style.,4200,4.8,145,"electronics, mobile, nepal, janakpur mart, gift",True,True
P0048,Janakpur Mart Bags 48,Fashion & Accessories,Bags,Janakpur Mart,Bags made for Nepali shoppers with reliable quality and local style.,350,3.8,266,"fashion & accessories, bags, nepal, janakpur mart, gift",False,True
P0049,Janakpur Mart Spices 49,Daily Groceries,Spices,Janakpur Mart,Spices made for Nepali shoppers with reliable quality and local style.,9800,3.9,98,"daily groceries, spices, nepal, janakpur mart, gift",False,True
P0050,Sagarmatha Mobile 50,Electronics,Mobile,Sagarmatha,Mobile made for Nepali shoppers with reliable quality and local style.,1800,4.7,310,"electronics, mobile, nepal, sagarmatha, gift",False,True
P0051,Lalitpur Looms Decor 51,Kitchen & Home,Decor,Lalitpur Looms,Decor made for Nepali shoppers with reliable quality and local style.,350,4.9,258,"kitchen & home, decor, nepal, lalitpur looms, gift",False,True
P0052,NepTech Kurta 52,Traditional Attire,Kurta,NepTech,Kurta made for Nepali shoppers with reliable quality and local style.,1800,4.1,52,"traditional attire, kurta, nepal, neptech, gift",False,True
P0053,NepTech Children Books 53,Books & Education,Children Books,NepTech,Children Books made for Nepali shoppers with reliable quality and local style.,14500,3.3,365,"books & education, children books, nepal, neptech, gift",False,True
P0054,Janakpur Mart Kurta 54,Traditional Attire,Kurta,Janakpur Mart,Kurta made for Nepali shoppers with reliable quality and local style.,1250,3.6,368,"traditional attire, kurta, nepal, janakpur mart, gift",False,True
P0055,Kathmandu Craft Tea 55,Daily Groceries,Tea,Kathmandu Craft,Tea made for Nepali shoppers with reliable quality and local style.,550,3.5,153,"daily groceries, tea, nepal, kathmandu craft, gift",False,True
P0056,NepTech Headphones 56,Electronics,Headphones,NepTech,Headphones made for Nepali shoppers with reliable quality and local style.,2500,3.8,117,"electronics, headphones, nepal, neptech, gift",True,True
P0057,NepTech Exam Prep 57,Books & Education,Exam Prep,NepTech,Exam Prep made for Nepali shoppers with reliable quality and local style.,550,4.1,388,"books & education, exam prep, nepal, neptech, gift",False,True
P0058,Himalaya Smart Watch 58,Electronics,Smart Watch,Himalaya,Smart Watch made for Nepali shoppers with reliable quality and local style.,9800,4.6,400,"electronics, smart watch, nepal, himalaya, gift",False,True
P0059,Sagarmatha Kurta 59,Traditional Attire,Kurta,Sagarmatha,Kurta made for Nepali shoppers with reliable quality and local style.,4200,4.4,65,"traditional attire, kurta, nepal, sagarmatha, gift",False,True
P0060,Kathmandu Craft Thangka 60,Handicrafts & Art,Thangka,Kathmandu Craft,Thangka made for Nepali shoppers with reliable quality and local style.,4200,4.8,191,"handicrafts & art, thangka, nepal, kathmandu craft, gift",False,False
P0061,Himalaya Rice 61,Daily Groceries,Rice,Himalaya,Rice made for Nepali shoppers with reliable quality and local style.,2500,4.9,334,"daily groceries, rice, nepal, himalaya, gift",False,True
P0062,Himalaya Sunglasses 62,Fashion & Accessories,Sunglasses,Himalaya,Sunglasses made for Nepali shoppers with reliable quality and local style.,550,4.7,307,"fashion & accessories, sunglasses, nepal, himalaya, gift",False,True
P0063,Kathmandu Craft Children Books 63,Books & Education,Children Books,Kathmandu Craft,Children Books made for Nepali shoppers with reliable quality and local style.,350,3.7,246,"books & education, children books, nepal, kathmandu craft, gift",False,True
P0064,NepTech Sunglasses 64,Fashion & Accessories,Sunglasses,NepTech,Sunglasses made for Nepali shoppers with reliable quality and local style.,350,4.7,132,"fashion & accessories, sunglasses, nepal, neptech, gift",True,True
P0065,NepTech Metal Craft 65,Handicrafts & Art,Metal Craft,NepTech,Metal Craft made for Nepali shoppers with reliable quality and local style.,14500,4.0,339,"handicrafts & art, metal craft, nepal, neptech, gift",False,True
P0066,Kathmandu Craft Stationery 66,Books & Education,Stationery,Kathmandu Craft,Stationery made for Nepali shoppers with reliable quality and local style.,550,4.4,261,"books & education, stationery, nepal, kathmandu craft, gift",False,True
P0067,Janakpur Mart Tea 67,Daily Groceries,Tea,Janakpur Mart,Tea made for Nepali shoppers with reliable quality and local style.,899,2.8,335,"daily groceries, tea, nepal, janakpur mart, gift",False,True
P0068,Janakpur Mart Smart Watch 68,Electronics,Smart Watch,Janakpur Mart,Smart Watch made for Nepali shoppers with reliable quality and local style.,2500,5.0,399,"electronics, smart watch, nepal, janakpur mart, gift",False,True
P0069,Lalitpur Looms Jewellery 69,Fashion & Accessories,Jewellery,Lalitpur Looms,Jewellery made for Nepali shoppers with reliable quality and local style.,6500,3.6,351,"fashion & accessories, jewellery, nepal, lalitpur looms, gift",True,True
P0070,Himalaya Snacks 70,Daily Groceries,Snacks,Himalaya,Snacks made for Nepali shoppers with reliable quality and local style.,550,4.9,60,"daily groceries, snacks, nepal, himalaya, gift",False,True
P0071,Himalaya Woodcraft 71,Handicrafts & Art,Woodcraft,Himalaya,Woodcraft made for Nepali shoppers with reliable quality and local style.,899,3.7,169,"handicrafts & art, woodcraft, nepal, himalaya, gift",True,True
P0072,NepTech Mobile 72,Electronics,Mobile,NepTech,Mobile made for Nepali shoppers with reliable quality and local style.,1800,4.6,325,"electronics, mobile, nepal, neptech, gift",False,True
P0073,NepTech Tea 73,Daily Groceries,Tea,NepTech,Tea made for Nepali shoppers with reliable quality and local style.,9800,4.4,77,"daily groceries, tea, nepal, neptech, gift",True,True
P0074,Himalaya Thangka 74,Handicrafts & Art,Thangka,Himalaya,Thangka made for Nepali shoppers with reliable quality and local style.,9800,3.8,281,"handicrafts & art, thangka, nepal, himalaya, gift",True,True
P0075,Kathmandu Craft Bags 75,Fashion & Accessories,Bags,Kathmandu Craft,Bags made for Nepali shoppers with reliable quality and local style.,9800,4.1,106,"fashion & accessories, bags, nepal, kathmandu craft, gift",False,True
P0076,Sagarmatha Daura Suruwal 76,Traditional Attire,Daura Suruwal,Sagarmatha,Daura Suruwal made for Nepali shoppers with reliable quality and local style.,350,5.0,25,"traditional attire, daura suruwal, nepal, sagarmatha, gift",False,True
P0077,Sagarmatha Saree 77,Traditional Attire,Saree,Sagarmatha,Saree made for Nepali shoppers with reliable quality and local style.,6500,3.6,206,"traditional attire, saree, nepal, sagarmatha, gift",True,True
P0078,Kathmandu Craft Sunglasses 78,Fashion & Accessories,Sunglasses,Kathmandu Craft,Sunglasses made for Nepali shoppers with reliable quality and local style.,6500,4.3,213,"fashion & accessories, sunglasses, nepal, kathmandu craft, gift",True,True
P0079,Janakpur Mart Tea 79,Daily Groceries,Tea,Janakpur Mart,Tea made for Nepali shoppers with reliable quality and local style.,4200,5.0,153,"daily groceries, tea, nepal, janakpur mart, gift",True,False
P0080,Kathmandu Craft Snacks 80,Daily Groceries,Snacks,Kathmandu Craft,Snacks made for Nepali shoppers with reliable quality and local style.,6500,4.1,370,"daily groceries, snacks, nepal, kathmandu craft, gift",True,True
P0081,Lalitpur Looms Stationery 81,Books & Education,Stationery,Lalitpur Looms,Stationery made for Nepali shoppers with reliable quality and local style.,4200,5.0,273,"books & education, stationery, nepal, lalitpur looms, gift",False,True
P0082,Himalaya Thangka 82,Handicrafts & Art,Thangka,Himalaya,Thangka made for Nepali shoppers with reliable quality and local style.,899,4.6,370,"handicrafts & art, thangka, nepal, himalaya, gift",False,True
P0083,Sagarmatha Sunglasses 83,Fashion & Accessories,Sunglasses,Sagarmatha,Sunglasses made for Nepali shoppers with reliable quality and local style.,9800,3.6,38,"fashion & accessories, sunglasses, nepal, sagarmatha, gift",False,True
P0084,Lalitpur Looms Appliances 84,Kitchen & Home,Appliances,Lalitpur Looms,Appliances made for Nepali shoppers with reliable quality and local style.,4200,4.3,85,"kitchen & home, appliances, nepal, lalitpur looms, gift",False,True
P0085,Janakpur Mart Exam Prep 85,Books & Education,Exam Prep,Janakpur Mart,Exam Prep made for Nepali shoppers with reliable quality and local style.,9800,4.1,67,"books & education, exam prep, nepal, janakpur mart, gift",True,True
P0086,Himalaya Bags 86,Fashion & Accessories,Bags,Himalaya,Bags made for Nepali shoppers with reliable quality and local style.,9800,4.5,108,"fashion & accessories, bags, nepal, himalaya, gift",False,True
P0087,Himalaya Bedding 87,Kitchen & Home,Bedding,Himalaya,Bedding made for Nepali shoppers with reliable quality and local style.,1250,5.0,263,"kitchen & home, bedding, nepal, himalaya, gift",False,True
P0088,Kathmandu Craft Woodcraft 88,Handicrafts & Art,Woodcraft,Kathmandu Craft,Woodcraft made for Nepali shoppers with reliable quality and local style.,899,4.6,41,"handicrafts & art, woodcraft, nepal, kathmandu craft, gift",False,True
P0089,Kathmandu Craft Snacks 89,Daily Groceries,Snacks,Kathmandu Craft,Snacks made for Nepali shoppers with reliable quality and local style.,2500,4.1,314,"daily groceries, snacks, nepal, kathmandu craft, gift",False,True
P0090,Sagarmatha Decor 90,Kitchen & Home,Decor,Sagarmatha,Decor made for Nepali shoppers with reliable quality and local style.,1800,4.5,376,"kitchen & home, decor, nepal, sagarmatha, gift",False,True
P0091,Himalaya Decor 91,Kitchen & Home,Decor,Himalaya,Decor made for Nepali shoppers with reliable quality and local style.,2500,3.7,111,"kitchen & home, decor, nepal, himalaya, gift",False,True
P0092,Himalaya Cookware 92,Kitchen & Home,Cookware,Himalaya,Cookware made for Nepali shoppers with reliable quality and local style.,6500,3.3,310,"kitchen & home, cookware, nepal, himalaya, gift",False,True
P0093,Himalaya Bags 93,Fashion & Accessories,Bags,Himalaya,Bags made for Nepali shoppers with reliable quality and local style.,899,2.6,35,"fashion & accessories, bags, nepal, himalaya, gift",False,True
P0094,Kathmandu Craft Children Books 94,Books & Education,Children Books,Kathmandu Craft,Children Books made for Nepali shoppers with reliable quality and local style.,2500,4.4,321,"books & education, children books, nepal, kathmandu craft, gift",True,True
P0095,Lalitpur Looms Appliances 95,Kitchen & Home,Appliances,Lalitpur Looms,Appliances made for Nepali shoppers with reliable quality and local style.,1250,5.0,61,"kitchen & home, appliances, nepal, lalitpur looms, gift",False,True
P0096,Himalaya Lokta Paper 96,Handicrafts & Art,Lokta Paper,Himalaya,Lokta Paper made for Nepali shoppers with reliable quality and local style.,6500,4.0,25,"handicrafts & art, lokta paper, nepal, himalaya, gift",False,True
P0097,Himalaya Lokta Paper 97,Handicrafts & Art,Lokta Paper,Himalaya,Lokta Paper made for Nepali shoppers with reliable quality and local style.,1800,3.7,274,"handicrafts & art, lokta paper, nepal, himalaya, gift",False,True
P0098,Lalitpur Looms Bedding 98,Kitchen & Home,Bedding,Lalitpur Looms,Bedding made for Nepali shoppers with reliable quality and local style.,1250,3.4,112,"kitchen & home, bedding, nepal, lalitpur looms, gift",False,True
P0099,Janakpur Mart Smart Watch 99,Electronics,Smart Watch,Janakpur Mart,Smart Watch made for Nepali shoppers with reliable quality and local style.,350,3.2,292,"electronics, smart watch, nepal, janakpur mart, gift",False,True
P0100,Kathmandu Craft Sunglasses 100,Fashion & Accessories,Sunglasses,Kathmandu Craft,Sunglasses made for Nepali shoppers with reliable quality and local style.,1250,4.4,332,"fashion & accessories, sunglasses, nepal, kathmandu craft, gift",False,True
P0101,Kathmandu Craft Metal Craft 101,Handicrafts & Art,Metal Craft,Kathmandu Craft,Metal Craft made for Nepali shoppers with reliable quality and local style.,350,3.6,260,"handicrafts & art, metal craft, nepal, kathmandu craft, gift",False,False
P0102,Janakpur Mart Daura Suruwal 102,Traditional Attire,Daura Suruwal,Janakpur Mart,Daura Suruwal made for Nepali shoppers with reliable quality and local style.,550,2.8,12,"traditional attire, daura suruwal, nepal, janakpur mart, gift",True,True
P0103,Himalaya Mobile 103,Electronics,Mobile,Himalaya,Mobile made for Nepali shoppers with reliable quality and local style.,1250,4.5,272,"electronics, mobile, nepal, himalaya, gift",False,True
P0104,NepTech Snacks 104,Daily Groceries,Snacks,NepTech,Snacks made for Nepali shoppers with reliable quality and local style.,6500,3.4,37,"daily groceries, snacks, nepal, neptech, gift",False,True
P0105,Himalaya Children Books 105,Books & Education,Children Books,Himalaya,Children Books made for Nepali shoppers with reliable quality and local style.,350,4.2,333,"books & education, children books, nepal, himalaya, gift",True,True
P0106,Kathmandu Craft Rice 106,Daily Groceries,Rice,Kathmandu Craft,Rice made for Nepali shoppers with reliable quality and local style.,9800,4.4,417,"daily groceries, rice, nepal, kathmandu craft, gift",False,True
P0107,Janakpur Mart Daura Suruwal 107,Traditional Attire,Daura Suruwal,Janakpur Mart,Daura Suruwal made for Nepali shoppers with reliable quality and local style.,899,4.1,59,"traditional attire, daura suruwal, nepal, janakpur mart, gift",False,True
P0108,Lalitpur Looms Children Books 108,Books & Education,Children Books,Lalitpur Looms,Children Books made for Nepali shoppers with reliable quality and local style.,6500,4.2,266,"books & education, children books, nepal, lalitpur looms, gift",False,True
P0109,NepTech Saree 109,Traditional Attire,Saree,NepTech,Saree made for Nepali shoppers with reliable quality and local style.,899,4.2,378,"traditional attire, saree, nepal, neptech, gift",False,True
P0110,NepTech Rice 110,Daily Groceries,Rice,NepTech,Rice made for Nepali shoppers with reliable quality and local style.,1250,3.8,88,"daily groceries, rice, nepal, neptech, gift",False,True
P0111,Janakpur Mart Dhaka Topi 111,Traditional Attire,Dhaka Topi,Janakpur Mart,Dhaka Topi made for Nepali shoppers with reliable quality and local style.,9800,3.7,103,"traditional attire, dhaka topi, nepal, janakpur mart, gift",False,True
P0112,Sagarmatha Spices 112,Daily Groceries,Spices,Sagarmatha,Spices made for Nepali shoppers with reliable quality and local style.,899,5.0,124,"daily groceries, spices, nepal, sagarmatha, gift",False,True
P0113,Kathmandu Craft Metal Craft 113,Handicrafts & Art,Metal Craft,Kathmandu Craft,Metal Craft made for Nepali shoppers with reliable quality and local style.,4200,5.0,144,"handicrafts & art, metal craft, nepal, kathmandu craft, gift",False,True
P0114,Kathmandu Craft Smart Watch 114,Electronics,Smart Watch,Kathmandu Craft,Smart Watch made for Nepali shoppers with reliable quality and local style.,4200,3.1,308,"electronics, smart watch, nepal, kathmandu craft, gift",False,True
P0115,Lalitpur Looms Jewellery 115,Fashion & Accessories,Jewellery,Lalitpur Looms,Jewellery made for Nepali shoppers with reliable quality and local style.,899,2.7,66,"fashion & accessories, jewellery, nepal, lalitpur looms, gift",False,True
P0116,Himalaya Mobile 116,Electronics,Mobile,Himalaya,Mobile made for Nepali shoppers with reliable quality and local style.,6500,4.8,41,"electronics, mobile, nepal, himalaya, gift",False,True
P0117,Himalaya Cookware 117,Kitchen & Home,Cookware,Himalaya,Cookware made for Nepali shoppers with reliable quality and local style.,350,4.5,419,"kitchen & home, cookware, nepal, himalaya, gift",False,True
P0118,NepTech Tea 118,Daily Groceries,Tea,NepTech,Tea made for Nepali shoppers with reliable quality and local style.,9800,4.0,96,"daily groceries, tea, nepal, neptech, gift",False,True
P0119,Sagarmatha Headphones 119,Electronics,Headphones,Sagarmatha,Headphones made for Nepali shoppers with reliable quality and local style.,4200,3.8,321,"electronics, headphones, nepal, sagarmatha, gift",False,True
P0120,Sagarmatha Saree 120,Traditional Attire,Saree,Sagarmatha,Saree made for Nepali shoppers with reliable quality and local style.,14500,3.8,352,"traditional attire, saree, nepal, sagarmatha, gift",False,True
P0121,Lalitpur Looms Headphones 121,Electronics,Headphones,Lalitpur Looms,Headphones made for Nepali shoppers with reliable quality and local style.,1250,5.0,14,"electronics, headphones, nepal, lalitpur looms, gift",False,True
P0122,NepTech Literature 122,Books & Education,Literature,NepTech,Literature made for Nepali shoppers with reliable quality and local style.,1800,3.5,156,"books & education, literature, nepal, neptech, gift",False,True
P0123,Janakpur Mart Exam Prep 123,Books & Education,Exam Prep,Janakpur Mart,Exam Prep made for Nepali shoppers with reliable quality and local style.,550,4.0,419,"books & education, exam prep, nepal, janakpur mart, gift",False,True
P0124,Janakpur Mart Literature 124,Books & Education,Literature,Janakpur Mart,Literature made for Nepali shoppers with reliable quality and local style.,1800,3.9,147,"books & education, literature, nepal, janakpur mart, gift",False,True
P0125,Sagarmatha Saree 125,Traditional Attire,Saree,Sagarmatha,Saree made for Nepali shoppers with reliable quality and local style.,14500,3.4,22,"traditional attire, saree, nepal, sagarmatha, gift",True,True
P0126,Janakpur Mart Daura Suruwal 126,Traditional Attire,Daura Suruwal,Janakpur Mart,Daura Suruwal made for Nepali shoppers with reliable quality and local style.,14500,3.6,140,"traditional attire, daura suruwal, nepal, janakpur mart, gift",False,True
P0127,Sagarmatha Tea 127,Daily Groceries,Tea,Sagarmatha,Tea made for Nepali shoppers with reliable quality and local style.,550,3.9,315,"daily groceries, tea, nepal, sagarmatha, gift",False,True
P0128,Janakpur Mart Headphones 128,Electronics,Headphones,Janakpur Mart,Headphones made for Nepali shoppers with reliable quality and local style.,1250,4.0,323,"electronics, headphones, nepal, janakpur mart, gift",False,True
P0129,Janakpur Mart Headphones 129,Electronics,Headphones,Janakpur Mart,Headphones made for Nepali shoppers with reliable quality and local style.,1800,3.6,91,"electronics, headphones, nepal, janakpur mart, gift",False,True
P0130,NepTech Jewellery 130,Fashion & Accessories,Jewellery,NepTech,Jewellery made for Nepali shoppers with reliable quality and local style.,9800,4.3,50,"fashion & accessories, jewellery, nepal, neptech, gift",False,True
P0131,Himalaya Bedding 131,Kitchen & Home,Bedding,Himalaya,Bedding made for Nepali shoppers with reliable quality and local style.,6500,3.8,345,"kitchen & home, bedding, nepal, himalaya, gift",False,True
P0132,Sagarmatha Dhaka Topi 132,Traditional Attire,Dhaka Topi,Sagarmatha,Dhaka Topi made for Nepali shoppers with reliable quality and local style.,2500,3.7,312,"traditional attire, dhaka topi, nepal, sagarmatha, gift",True,True
P0133,Sagarmatha Daura Suruwal 133,Traditional Attire,Daura Suruwal,Sagarmatha,Daura Suruwal made for Nepali shoppers with reliable quality and local style.,2500,5.0,148,"traditional attire, daura suruwal, nepal, sagarmatha, gift",False,True
P0134,Janakpur Mart Children Books 134,Books & Education,Children Books,Janakpur Mart,Children Books made for Nepali shoppers with reliable quality and local style.,1800,4.3,136,"books & education, children books, nepal, janakpur mart, gift",False,True
P0135,Janakpur Mart Headphones 135,Electronics,Headphones,Janakpur Mart,Headphones made for Nepali shoppers with reliable quality and local style.,9800,4.5,74,"electronics, headphones, nepal, janakpur mart, gift",False,True
P0136,NepTech Appliances 136,Kitchen & Home,Appliances,NepTech,Appliances made for Nepali shoppers with reliable quality and local style.,4200,2.7,209,"kitchen & home, appliances, nepal, neptech, gift",False,True
P0137,Himalaya Daura Suruwal 137,Traditional Attire,Daura Suruwal,Himalaya,Daura Suruwal made for Nepali shoppers with reliable quality and local style.,350,3.8,250,"traditional attire, daura suruwal, nepal, himalaya, gift",False,True
P0138,NepTech Shoes 138,Fashion & Accessories,Shoes,NepTech,Shoes made for Nepali shoppers with reliable quality and local style.,6500,4.0,24,"fashion & accessories, shoes, nepal, neptech, gift",False,True
P0139,NepTech Kurta 139,Traditional Attire,Kurta,NepTech,Kurta made for Nepali shoppers with reliable quality and local style.,2500,3.6,153,"traditional attire, kurta, nepal, neptech, gift",False,False
P0140,Lalitpur Looms Tea 140,Daily Groceries,Tea,Lalitpur Looms,Tea made for Nepali shoppers with reliable quality and local style.,1800,4.5,48,"daily groceries, tea, nepal, lalitpur looms, gift",False,True
P0141,Sagarmatha Thangka 141,Handicrafts & Art,Thangka,Sagarmatha,Thangka made for Nepali shoppers with reliable quality and local style.,1250,5.0,341,"handicrafts & art, thangka, nepal, sagarmatha, gift",False,True
P0142,Sagarmatha Mobile 142,Electronics,Mobile,Sagarmatha,Mobile made for Nepali shoppers with reliable quality and local style.,6500,3.1,48,"electronics, mobile, nepal, sagarmatha, gift",False,True
P0143,Janakpur Mart Woodcraft 143,Handicrafts & Art,Woodcraft,Janakpur Mart,Woodcraft made for Nepali shoppers with reliable quality and local style.,4200,4.7,317,"handicrafts & art, woodcraft, nepal, janakpur mart, gift",False,True
P0144,NepTech Kurta 144,Traditional Attire,Kurta,NepTech,Kurta made for Nepali shoppers with reliable quality and local style.,350,3.8,285,"traditional attire, kurta, nepal, neptech, gift",False,True
P0145,NepTech Stationery 145,Books & Education,Stationery,NepTech,Stationery made for Nepali shoppers with reliable quality and local style.,899,4.8,112,"books & education, stationery, nepal, neptech, gift",False,True
P0146,Kathmandu Craft Shoes 146,Fashion & Accessories,Shoes,Kathmandu Craft,Shoes made for Nepali shoppers with reliable quality and local style.,2500,2.5,318,"fashion & accessories, shoes, nepal, kathmandu craft, gift",False,True
P0147,Kathmandu Craft Children Books 147,Books & Education,Children Books,Kathmandu Craft,Children Books made for Nepali shoppers with reliable quality and local style.,6500,3.2,365,"books & education, children books, nepal, kathmandu craft, gift",False,True
P0148,Kathmandu Craft Cookware 148,Kitchen & Home,Cookware,Kathmandu Craft,Cookware made for Nepali shoppers with reliable quality and local style.,350,3.6,86,"kitchen & home, cookware, nepal, kathmandu craft, gift",False,True
P0149,Lalitpur Looms Jewellery 149,Fashion & Accessories,Jewellery,Lalitpur Looms,Jewellery made for Nepali shoppers with reliable quality and local style.,550,3.9,312,"fashion & accessories, jewellery, nepal, lalitpur looms, gift",True,True
P0150,Sagarmatha Children Books 150,Books & Education,Children Books,Sagarmatha,Children Books made for Nepali shoppers with reliable quality and local style.,6500,4.6,254,"books & education, children books, nepal, sagarmatha, gift",False,False
P0151,Lalitpur Looms Thangka 151,Handicrafts & Art,Thangka,Lalitpur Looms,Thangka made for Nepali shoppers with reliable quality and local style.,2500,4.4,50,"handicrafts & art, thangka, nepal, lalitpur looms, gift",False,True
P0152,Lalitpur Looms Exam Prep 152,Books & Education,Exam Prep,Lalitpur Looms,Exam Prep made for Nepali shoppers with reliable quality and local style.,6500,3.0,417,"books & education, exam prep, nepal, lalitpur looms, gift",False,True
P0153,Lalitpur Looms Woodcraft 153,Handicrafts & Art,Woodcraft,Lalitpur Looms,Woodcraft made for Nepali shoppers with reliable quality and local style.,6500,4.4,399,"handicrafts & art, woodcraft, nepal, lalitpur looms, gift",False,True
P0154,Kathmandu Craft Accessories 154,Electronics,Accessories,Kathmandu Craft,Accessories made for Nepali shoppers with reliable quality and local style.,1800,4.2,181,"electronics, accessories, nepal, kathmandu craft, gift",False,True
P0155,Janakpur Mart Thangka 155,Handicrafts & Art,Thangka,Janakpur Mart,Thangka made for Nepali shoppers with reliable quality and local style.,4200,3.1,1,"handicrafts & art, thangka, nepal, janakpur mart, gift",False,True
P0156,Sagarmatha Lokta Paper 156,Handicrafts & Art,Lokta Paper,Sagarmatha,Lokta Paper made for Nepali shoppers with reliable quality and local style.,1800,5.0,403,"handicrafts & art, lokta paper, nepal, sagarmatha, gift",True,True
P0157,Sagarmatha Mobile 157,Electronics,Mobile,Sagarmatha,Mobile made for Nepali shoppers with reliable quality and local style.,550,3.8,19,"electronics, mobile, nepal, sagarmatha, gift",False,True
P0158,Janakpur Mart Smart Watch 158,Electronics,Smart Watch,Janakpur Mart,Smart Watch made for Nepali shoppers with reliable quality and local style.,2500,3.9,255,"electronics, smart watch, nepal, janakpur mart, gift",False,True
P0159,Himalaya Literature 159,Books & Education,Literature,Himalaya,Literature made for Nepali shoppers with reliable quality and local style.,550,3.8,341,"books & education, literature, nepal, himalaya, gift",False,True
P0160,Kathmandu Craft Kurta 160,Traditional Attire,Kurta,Kathmandu Craft,Kurta made for Nepali shoppers with reliable quality and local style.,350,4.3,201,"traditional attire, kurta, nepal, kathmandu craft, gift",False,True
P0161,Himalaya Spices 161,Daily Groceries,Spices,Himalaya,Spices made for Nepali shoppers with reliable quality and local style.,4200,3.8,114,"daily groceries, spices, nepal, himalaya, gift",False,True
P0162,Sagarmatha Dhaka Topi 162,Traditional Attire,Dhaka Topi,Sagarmatha,Dhaka Topi made for Nepali shoppers with reliable quality and local style.,9800,4.7,39,"traditional attire, dhaka topi, nepal, sagarmatha, gift",False,True
P0163,Lalitpur Looms Jewellery 163,Fashion & Accessories,Jewellery,Lalitpur Looms,Jewellery made for Nepali shoppers with reliable quality and local style.,9800,3.7,234,"fashion & accessories, jewellery, nepal, lalitpur looms, gift",False,True
P0164,Lalitpur Looms Rice 164,Daily Groceries,Rice,Lalitpur Looms,Rice made for Nepali shoppers with reliable quality and local style.,14500,3.8,28,"daily groceries, rice, nepal, lalitpur looms, gift",False,True
P0165,Sagarmatha Tea 165,Daily Groceries,Tea,Sagarmatha,Tea made for Nepali shoppers with reliable quality and local style.,4200,4.5,127,"daily groceries, tea, nepal, sagarmatha, gift",False,True
P0166,Himalaya Dhaka Topi 166,Traditional Attire,Dhaka Topi,Himalaya,Dhaka Topi made for Nepali shoppers with reliable quality and local style.,1250,4.3,40,"traditional attire, dhaka topi, nepal, himalaya, gift",False,True
P0167,Sagarmatha Tea 167,Daily Groceries,Tea,Sagarmatha,Tea made for Nepali shoppers with reliable quality and local style.,350,4.0,75,"daily groceries, tea, nepal, sagarmatha, gift",False,True
P0168,Janakpur Mart Cookware 168,Kitchen & Home,Cookware,Janakpur Mart,Cookware made for Nepali shoppers with reliable quality and local style.,14500,2.6,341,"kitchen & home, cookware, nepal, janakpur mart, gift",False,True
P0169,Janakpur Mart Accessories 169,Electronics,Accessories,Janakpur Mart,Accessories made for Nepali shoppers with reliable quality and local style.,9800,4.5,97,"electronics, accessories, nepal, janakpur mart, gift",False,True
P0170,Janakpur Mart Exam Prep 170,Books & Education,Exam Prep,Janakpur Mart,Exam Prep made for Nepali shoppers with reliable quality and local style.,9800,3.5,308,"books & education, exam prep, nepal, janakpur mart, gift",False,True
P0171,Janakpur Mart Accessories 171,Electronics,Accessories,Janakpur Mart,Accessories made for Nepali shoppers with reliable quality and local style.,350,3.0,121,"electronics, accessories, nepal, janakpur mart, gift",False,True
P0172,Lalitpur Looms Bedding 172,Kitchen & Home,Bedding,Lalitpur Looms,Bedding made for Nepali shoppers with reliable quality and local style.,550,3.3,309,"kitchen & home, bedding, nepal, lalitpur looms, gift",False,True
P0173,NepTech Jewellery 173,Fashion & Accessories,Jewellery,NepTech,Jewellery made for Nepali shoppers with reliable quality and local style.,899,4.1,28,"fashion & accessories, jewellery, nepal, neptech, gift",False,True
P0174,Lalitpur Looms Woodcraft 174,Handicrafts & Art,Woodcraft,Lalitpur Looms,Woodcraft made for Nepali shoppers with reliable quality and local style.,6500,3.9,10,"handicrafts & art, woodcraft, nepal, lalitpur looms, gift",True,True
P0175,Janakpur Mart Sunglasses 175,Fashion & Accessories,Sunglasses,Janakpur Mart,Sunglasses made for Nepali shoppers with reliable quality and local style.,350,4.4,309,"fashion & accessories, sunglasses, nepal, janakpur mart, gift",False,True
P0176,NepTech Shoes 176,Fashion & Accessories,Shoes,NepTech,Shoes made for Nepali shoppers with reliable quality and local style.,6500,4.8,245,"fashion & accessories, shoes, nepal, neptech, gift",False,True
P0177,Lalitpur Looms Spices 177,Daily Groceries,Spices,Lalitpur Looms,Spices made for Nepali shoppers with reliable quality and local style.,6500,4.3,336,"daily groceries, spices, nepal, lalitpur looms, gift",False,True
P0178,Sagarmatha Rice 178,Daily Groceries,Rice,Sagarmatha,Rice made for Nepali shoppers with reliable quality and local style.,550,3.2,200,"daily groceries, rice, nepal, sagarmatha, gift",False,True
P0179,Lalitpur Looms Headphones 179,Electronics,Headphones,Lalitpur Looms,Headphones made for Nepali shoppers with reliable quality and local style.,1800,3.3,128,"electronics, headphones, nepal, lalitpur looms, gift",False,True
P0180,Lalitpur Looms Literature 180,Books & Education,Literature,Lalitpur Looms,Literature made for Nepali shoppers with reliable quality and local style.,6500,3.3,41,"books & education, literature, nepal, lalitpur looms, gift",False,True
P0181,Janakpur Mart Appliances 181,Kitchen & Home,Appliances,Janakpur Mart,Appliances made for Nepali shoppers with reliable quality and local style.,899,4.3,171,"kitchen & home, appliances, nepal, janakpur mart, gift",False,True
P0182,Janakpur Mart Lokta Paper 182,Handicrafts & Art,Lokta Paper,Janakpur Mart,Lokta Paper made for Nepali shoppers with reliable quality and local style.,2500,4.3,353,"handicrafts & art, lokta paper, nepal, janakpur mart, gift",False,True
P0183,Sagarmatha Thangka 183,Handicrafts & Art,Thangka,Sagarmatha,Thangka made for Nepali shoppers with reliable quality and local style.,1800,3.3,317,"handicrafts & art, thangka, nepal, sagarmatha, gift",True,True
P0184,Himalaya Spices 184,Daily Groceries,Spices,Himalaya,Spices made for Nepali shoppers with reliable quality and local style.,899,3.9,263,"daily groceries, spices, nepal, himalaya, gift",False,True
P0185,Janakpur Mart Children Books 185,Books & Education,Children Books,Janakpur Mart,Children Books made for Nepali shoppers with reliable quality and local style.,350,4.7,197,"books & education, children books, nepal, janakpur mart, gift",False,True
P0186,Kathmandu Craft Headphones 186,Electronics,Headphones,Kathmandu Craft,Headphones made for Nepali shoppers with reliable quality and local style.,550,4.6,88,"electronics, headphones, nepal, kathmandu craft, gift",True,True
P0187,Himalaya Thangka 187,Handicrafts & Art,Thangka,Himalaya,Thangka made for Nepali shoppers with reliable quality and local style.,14500,4.1,287,"handicrafts & art, thangka, nepal, himalaya, gift",False,True
P0188,NepTech Lokta Paper 188,Handicrafts & Art,Lokta Paper,NepTech,Lokta Paper made for Nepali shoppers with reliable quality and local style.,4200,3.8,400,"handicrafts & art, lokta paper, nepal, neptech, gift",False,True
P0189,Lalitpur Looms Exam Prep 189,Books & Education,Exam Prep,Lalitpur Looms,Exam Prep made for Nepali shoppers with reliable quality and local style.,1800,2.9,334,"books & education, exam prep, nepal, lalitpur looms, gift",False,True
P0190,Janakpur Mart Decor 190,Kitchen & Home,Decor,Janakpur Mart,Decor made for Nepali shoppers with reliable quality and local style.,9800,3.8,370,"kitchen & home, decor, nepal, janakpur mart, gift",False,True
P0191,Lalitpur Looms Sunglasses 191,Fashion & Accessories,Sunglasses,Lalitpur Looms,Sunglasses made for Nepali shoppers with reliable quality and local style.,550,4.7,222,"fashion & accessories, sunglasses, nepal, lalitpur looms, gift",False,True
P0192,Kathmandu Craft Decor 192,Kitchen & Home,Decor,Kathmandu Craft,Decor made for Nepali shoppers with reliable quality and local style.,4200,3.8,401,"kitchen & home, decor, nepal, kathmandu craft, gift",False,True
P0193,Himalaya Bags 193,Fashion & Accessories,Bags,Himalaya,Bags made for Nepali shoppers with reliable quality and local style.,4200,4.1,107,"fashion & accessories, bags, nepal, himalaya, gift",False,True
P0194,Kathmandu Craft Stationery 194,Books & Education,Stationery,Kathmandu Craft,Stationery made for Nepali shoppers with reliable quality and local style.,550,3.7,130,"books & education, stationery, nepal, kathmandu craft, gift",True,True
P0195,Himalaya Lokta Paper 195,Handicrafts & Art,Lokta Paper,Himalaya,Lokta Paper made for Nepali shoppers with reliable quality and local style.,6500,2.9,38,"handicrafts & art, lokta paper, nepal, himalaya, gift",True,True
P0196,Himalaya Tea 196,Daily Groceries,Tea,Himalaya,Tea made for Nepali shoppers with reliable quality and local style.,350,3.3,3,"daily groceries, tea, nepal, himalaya, gift",False,True
P0197,Lalitpur Looms Decor 197,Kitchen & Home,Decor,Lalitpur Looms,Decor made for Nepali shoppers with reliable quality and local style.,9800,4.1,107,"kitchen & home, decor, nepal, lalitpur looms, gift",False,True
P0198,Lalitpur Looms Jewellery 198,Fashion & Accessories,Jewellery,Lalitpur Looms,Jewellery made for Nepali shoppers with reliable quality and local style.,4200,4.9,226,"fashion & accessories, jewellery, nepal, lalitpur looms, gift",False,True
P0199,NepTech Snacks 199,Daily Groceries,Snacks,NepTech,Snacks made for Nepali shoppers with reliable quality and local style.,4200,3.8,95,"daily groceries, snacks, nepal, neptech, gift",False,True
P0200,Janakpur Mart Decor 200,Kitchen & Home,Decor,Janakpur Mart,Decor made for Nepali shoppers with reliable quality and local style.,4200,3.3,301,"kitchen & home, decor, nepal, janakpur mart, gift",False,True
P0201,Lalitpur Looms Stationery 201,Books & Education,Stationery,Lalitpur Looms,Stationery made for Nepali shoppers with reliable quality and local style.,350,3.7,184,"books & education, stationery, nepal, lalitpur looms, gift",False,True
P0202,Janakpur Mart Headphones 202,Electronics,Headphones,Janakpur Mart,Headphones made for Nepali shoppers with reliable quality and local style.,9800,2.6,265,"electronics, headphones, nepal, janakpur mart, gift",False,True
P0203,Janakpur Mart Smart Watch 203,Electronics,Smart Watch,Janakpur Mart,Smart Watch made for Nepali shoppers with reliable quality and local style.,4200,5.0,176,"electronics, smart watch, nepal, janakpur mart, gift",False,True
P0204,Lalitpur Looms Metal Craft 204,Handicrafts & Art,Metal Craft,Lalitpur Looms,Metal Craft made for Nepali shoppers with reliable quality and local style.,6500,4.1,157,"handicrafts & art, metal craft, nepal, lalitpur looms, gift",False,True
P0205,Kathmandu Craft Kurta 205,Traditional Attire,Kurta,Kathmandu Craft,Kurta made for Nepali shoppers with reliable quality and local style.,550,2.9,343,"traditional attire, kurta, nepal, kathmandu craft, gift",True,True
P0206,Sagarmatha Accessories 206,Electronics,Accessories,Sagarmatha,Accessories made for Nepali shoppers with reliable quality and local style.,14500,3.3,292,"electronics, accessories, nepal, sagarmatha, gift",False,True
P0207,Kathmandu Craft Rice 207,Daily Groceries,Rice,Kathmandu Craft,Rice made for Nepali shoppers with reliable quality and local style.,2500,4.5,225,"daily groceries, rice, nepal, kathmandu craft, gift",False,True
P0208,Lalitpur Looms Woodcraft 208,Handicrafts & Art,Woodcraft,Lalitpur Looms,Woodcraft made for Nepali shoppers with reliable quality and local style.,1250,4.1,259,"handicrafts & art, woodcraft, nepal, lalitpur looms, gift",False,True
P0209,Janakpur Mart Shoes 209,Fashion & Accessories,Shoes,Janakpur Mart,Shoes made for Nepali shoppers with reliable quality and local style.,1250,3.7,242,"fashion & accessories, shoes, nepal, janakpur mart, gift",False,True
P0210,Lalitpur Looms Thangka 210,Handicrafts & Art,Thangka,Lalitpur Looms,Thangka made for Nepali shoppers with reliable quality and local style.,14500,4.3,106,"handicrafts & art, thangka, nepal, lalitpur looms, gift",True,True
P0211,NepTech Bedding 211,Kitchen & Home,Bedding,NepTech,Bedding made for Nepali shoppers with reliable quality and local style.,14500,4.3,53,"kitchen & home, bedding, nepal, neptech, gift",False,True
P0212,Himalaya Appliances 212,Kitchen & Home,Appliances,Himalaya,Appliances made for Nepali shoppers with reliable quality and local style.,350,4.3,8,"kitchen & home, appliances, nepal, himalaya, gift",True,True
P0213,Lalitpur Looms Lokta Paper 213,Handicrafts & Art,Lokta Paper,Lalitpur Looms,Lokta Paper made for Nepali shoppers with reliable quality and local style.,14500,3.1,418,"handicrafts & art, lokta paper, nepal, lalitpur looms, gift",False,True
P0214,NepTech Exam Prep 214,Books & Education,Exam Prep,NepTech,Exam Prep made for Nepali shoppers with reliable quality and local style.,350,4.1,215,"books & education, exam prep, nepal, neptech, gift",False,True
P0215,Himalaya Appliances 215,Kitchen & Home,Appliances,Himalaya,Appliances made for Nepali shoppers with reliable quality and local style.,899,3.6,88,"kitchen & home, appliances, nepal, himalaya, gift",False,True
P0216,Lalitpur Looms Accessories 216,Electronics,Accessories,Lalitpur Looms,Accessories made for Nepali shoppers with reliable quality and local style.,1800,3.6,97,"electronics, accessories, nepal, lalitpur looms, gift",False,True
P0217,NepTech Stationery 217,Books & Education,Stationery,NepTech,Stationery made for Nepali shoppers with reliable quality and local style.,6500,3.7,136,"books & education, stationery, nepal, neptech, gift",False,False
P0218,Lalitpur Looms Shoes 218,Fashion & Accessories,Shoes,Lalitpur Looms,Shoes made for Nepali shoppers with reliable quality and local style.,550,3.8,331,"fashion & accessories, shoes, nepal, lalitpur looms, gift",False,False
P0219,Lalitpur Looms Metal Craft 219,Handicrafts & Art,Metal Craft,Lalitpur Looms,Metal Craft made for Nepali shoppers with reliable quality and local style.,6500,4.1,225,"handicrafts & art, metal craft, nepal, lalitpur looms, gift",False,True
P0220,Lalitpur Looms Cookware 220,Kitchen & Home,Cookware,Lalitpur Looms,Cookware made for Nepali shoppers with reliable quality and local style.,2500,4.1,327,"kitchen & home, cookware, nepal, lalitpur looms, gift",False,True
P0221,Janakpur Mart Smart Watch 221,Electronics,Smart Watch,Janakpur Mart,Smart Watch made for Nepali shoppers with reliable quality and local style.,14500,4.3,175,"electronics, smart watch, nepal, janakpur mart, gift",False,True
P0222,Kathmandu Craft Lokta Paper 222,Handicrafts & Art,Lokta Paper,Kathmandu Craft,Lokta Paper made for Nepali shoppers with reliable quality and local style.,1800,4.0,80,"handicrafts & art, lokta paper, nepal, kathmandu craft, gift",False,False
P0223,Lalitpur Looms Rice 223,Daily Groceries,Rice,Lalitpur Looms,Rice made for Nepali shoppers with reliable quality and local style.,899,3.7,353,"daily groceries, rice, nepal, lalitpur looms, gift",False,True
P0224,Himalaya Rice 224,Daily Groceries,Rice,Himalaya,Rice made for Nepali shoppers with reliable quality and local style.,350,4.6,261,"daily groceries, rice, nepal, himalaya, gift",False,True
P0225,Kathmandu Craft Sunglasses 225,Fashion & Accessories,Sunglasses,Kathmandu Craft,Sunglasses made for Nepali shoppers with reliable quality and local style.,6500,3.6,303,"fashion & accessories, sunglasses, nepal, kathmandu craft, gift",False,True
P0226,Kathmandu Craft Stationery 226,Books & Education,Stationery,Kathmandu Craft,Stationery made for Nepali shoppers with reliable quality and local style.,9800,3.7,180,"books & education, stationery, nepal, kathmandu craft, gift",False,True
P0227,Lalitpur Looms Kurta 227,Traditional Attire,Kurta,Lalitpur Looms,Kurta made for Nepali shoppers with reliable quality and local style.,2500,4.1,44,"traditional attire, kurta, nepal, lalitpur looms, gift",False,True
P0228,Lalitpur Looms Headphones 228,Electronics,Headphones,Lalitpur Looms,Headphones made for Nepali shoppers with reliable quality and local style.,899,3.9,30,"electronics, headphones, nepal, lalitpur looms, gift",False,True
P0229,Lalitpur Looms Accessories 229,Electronics,Accessories,Lalitpur Looms,Accessories made for Nepali shoppers with reliable quality and local style.,14500,3.7,38,"electronics, accessories, nepal, lalitpur looms, gift",False,True
P0230,Sagarmatha Smart Watch 230,Electronics,Smart Watch,Sagarmatha,Smart Watch made for Nepali shoppers with reliable quality and local style.,1250,4.4,257,"electronics, smart watch, nepal, sagarmatha, gift",False,True
P0231,Lalitpur Looms Exam Prep 231,Books & Education,Exam Prep,Lalitpur Looms,Exam Prep made for Nepali shoppers with reliable quality and local style.,4200,4.4,359,"books & education, exam prep, nepal, lalitpur looms, gift",False,True
P0232,Sagarmatha Daura Suruwal 232,Traditional Attire,Daura Suruwal,Sagarmatha,Daura Suruwal made for Nepali shoppers with reliable quality and local style.,6500,3.0,364,"traditional attire, daura suruwal, nepal, sagarmatha, gift",False,True
P0233,Janakpur Mart Thangka 233,Handicrafts & Art,Thangka,Janakpur Mart,Thangka made for Nepali shoppers with reliable quality and local style.,2500,4.7,411,"handicrafts & art, thangka, nepal, janakpur mart, gift",False,True
P0234,Kathmandu Craft Daura Suruwal 234,Traditional Attire,Daura Suruwal,Kathmandu Craft,Daura Suruwal made for Nepali shoppers with reliable quality and local style.,1800,3.9,277,"traditional attire, daura suruwal, nepal, kathmandu craft, gift",False,True
P0235,NepTech Thangka 235,Handicrafts & Art,Thangka,NepTech,Thangka made for Nepali shoppers with reliable quality and local style.,1250,3.9,16,"handicrafts & art, thangka, nepal, neptech, gift",False,True
P0236,Kathmandu Craft Woodcraft 236,Handicrafts & Art,Woodcraft,Kathmandu Craft,Woodcraft made for Nepali shoppers with reliable quality and local style.,350,3.8,393,"handicrafts & art, woodcraft, nepal, kathmandu craft, gift",False,True
P0237,NepTech Cookware 237,Kitchen & Home,Cookware,NepTech,Cookware made for Nepali shoppers with reliable quality and local style.,2500,3.7,305,"kitchen & home, cookware, nepal, neptech, gift",False,True
P0238,Janakpur Mart Lokta Paper 238,Handicrafts & Art,Lokta Paper,Janakpur Mart,Lokta Paper made for Nepali shoppers with reliable quality and local style.,1250,4.1,250,"handicrafts & art, lokta paper, nepal, janakpur mart, gift",False,True
P0239,Kathmandu Craft Accessories 239,Electronics,Accessories,Kathmandu Craft,Accessories made for Nepali shoppers with reliable quality and local style.,4200,4.6,57,"electronics, accessories, nepal, kathmandu craft, gift",True,False
P0240,Kathmandu Craft Rice 240,Daily Groceries,Rice,Kathmandu Craft,Rice made for Nepali shoppers with reliable quality and local style.,550,3.7,225,"daily groceries, rice, nepal, kathmandu craft, gift",False,True
P0241,NepTech Mobile 241,Electronics,Mobile,NepTech,Mobile made for Nepali shoppers with reliable quality and local style.,350,4.7,74,"electronics, mobile, nepal, neptech, gift",False,True
P0242,NepTech Kurta 242,Traditional Attire,Kurta,NepTech,Kurta made for Nepali shoppers with reliable quality and local style.,550,4.1,174,"traditional attire, kurta, nepal, neptech, gift",False,True
P0243,Lalitpur Looms Sunglasses 243,Fashion & Accessories,Sunglasses,Lalitpur Looms,Sunglasses made for Nepali shoppers with reliable quality and local style.,2500,4.2,356,"fashion & accessories, sunglasses, nepal, lalitpur looms, gift",False,True
P0244,Himalaya Shoes 244,Fashion & Accessories,Shoes,Himalaya,Shoes made for Nepali shoppers with reliable quality and local style.,2500,4.1,146,"fashion & accessories, shoes, nepal, himalaya, gift",False,True
P0245,Himalaya Tea 245,Daily Groceries,Tea,Himalaya,Tea made for Nepali shoppers with reliable quality and local style.,899,3.4,14,"daily groceries, tea, nepal, himalaya, gift",False,True
P0246,Janakpur Mart Jewellery 246,Fashion & Accessories,Jewellery,Janakpur Mart,Jewellery made for Nepali shoppers with reliable quality and local style.,899,3.4,319,"fashion & accessories, jewellery, nepal, janakpur mart, gift",False,True
P0247,NepTech Rice 247,Daily Groceries,Rice,NepTech,Rice made for Nepali shoppers with reliable quality and local style.,6500,4.5,207,"daily groceries, rice, nepal, neptech, gift",False,True
P0248,Sagarmatha Exam Prep 248,Books & Education,Exam Prep,Sagarmatha,Exam Prep made for Nepali shoppers with reliable quality and local style.,9800,3.8,144,"books & education, exam prep, nepal, sagarmatha, gift",False,True
P0249,Janakpur Mart Snacks 249,Daily Groceries,Snacks,Janakpur Mart,Snacks made for Nepali shoppers with reliable quality and local style.,6500,4.3,198,"daily groceries, snacks, nepal, janakpur mart, gift",False,True
P0250,NepTech Mobile 250,Electronics,Mobile,NepTech,Mobile made for Nepali shoppers with reliable quality and local style.,1800,4.2,23,"electronics, mobile, nepal, neptech, gift",False,True
P0251,Himalaya Jewellery 251,Fashion & Accessories,Jewellery,Himalaya,Jewellery made for Nepali shoppers with reliable quality and local style.,899,3.9,221,"fashion & accessories, jewellery, nepal, himalaya, gift",False,True
P0252,Lalitpur Looms Stationery 252,Books & Education,Stationery,Lalitpur Looms,Stationery made for Nepali shoppers with reliable quality and local style.,350,3.3,381,"books & education, stationery, nepal, lalitpur looms, gift",False,True
P0253,Sagarmatha Dhaka Topi 253,Traditional Attire,Dhaka Topi,Sagarmatha,Dhaka Topi made for Nepali shoppers with reliable quality and local style.,1250,3.2,318,"traditional attire, dhaka topi, nepal, sagarmatha, gift",False,True
P0254,Janakpur Mart Sunglasses 254,Fashion & Accessories,Sunglasses,Janakpur Mart,Sunglasses made for Nepali shoppers with reliable quality and local style.,1800,4.2,116,"fashion & accessories, sunglasses, nepal, janakpur mart, gift",False,True
P0255,Kathmandu Craft Lokta Paper 255,Handicrafts & Art,Lokta Paper,Kathmandu Craft,Lokta Paper made for Nepali shoppers with reliable quality and local style.,6500,3.8,71,"handicrafts & art, lokta paper, nepal, kathmandu craft, gift",False,True
P0256,NepTech Jewellery 256,Fashion & Accessories,Jewellery,NepTech,Jewellery made for Nepali shoppers with reliable quality and local style.,550,3.0,365,"fashion & accessories, jewellery, nepal, neptech, gift",False,True
P0257,Lalitpur Looms Stationery 257,Books & Education,Stationery,Lalitpur Looms,Stationery made for Nepali shoppers with reliable quality and local style.,2500,4.6,288,"books & education, stationery, nepal, lalitpur looms, gift",False,True
P0258,Sagarmatha Bedding 258,Kitchen & Home,Bedding,Sagarmatha,Bedding made for Nepali shoppers with reliable quality and local style.,9800,3.4,391,"kitchen & home, bedding, nepal, sagarmatha, gift",False,True
P0259,Himalaya Children Books 259,Books & Education,Children Books,Himalaya,Children Books made for Nepali shoppers with reliable quality and local style.,899,3.9,376,"books & education, children books, nepal, himalaya, gift",False,True
P0260,Kathmandu Craft Smart Watch 260,Electronics,Smart Watch,Kathmandu Craft,Smart Watch made for Nepali shoppers with reliable quality and local style.,2500,3.8,85,"electronics, smart watch, nepal, kathmandu craft, gift",False,True
P0261,NepTech Stationery 261,Books & Education,Stationery,NepTech,Stationery made for Nepali shoppers with reliable quality and local style.,350,3.9,352,"books & education, stationery, nepal, neptech, gift",False,True
P0262,Sagarmatha Snacks 262,Daily Groceries,Snacks,Sagarmatha,Snacks made for Nepali shoppers with reliable quality and local style.,350,4.0,232,"daily groceries, snacks, nepal, sagarmatha, gift",False,True
P0263,Sagarmatha Dhaka Topi 263,Traditional Attire,Dhaka Topi,Sagarmatha,Dhaka Topi made for Nepali shoppers with reliable quality and local style.,350,3.7,102,"traditional attire, dhaka topi, nepal, sagarmatha, gift",True,True
P0264,Kathmandu Craft Lokta Paper 264,Handicrafts & Art,Lokta Paper,Kathmandu Craft,Lokta Paper made for Nepali shoppers with reliable quality and local style.,4200,4.6,89,"handicrafts & art, lokta paper, nepal, kathmandu craft, gift",False,True
P0265,Sagarmatha Accessories 265,Electronics,Accessories,Sagarmatha,Accessories made for Nepali shoppers with reliable quality and local style.,550,4.2,316,"electronics, accessories, nepal, sagarmatha, gift",False,True
P0266,NepTech Accessories 266,Electronics,Accessories,NepTech,Accessories made for Nepali shoppers with reliable quality and local style.,2500,4.1,8,"electronics, accessories, nepal, neptech, gift",False,True
P0267,Himalaya Saree 267,Traditional Attire,Saree,Himalaya,Saree made for Nepali shoppers with reliable quality and local style.,4200,3.2,203,"traditional attire, saree, nepal, himalaya, gift",False,True
P0268,Lalitpur Looms Lokta Paper 268,Handicrafts & Art,Lokta Paper,Lalitpur Looms,Lokta Paper made for Nepali shoppers with reliable quality and local style.,550,4.5,347,"handicrafts & art, lokta paper, nepal, lalitpur looms, gift",False,True
P0269,Janakpur Mart Tea 269,Daily Groceries,Tea,Janakpur Mart,Tea made for Nepali shoppers with reliable quality and local style.,4200,4.4,389,"daily groceries, tea, nepal, janakpur mart, gift",False,True
P0270,Lalitpur Looms Appliances 270,Kitchen & Home,Appliances,Lalitpur Looms,Appliances made for Nepali shoppers with reliable quality and local style.,14500,5.0,382,"kitchen & home, appliances, nepal, lalitpur looms, gift",False,True
P0271,Himalaya Exam Prep 271,Books & Education,Exam Prep,Himalaya,Exam Prep made for Nepali shoppers with reliable quality and local style.,9800,3.9,11,"books & education, exam prep, nepal, himalaya, gift",False,True
P0272,Lalitpur Looms Headphones 272,Electronics,Headphones,Lalitpur Looms,Headphones made for Nepali shoppers with reliable quality and local style.,9800,3.3,300,"electronics, headphones, nepal, lalitpur looms, gift",False,True
P0273,Sagarmatha Shoes 273,Fashion & Accessories,Shoes,Sagarmatha,Shoes made for Nepali shoppers with reliable quality and local style.,899,4.3,182,"fashion & accessories, shoes, nepal, sagarmatha, gift",False,False
P0274,Lalitpur Looms Jewellery 274,Fashion & Accessories,Jewellery,Lalitpur Looms,Jewellery made for Nepali shoppers with reliable quality and local style.,550,3.7,401,"fashion & accessories, jewellery, nepal, lalitpur looms, gift",False,True
P0275,Lalitpur Looms Spices 275,Daily Groceries,Spices,Lalitpur Looms,Spices made for Nepali shoppers with reliable quality and local style.,1800,3.4,34,"daily groceries, spices, nepal, lalitpur looms, gift",False,True
P0276,Sagarmatha Jewellery 276,Fashion & Accessories,Jewellery,Sagarmatha,Jewellery made for Nepali shoppers with reliable quality and local style.,2500,4.3,206,"fashion & accessories, jewellery, nepal, sagarmatha, gift",False,True
P0277,Sagarmatha Sunglasses 277,Fashion & Accessories,Sunglasses,Sagarmatha,Sunglasses made for Nepali shoppers with reliable quality and local style.,350,4.2,23,"fashion & accessories, sunglasses, nepal, sagarmatha, gift",False,True
P0278,Kathmandu Craft Accessories 278,Electronics,Accessories,Kathmandu Craft,Accessories made for Nepali shoppers with reliable quality and local style.,1250,4.4,219,"electronics, accessories, nepal, kathmandu craft, gift",True,True
P0279,Sagarmatha Saree 279,Traditional Attire,Saree,Sagarmatha,Saree made for Nepali shoppers with reliable quality and local style.,1250,5.0,95,"traditional attire, saree, nepal, sagarmatha, gift",False,True
P0280,Kathmandu Craft Saree 280,Traditional Attire,Saree,Kathmandu Craft,Saree made for Nepali shoppers with reliable quality and local style.,14500,4.2,116,"traditional attire, saree, nepal, kathmandu craft, gift",False,True
P0281,Sagarmatha Lokta Paper 281,Handicrafts & Art,Lokta Paper,Sagarmatha,Lokta Paper made for Nepali shoppers with reliable quality and local style.,1250,3.1,370,"handicrafts & art, lokta paper, nepal, sagarmatha, gift",True,True
P0282,Himalaya Jewellery 282,Fashion & Accessories,Jewellery,Himalaya,Jewellery made for Nepali shoppers with reliable quality and local style.,899,3.7,236,"fashion & accessories, jewellery, nepal, himalaya, gift",False,True
P0283,Sagarmatha Children Books 283,Books & Education,Children Books,Sagarmatha,Children Books made for Nepali shoppers with reliable quality and local style.,1800,3.7,7,"books & education, children books, nepal, sagarmatha, gift",False,True
P0284,Kathmandu Craft Metal Craft 284,Handicrafts & Art,Metal Craft,Kathmandu Craft,Metal Craft made for Nepali shoppers with reliable quality and local style.,4200,4.2,297,"handicrafts & art, metal craft, nepal, kathmandu craft, gift",False,True
P0285,Janakpur Mart Mobile 285,Electronics,Mobile,Janakpur Mart,Mobile made for Nepali shoppers with reliable quality and local style.,550,4.2,40,"electronics, mobile, nepal, janakpur mart, gift",False,True
P0286,Sagarmatha Tea 286,Daily Groceries,Tea,Sagarmatha,Tea made for Nepali shoppers with reliable quality and local style.,6500,3.8,230,"daily groceries, tea, nepal, sagarmatha, gift",False,True
P0287,NepTech Daura Suruwal 287,Traditional Attire,Daura Suruwal,NepTech,Daura Suruwal made for Nepali shoppers with reliable quality and local style.,550,4.1,344,"traditional attire, daura suruwal, nepal, neptech, gift",False,True
P0288,Janakpur Mart Headphones 288,Electronics,Headphones,Janakpur Mart,Headphones made for Nepali shoppers with reliable quality and local style.,550,3.6,162,"electronics, headphones, nepal, janakpur mart, gift",False,True
P0289,Himalaya Stationery 289,Books & Education,Stationery,Himalaya,Stationery made for Nepali shoppers with reliable quality and local style.,350,3.7,300,"books & education, stationery, nepal, himalaya, gift",False,True
P0290,NepTech Exam Prep 290,Books & Education,Exam Prep,NepTech,Exam Prep made for Nepali shoppers with reliable quality and local style.,14500,4.2,194,"books & education, exam prep, nepal, neptech, gift",False,True
P0291,Lalitpur Looms Smart Watch 291,Electronics,Smart Watch,Lalitpur Looms,Smart Watch made for Nepali shoppers with reliable quality and local style.,14500,5.0,360,"electronics, smart watch, nepal, lalitpur looms, gift",True,True
P0292,Kathmandu Craft Bedding 292,Kitchen & Home,Bedding,Kathmandu Craft,Bedding made for Nepali shoppers with reliable quality and local style.,1250,3.7,263,"kitchen & home, bedding, nepal, kathmandu craft, gift",False,True
P0293,Lalitpur Looms Kurta 293,Traditional Attire,Kurta,Lalitpur Looms,Kurta made for Nepali shoppers with reliable quality and local style.,350,3.6,283,"traditional attire, kurta, nepal, lalitpur looms, gift",False,False
P0294,Lalitpur Looms Daura Suruwal 294,Traditional Attire,Daura Suruwal,Lalitpur Looms,Daura Suruwal made for Nepali shoppers with reliable quality and local style.,1800,3.3,174,"traditional attire, daura suruwal, nepal, lalitpur looms, gift",False,True
P0295,NepTech Cookware 295,Kitchen & Home,Cookware,NepTech,Cookware made for Nepali shoppers with reliable quality and local style.,1800,4.4,311,"kitchen & home, cookware, nepal, neptech, gift",False,True
P0296,Kathmandu Craft Bags 296,Fashion & Accessories,Bags,Kathmandu Craft,Bags made for Nepali shoppers with reliable quality and local style.,2500,4.5,107,"fashion & accessories, bags, nepal, kathmandu craft, gift",False,True
P0297,Himalaya Metal Craft 297,Handicrafts & Art,Metal Craft,Himalaya,Metal Craft made for Nepali shoppers with reliable quality and local style.,1250,4.0,292,"handicrafts & art, metal craft, nepal, himalaya, gift",False,True
P0298,NepTech Thangka 298,Handicrafts & Art,Thangka,NepTech,Thangka made for Nepali shoppers with reliable quality and local style.,350,4.0,118,"handicrafts & art, thangka, nepal, neptech, gift",False,True
P0299,NepTech Stationery 299,Books & Education,Stationery,NepTech,Stationery made for Nepali shoppers with reliable quality and local style.,1800,3.9,178,"books & education, stationery, nepal, neptech, gift",False,False
P0300,NepTech Tea 300,Daily Groceries,Tea,NepTech,Tea made for Nepali shoppers with reliable quality and local style.,14500,4.2,275,"daily groceries, tea, nepal, neptech, gift",False,True
P0301,Lalitpur Looms Appliances 301,Kitchen & Home,Appliances,Lalitpur Looms,Appliances made for Nepali shoppers with reliable quality and local style.,6500,3.2,177,"kitchen & home, appliances, nepal, lalitpur looms, gift",False,True
P0302,Sagarmatha Smart Watch 302,Electronics,Smart Watch,Sagarmatha,Smart Watch made for Nepali shoppers with reliable quality and local style.,2500,4.3,339,"electronics, smart watch, nepal, sagarmatha, gift",False,True
P0303,NepTech Rice 303,Daily Groceries,Rice,NepTech,Rice made for Nepali shoppers with reliable quality and local style.,1250,3.5,374,"daily groceries, rice, nepal, neptech, gift",False,True
P0304,Kathmandu Craft Bags 304,Fashion & Accessories,Bags,Kathmandu Craft,Bags made for Nepali shoppers with reliable quality and local style.,1800,4.4,128,"fashion & accessories, bags, nepal, kathmandu craft, gift",False,True
P0305,Sagarmatha Shoes 305,Fashion & Accessories,Shoes,Sagarmatha,Shoes made for Nepali shoppers with reliable quality and local style.,2500,3.9,289,"fashion & accessories, shoes, nepal, sagarmatha, gift",False,True
P0306,Kathmandu Craft Bags 306,Fashion & Accessories,Bags,Kathmandu Craft,Bags made for Nepali shoppers with reliable quality and local style.,4200,4.1,217,"fashion & accessories, bags, nepal, kathmandu craft, gift",False,True
P0307,NepTech Woodcraft 307,Handicrafts & Art,Woodcraft,NepTech,Woodcraft made for Nepali shoppers with reliable quality and local style.,550,4.4,302,"handicrafts & art, woodcraft, nepal, neptech, gift",False,True
P0308,Himalaya Saree 308,Traditional Attire,Saree,Himalaya,Saree made for Nepali shoppers with reliable quality and local style.,6500,3.7,344,"traditional attire, saree, nepal, himalaya, gift",False,True
P0309,Janakpur Mart Appliances 309,Kitchen & Home,Appliances,Janakpur Mart,Appliances made for Nepali shoppers with reliable quality and local style.,350,4.3,141,"kitchen & home, appliances, nepal, janakpur mart, gift",False,True
P0310,Sagarmatha Snacks 310,Daily Groceries,Snacks,Sagarmatha,Snacks made for Nepali shoppers with reliable quality and local style.,1800,4.1,360,"daily groceries, snacks, nepal, sagarmatha, gift",False,True
P0311,Sagarmatha Saree 311,Traditional Attire,Saree,Sagarmatha,Saree made for Nepali shoppers with reliable quality and local style.,550,4.0,175,"traditional attire, saree, nepal, sagarmatha, gift",False,True
P0312,Janakpur Mart Jewellery 312,Fashion & Accessories,Jewellery,Janakpur Mart,Jewellery made for Nepali shoppers with reliable quality and local style.,1800,4.2,76,"fashion & accessories, jewellery, nepal, janakpur mart, gift",False,True
P0313,Himalaya Stationery 313,Books & Education,Stationery,Himalaya,Stationery made for Nepali shoppers with reliable quality and local style.,1250,4.7,131,"books & education, stationery, nepal, himalaya, gift",False,True
P0314,Sagarmatha Shoes 314,Fashion & Accessories,Shoes,Sagarmatha,Shoes made for Nepali shoppers with reliable quality and local style.,2500,4.4,81,"fashion & accessories, shoes, nepal, sagarmatha, gift",False,True
P0315,Lalitpur Looms Children Books 315,Books & Education,Children Books,Lalitpur Looms,Children Books made for Nepali shoppers with reliable quality and local style.,4200,4.7,343,"books & education, children books, nepal, lalitpur looms, gift",False,True
P0316,Janakpur Mart Saree 316,Traditional Attire,Saree,Janakpur Mart,Saree made for Nepali shoppers with reliable quality and local style.,4200,3.9,88,"traditional attire, saree, nepal, janakpur mart, gift",False,True
P0317,Kathmandu Craft Metal Craft 317,Handicrafts & Art,Metal Craft,Kathmandu Craft,Metal Craft made for Nepali shoppers with reliable quality and local style.,350,3.3,404,"handicrafts & art, metal craft, nepal, kathmandu craft, gift",True,True
P0318,Kathmandu Craft Daura Suruwal 318,Traditional Attire,Daura Suruwal,Kathmandu Craft,Daura Suruwal made for Nepali shoppers with reliable quality and local style.,9800,3.1,416,"traditional attire, daura suruwal, nepal, kathmandu craft, gift",True,True
P0319,NepTech Literature 319,Books & Education,Literature,NepTech,Literature made for Nepali shoppers with reliable quality and local style.,350,3.8,266,"books & education, literature, nepal, neptech, gift",False,True
P0320,Lalitpur Looms Jewellery 320,Fashion & Accessories,Jewellery,Lalitpur Looms,Jewellery made for Nepali shoppers with reliable quality and local style.,14500,4.0,264,"fashion & accessories, jewellery, nepal, lalitpur looms, gift",False,True
P0321,Janakpur Mart Dhaka Topi 321,Traditional Attire,Dhaka Topi,Janakpur Mart,Dhaka Topi made for Nepali shoppers with reliable quality and local style.,14500,3.1,227,"traditional attire, dhaka topi, nepal, janakpur mart, gift",False,True
P0322,Sagarmatha Smart Watch 322,Electronics,Smart Watch,Sagarmatha,Smart Watch made for Nepali shoppers with reliable quality and local style.,4200,4.1,325,"electronics, smart watch, nepal, sagarmatha, gift",False,True
P0323,Lalitpur Looms Snacks 323,Daily Groceries,Snacks,Lalitpur Looms,Snacks made for Nepali shoppers with reliable quality and local style.,1800,4.4,280,"daily groceries, snacks, nepal, lalitpur looms, gift",False,True
P0324,Lalitpur Looms Daura Suruwal 324,Traditional Attire,Daura Suruwal,Lalitpur Looms,Daura Suruwal made for Nepali shoppers with reliable quality and local style.,899,4.2,270,"traditional attire, daura suruwal, nepal, lalitpur looms, gift",True,True
P0325,NepTech Jewellery 325,Fashion & Accessories,Jewellery,NepTech,Jewellery made for Nepali shoppers with reliable quality and local style.,2500,3.7,372,"fashion & accessories, jewellery, nepal, neptech, gift",False,True
P0326,Himalaya Mobile 326,Electronics,Mobile,Himalaya,Mobile made for Nepali shoppers with reliable quality and local style.,899,3.8,135,"electronics, mobile, nepal, himalaya, gift",False,True
P0327,Janakpur Mart Thangka 327,Handicrafts & Art,Thangka,Janakpur Mart,Thangka made for Nepali shoppers with reliable quality and local style.,1250,3.6,76,"handicrafts & art, thangka, nepal, janakpur mart, gift",False,True
P0328,NepTech Literature 328,Books & Education,Literature,NepTech,Literature made for Nepali shoppers with reliable quality and local style.,9800,4.9,349,"books & education, literature, nepal, neptech, gift",False,True
P0329,Lalitpur Looms Saree 329,Traditional Attire,Saree,Lalitpur Looms,Saree made for Nepali shoppers with reliable quality and local style.,14500,3.7,311,"traditional attire, saree, nepal, lalitpur looms, gift",False,True
P0330,Sagarmatha Snacks 330,Daily Groceries,Snacks,Sagarmatha,Snacks made for Nepali shoppers with reliable quality and local style.,14500,4.3,35,"daily groceries, snacks, nepal, sagarmatha, gift",False,True
P0331,Janakpur Mart Lokta Paper 331,Handicrafts & Art,Lokta Paper,Janakpur Mart,Lokta Paper made for Nepali shoppers with reliable quality and local style.,2500,4.1,375,"handicrafts & art, lokta paper, nepal, janakpur mart, gift",False,True
P0332,Himalaya Stationery 332,Books & Education,Stationery,Himalaya,Stationery made for Nepali shoppers with reliable quality and local style.,4200,4.8,405,"books & education, stationery, nepal, himalaya, gift",False,True
P0333,Lalitpur Looms Bedding 333,Kitchen & Home,Bedding,Lalitpur Looms,Bedding made for Nepali shoppers with reliable quality and local style.,2500,4.7,270,"kitchen & home, bedding, nepal, lalitpur looms, gift",False,True
P0334,Janakpur Mart Accessories 334,Electronics,Accessories,Janakpur Mart,Accessories made for Nepali shoppers with reliable quality and local style.,14500,4.2,120,"electronics, accessories, nepal, janakpur mart, gift",True,True
P0335,Sagarmatha Saree 335,Traditional Attire,Saree,Sagarmatha,Saree made for Nepali shoppers with reliable quality and local style.,6500,4.2,346,"traditional attire, saree, nepal, sagarmatha, gift",True,True
P0336,Sagarmatha Appliances 336,Kitchen & Home,Appliances,Sagarmatha,Appliances made for Nepali shoppers with reliable quality and local style.,550,4.8,151,"kitchen & home, appliances, nepal, sagarmatha, gift",False,True
P0337,NepTech Sunglasses 337,Fashion & Accessories,Sunglasses,NepTech,Sunglasses made for Nepali shoppers with reliable quality and local style.,4200,3.6,163,"fashion & accessories, sunglasses, nepal, neptech, gift",True,True
P0338,Himalaya Dhaka Topi 338,Traditional Attire,Dhaka Topi,Himalaya,Dhaka Topi made for Nepali shoppers with reliable quality and local style.,4200,4.2,241,"traditional attire, dhaka topi, nepal, himalaya, gift",False,True
P0339,Sagarmatha Accessories 339,Electronics,Accessories,Sagarmatha,Accessories made for Nepali shoppers with reliable quality and local style.,350,4.3,118,"electronics, accessories, nepal, sagarmatha, gift",False,True
P0340,NepTech Dhaka Topi 340,Traditional Attire,Dhaka Topi,NepTech,Dhaka Topi made for Nepali shoppers with reliable quality and local style.,2500,4.2,292,"traditional attire, dhaka topi, nepal, neptech, gift",False,True
P0341,Janakpur Mart Exam Prep 341,Books & Education,Exam Prep,Janakpur Mart,Exam Prep made for Nepali shoppers with reliable quality and local style.,4200,3.2,77,"books & education, exam prep, nepal, janakpur mart, gift",False,True
P0342,Lalitpur Looms Stationery 342,Books & Education,Stationery,Lalitpur Looms,Stationery made for Nepali shoppers with reliable quality and local style.,9800,4.1,253,"books & education, stationery, nepal, lalitpur looms, gift",True,True
P0343,NepTech Saree 343,Traditional Attire,Saree,NepTech,Saree made for Nepali shoppers with reliable quality and local style.,899,4.9,41,"traditional attire, saree, nepal, neptech, gift",False,True
P0344,Janakpur Mart Smart Watch 344,Electronics,Smart Watch,Janakpur Mart,Smart Watch made for Nepali shoppers with reliable quality and local style.,4200,4.5,240,"electronics, smart watch, nepal, janakpur mart, gift",False,False
P0345,Kathmandu Craft Cookware 345,Kitchen & Home,Cookware,Kathmandu Craft,Cookware made for Nepali shoppers with reliable quality and local style.,6500,4.3,166,"kitchen & home, cookware, nepal, kathmandu craft, gift",False,True
P0346,Sagarmatha Headphones 346,Electronics,Headphones,Sagarmatha,Headphones made for Nepali shoppers with reliable quality and local style.,1250,4.9,231,"electronics, headphones, nepal, sagarmatha, gift",False,True
P0347,Himalaya Appliances 347,Kitchen & Home,Appliances,Himalaya,Appliances made for Nepali shoppers with reliable quality and local style.,1250,3.7,378,"kitchen & home, appliances, nepal, himalaya, gift",False,True
P0348,Janakpur Mart Saree 348,Traditional Attire,Saree,Janakpur Mart,Saree made for Nepali shoppers with reliable quality and local style.,4200,3.4,195,"traditional attire, saree, nepal, janakpur mart, gift",False,True
P0349,NepTech Metal Craft 349,Handicrafts & Art,Metal Craft,NepTech,Metal Craft made for Nepali shoppers with reliable quality and local style.,550,3.7,159,"handicrafts & art, metal craft, nepal, neptech, gift",False,True
P0350,Himalaya Dhaka Topi 350,Traditional Attire,Dhaka Topi,Himalaya,Dhaka Topi made for Nepali shoppers with reliable quality and local style.,2500,4.1,199,"traditional attire, dhaka topi, nepal, himalaya, gift",False,True
P0351,Lalitpur Looms Thangka 351,Handicrafts & Art,Thangka,Lalitpur Looms,Thangka made for Nepali shoppers with reliable quality and local style.,2500,3.9,341,"handicrafts & art, thangka, nepal, lalitpur looms, gift",False,True
P0352,Lalitpur Looms Saree 352,Traditional Attire,Saree,Lalitpur Looms,Saree made for Nepali shoppers with reliable quality and local style.,4200,3.2,171,"traditional attire, saree, nepal, lalitpur looms, gift",False,True
P0353,NepTech Jewellery 353,Fashion & Accessories,Jewellery,NepTech,Jewellery made for Nepali shoppers with reliable quality and local style.,350,4.0,115,"fashion & accessories, jewellery, nepal, neptech, gift",True,False
P0354,Lalitpur Looms Jewellery 354,Fashion & Accessories,Jewellery,Lalitpur Looms,Jewellery made for Nepali shoppers with reliable quality and local style.,14500,4.1,35,"fashion & accessories, jewellery, nepal, lalitpur looms, gift",False,True
P0355,Lalitpur Looms Stationery 355,Books & Education,Stationery,Lalitpur Looms,Stationery made for Nepali shoppers with reliable quality and local style.,9800,3.8,157,"books & education, stationery, nepal, lalitpur looms, gift",False,True
P0356,NepTech Lokta Paper 356,Handicrafts & Art,Lokta Paper,NepTech,Lokta Paper made for Nepali shoppers with reliable quality and local style.,350,3.3,399,"handicrafts & art, lokta paper, nepal, neptech, gift",False,True
P0357,Kathmandu Craft Lokta Paper 357,Handicrafts & Art,Lokta Paper,Kathmandu Craft,Lokta Paper made for Nepali shoppers with reliable quality and local style.,1250,2.7,278,"handicrafts & art, lokta paper, nepal, kathmandu craft, gift",True,True
P0358,Himalaya Tea 358,Daily Groceries,Tea,Himalaya,Tea made for Nepali shoppers with reliable quality and local style.,6500,3.7,117,"daily groceries, tea, nepal, himalaya, gift",False,True
P0359,Sagarmatha Smart Watch 359,Electronics,Smart Watch,Sagarmatha,Smart Watch made for Nepali shoppers with reliable quality and local style.,6500,3.6,285,"electronics, smart watch, nepal, sagarmatha, gift",False,True
P0360,Himalaya Literature 360,Books & Education,Literature,Himalaya,Literature made for Nepali shoppers with reliable quality and local style.,2500,4.4,405,"books & education, literature, nepal, himalaya, gift",False,True
P0361,NepTech Accessories 361,Electronics,Accessories,NepTech,Accessories made for Nepali shoppers with reliable quality and local style.,4200,4.2,37,"electronics, accessories, nepal, neptech, gift",False,True
P0362,Kathmandu Craft Snacks 362,Daily Groceries,Snacks,Kathmandu Craft,Snacks made for Nepali shoppers with reliable quality and local style.,1250,4.6,150,"daily groceries, snacks, nepal, kathmandu craft, gift",True,True
P0363,Sagarmatha Appliances 363,Kitchen & Home,Appliances,Sagarmatha,Appliances made for Nepali shoppers with reliable quality and local style.,550,3.2,248,"kitchen & home, appliances, nepal, sagarmatha, gift",False,True
P0364,Lalitpur Looms Smart Watch 364,Electronics,Smart Watch,Lalitpur Looms,Smart Watch made for Nepali shoppers with reliable quality and local style.,899,3.3,179,"electronics, smart watch, nepal, lalitpur looms, gift",False,True
P0365,Janakpur Mart Headphones 365,Electronics,Headphones,Janakpur Mart,Headphones made for Nepali shoppers with reliable quality and local style.,14500,4.2,418,"electronics, headphones, nepal, janakpur mart, gift",False,True
P0366,Kathmandu Craft Lokta Paper 366,Handicrafts & Art,Lokta Paper,Kathmandu Craft,Lokta Paper made for Nepali shoppers with reliable quality and local style.,2500,5.0,315,"handicrafts & art, lokta paper, nepal, kathmandu craft, gift",False,True
P0367,Himalaya Stationery 367,Books & Education,Stationery,Himalaya,Stationery made for Nepali shoppers with reliable quality and local style.,14500,2.6,165,"books & education, stationery, nepal, himalaya, gift",False,True
P0368,Janakpur Mart Smart Watch 368,Electronics,Smart Watch,Janakpur Mart,Smart Watch made for Nepali shoppers with reliable quality and local style.,899,4.0,157,"electronics, smart watch, nepal, janakpur mart, gift",False,True
P0369,Lalitpur Looms Stationery 369,Books & Education,Stationery,Lalitpur Looms,Stationery made for Nepali shoppers with reliable quality and local style.,2500,3.8,13,"books & education, stationery, nepal, lalitpur looms, gift",False,True
P0370,Lalitpur Looms Shoes 370,Fashion & Accessories,Shoes,Lalitpur Looms,Shoes made for Nepali shoppers with reliable quality and local style.,1800,3.8,162,"fashion & accessories, shoes, nepal, lalitpur looms, gift",False,True
P0371,NepTech Saree 371,Traditional Attire,Saree,NepTech,Saree made for Nepali shoppers with reliable quality and local style.,550,4.4,280,"traditional attire, saree, nepal, neptech, gift",False,True
P0372,Himalaya Spices 372,Daily Groceries,Spices,Himalaya,Spices made for Nepali shoppers with reliable quality and local style.,350,4.1,163,"daily groceries, spices, nepal, himalaya, gift",True,True
P0373,Himalaya Stationery 373,Books & Education,Stationery,Himalaya,Stationery made for Nepali shoppers with reliable quality and local style.,350,4.8,380,"books & education, stationery, nepal, himalaya, gift",False,True
P0374,Himalaya Snacks 374,Daily Groceries,Snacks,Himalaya,Snacks made for Nepali shoppers with reliable quality and local style.,899,4.3,389,"daily groceries, snacks, nepal, himalaya, gift",False,True
P0375,Lalitpur Looms Shoes 375,Fashion & Accessories,Shoes,Lalitpur Looms,Shoes made for Nepali shoppers with reliable quality and local style.,1800,4.0,24,"fashion & accessories, shoes, nepal, lalitpur looms, gift",True,True
P0376,Himalaya Children Books 376,Books & Education,Children Books,Himalaya,Children Books made for Nepali shoppers with reliable quality and local style.,1250,3.4,145,"books & education, children books, nepal, himalaya, gift",False,True
P0377,Sagarmatha Bedding 377,Kitchen & Home,Bedding,Sagarmatha,Bedding made for Nepali shoppers with reliable quality and local style.,2500,3.1,286,"kitchen & home, bedding, nepal, sagarmatha, gift",False,False
P0378,Janakpur Mart Snacks 378,Daily Groceries,Snacks,Janakpur Mart,Snacks made for Nepali shoppers with reliable quality and local style.,899,4.7,417,"daily groceries, snacks, nepal, janakpur mart, gift",True,True
P0379,Janakpur Mart Kurta 379,Traditional Attire,Kurta,Janakpur Mart,Kurta made for Nepali shoppers with reliable quality and local style.,550,4.9,414,"traditional attire, kurta, nepal, janakpur mart, gift",False,True
P0380,Sagarmatha Stationery 380,Books & Education,Stationery,Sagarmatha,Stationery made for Nepali shoppers with reliable quality and local style.,9800,3.9,82,"books & education, stationery, nepal, sagarmatha, gift",False,True
P0381,NepTech Sunglasses 381,Fashion & Accessories,Sunglasses,NepTech,Sunglasses made for Nepali shoppers with reliable quality and local style.,1800,3.8,370,"fashion & accessories, sunglasses, nepal, neptech, gift",False,True
P0382,Kathmandu Craft Daura Suruwal 382,Traditional Attire,Daura Suruwal,Kathmandu Craft,Daura Suruwal made for Nepali shoppers with reliable quality and local style.,350,3.6,259,"traditional attire, daura suruwal, nepal, kathmandu craft, gift",False,True
P0383,Kathmandu Craft Jewellery 383,Fashion & Accessories,Jewellery,Kathmandu Craft,Jewellery made for Nepali shoppers with reliable quality and local style.,6500,4.2,307,"fashion & accessories, jewellery, nepal, kathmandu craft, gift",False,True
P0384,Lalitpur Looms Bags 384,Fashion & Accessories,Bags,Lalitpur Looms,Bags made for Nepali shoppers with reliable quality and local style.,1250,4.7,123,"fashion & accessories, bags, nepal, lalitpur looms, gift",False,True
P0385,Lalitpur Looms Daura Suruwal 385,Traditional Attire,Daura Suruwal,Lalitpur Looms,Daura Suruwal made for Nepali shoppers with reliable quality and local style.,550,3.2,6,"traditional attire, daura suruwal, nepal, lalitpur looms, gift",True,True
P0386,Himalaya Metal Craft 386,Handicrafts & Art,Metal Craft,Himalaya,Metal Craft made for Nepali shoppers with reliable quality and local style.,2500,3.9,13,"handicrafts & art, metal craft, nepal, himalaya, gift",False,True
P0387,Himalaya Kurta 387,Traditional Attire,Kurta,Himalaya,Kurta made for Nepali shoppers with reliable quality and local style.,2500,3.9,229,"traditional attire, kurta, nepal, himalaya, gift",False,True
P0388,Sagarmatha Accessories 388,Electronics,Accessories,Sagarmatha,Accessories made for Nepali shoppers with reliable quality and local style.,14500,3.4,313,"electronics, accessories, nepal, sagarmatha, gift",False,True
P0389,Kathmandu Craft Decor 389,Kitchen & Home,Decor,Kathmandu Craft,Decor made for Nepali shoppers with reliable quality and local style.,1800,3.5,187,"kitchen & home, decor, nepal, kathmandu craft, gift",True,True
P0390,NepTech Snacks 390,Daily Groceries,Snacks,NepTech,Snacks made for Nepali shoppers with reliable quality and local style.,1800,4.0,307,"daily groceries, snacks, nepal, neptech, gift",False,True
P0391,Kathmandu Craft Shoes 391,Fashion & Accessories,Shoes,Kathmandu Craft,Shoes made for Nepali shoppers with reliable quality and local style.,1800,3.3,51,"fashion & accessories, shoes, nepal, kathmandu craft, gift",False,True
P0392,NepTech Thangka 392,Handicrafts & Art,Thangka,NepTech,Thangka made for Nepali shoppers with reliable quality and local style.,550,4.0,231,"handicrafts & art, thangka, nepal, neptech, gift",True,True
P0393,NepTech Stationery 393,Books & Education,Stationery,NepTech,Stationery made for Nepali shoppers with reliable quality and local style.,1250,3.8,41,"books & education, stationery, nepal, neptech, gift",False,True
P0394,Lalitpur Looms Shoes 394,Fashion & Accessories,Shoes,Lalitpur Looms,Shoes made for Nepali shoppers with reliable quality and local style.,9800,4.6,191,"fashion & accessories, shoes, nepal, lalitpur looms, gift",False,True
P0395,Kathmandu Craft Tea 395,Daily Groceries,Tea,Kathmandu Craft,Tea made for Nepali shoppers with reliable quality and local style.,9800,3.9,241,"daily groceries, tea, nepal, kathmandu craft, gift",True,False
P0396,Lalitpur Looms Bedding 396,Kitchen & Home,Bedding,Lalitpur Looms,Bedding made for Nepali shoppers with reliable quality and local style.,6500,3.8,276,"kitchen & home, bedding, nepal, lalitpur looms, gift",False,True
P0397,Lalitpur Looms Mobile 397,Electronics,Mobile,Lalitpur Looms,Mobile made for Nepali shoppers with reliable quality and local style.,4200,4.4,199,"electronics, mobile, nepal, lalitpur looms, gift",False,True
P0398,Himalaya Headphones 398,Electronics,Headphones,Himalaya,Headphones made for Nepali shoppers with reliable quality and local style.,350,4.2,342,"electronics, headphones, nepal, himalaya, gift",False,True
P0399,NepTech Bedding 399,Kitchen & Home,Bedding,NepTech,Bedding made for Nepali shoppers with reliable quality and local style.,899,3.7,199,"kitchen & home, bedding, nepal, neptech, gift",False,True
P0400,Janakpur Mart Smart Watch 400,Electronics,Smart Watch,Janakpur Mart,Smart Watch made for Nepali shoppers with reliable quality and local style.,350,4.0,108,"electronics, smart watch, nepal, janakpur mart, gift",False,True
P0401,Sagarmatha Smart Watch 401,Electronics,Smart Watch,Sagarmatha,Smart Watch made for Nepali shoppers with reliable quality and local style.,899,3.6,365,"electronics, smart watch, nepal, sagarmatha, gift",False,True
P0402,Lalitpur Looms Lokta Paper 402,Handicrafts & Art,Lokta Paper,Lalitpur Looms,Lokta Paper made for Nepali shoppers with reliable quality and local style.,1250,4.7,398,"handicrafts & art, lokta paper, nepal, lalitpur looms, gift",False,True
P0403,Lalitpur Looms Saree 403,Traditional Attire,Saree,Lalitpur Looms,Saree made for Nepali shoppers with reliable quality and local style.,899,3.8,260,"traditional attire, saree, nepal, lalitpur looms, gift",False,True
P0404,NepTech Spices 404,Daily Groceries,Spices,NepTech,Spices made for Nepali shoppers with reliable quality and local style.,2500,3.8,351,"daily groceries, spices, nepal, neptech, gift",False,False
P0405,Himalaya Accessories 405,Electronics,Accessories,Himalaya,Accessories made for Nepali shoppers with reliable quality and local style.,14500,4.3,48,"electronics, accessories, nepal, himalaya, gift",False,True
P0406,Sagarmatha Stationery 406,Books & Education,Stationery,Sagarmatha,Stationery made for Nepali shoppers with reliable quality and local style.,1250,4.7,77,"books & education, stationery, nepal, sagarmatha, gift",False,False
P0407,NepTech Daura Suruwal 407,Traditional Attire,Daura Suruwal,NepTech,Daura Suruwal made for Nepali shoppers with reliable quality and local style.,9800,3.7,369,"traditional attire, daura suruwal, nepal, neptech, gift",True,True
P0408,Sagarmatha Sunglasses 408,Fashion & Accessories,Sunglasses,Sagarmatha,Sunglasses made for Nepali shoppers with reliable quality and local style.,1250,4.0,139,"fashion & accessories, sunglasses, nepal, sagarmatha, gift",False,True
P0409,NepTech Children Books 409,Books & Education,Children Books,NepTech,Children Books made for Nepali shoppers with reliable quality and local style.,550,4.8,350,"books & education, children books, nepal, neptech, gift",True,True
P0410,Kathmandu Craft Literature 410,Books & Education,Literature,Kathmandu Craft,Literature made for Nepali shoppers with reliable quality and local style.,550,5.0,10,"books & education, literature, nepal, kathmandu craft, gift",True,False
P0411,NepTech Shoes 411,Fashion & Accessories,Shoes,NepTech,Shoes made for Nepali shoppers with reliable quality and local style.,350,3.4,123,"fashion & accessories, shoes, nepal, neptech, gift",True,True
P0412,Janakpur Mart Headphones 412,Electronics,Headphones,Janakpur Mart,Headphones made for Nepali shoppers with reliable quality and local style.,550,2.9,277,"electronics, headphones, nepal, janakpur mart, gift",False,True
P0413,Sagarmatha Daura Suruwal 413,Traditional Attire,Daura Suruwal,Sagarmatha,Daura Suruwal made for Nepali shoppers with reliable quality and local style.,1250,3.9,173,"traditional attire, daura suruwal, nepal, sagarmatha, gift",False,False
P0414,Himalaya Stationery 414,Books & Education,Stationery,Himalaya,Stationery made for Nepali shoppers with reliable quality and local style.,1800,3.8,121,"books & education, stationery, nepal, himalaya, gift",False,True
P0415,Janakpur Mart Spices 415,Daily Groceries,Spices,Janakpur Mart,Spices made for Nepali shoppers with reliable quality and local style.,4200,3.8,17,"daily groceries, spices, nepal, janakpur mart, gift",False,True
P0416,Sagarmatha Thangka 416,Handicrafts & Art,Thangka,Sagarmatha,Thangka made for Nepali shoppers with reliable quality and local style.,1800,4.3,125,"handicrafts & art, thangka, nepal, sagarmatha, gift",True,True
P0417,Kathmandu Craft Smart Watch 417,Electronics,Smart Watch,Kathmandu Craft,Smart Watch made for Nepali shoppers with reliable quality and local style.,6500,3.3,223,"electronics, smart watch, nepal, kathmandu craft, gift",False,True
P0418,NepTech Woodcraft 418,Handicrafts & Art,Woodcraft,NepTech,Woodcraft made for Nepali shoppers with reliable quality and local style.,2500,4.1,149,"handicrafts & art, woodcraft, nepal, neptech, gift",False,True
P0419,Kathmandu Craft Accessories 419,Electronics,Accessories,Kathmandu Craft,Accessories made for Nepali shoppers with reliable quality and local style.,2500,5.0,257,"electronics, accessories, nepal, kathmandu craft, gift",False,True
P0420,Sagarmatha Smart Watch 420,Electronics,Smart Watch,Sagarmatha,Smart Watch made for Nepali shoppers with reliable quality and local style.,1250,4.2,282,"electronics, smart watch, nepal, sagarmatha, gift",False,True
P0421,Himalaya Jewellery 421,Fashion & Accessories,Jewellery,Himalaya,Jewellery made for Nepali shoppers with reliable quality and local style.,899,3.8,277,"fashion & accessories, jewellery, nepal, himalaya, gift",False,True
P0422,Kathmandu Craft Cookware 422,Kitchen & Home,Cookware,Kathmandu Craft,Cookware made for Nepali shoppers with reliable quality and local style.,350,3.5,183,"kitchen & home, cookware, nepal, kathmandu craft, gift",False,True
P0423,Janakpur Mart Children Books 423,Books & Education,Children Books,Janakpur Mart,Children Books made for Nepali shoppers with reliable quality and local style.,2500,5.0,294,"books & education, children books, nepal, janakpur mart, gift",False,True
P0424,NepTech Sunglasses 424,Fashion & Accessories,Sunglasses,NepTech,Sunglasses made for Nepali shoppers with reliable quality and local style.,9800,4.3,127,"fashion & accessories, sunglasses, nepal, neptech, gift",False,True
P0425,Lalitpur Looms Mobile 425,Electronics,Mobile,Lalitpur Looms,Mobile made for Nepali shoppers with reliable quality and local style.,6500,3.9,128,"electronics, mobile, nepal, lalitpur looms, gift",False,True
P0426,NepTech Kurta 426,Traditional Attire,Kurta,NepTech,Kurta made for Nepali shoppers with reliable quality and local style.,899,4.0,387,"traditional attire, kurta, nepal, neptech, gift",False,True
P0427,Sagarmatha Dhaka Topi 427,Traditional Attire,Dhaka Topi,Sagarmatha,Dhaka Topi made for Nepali shoppers with reliable quality and local style.,14500,3.3,404,"traditional attire, dhaka topi, nepal, sagarmatha, gift",False,True
P0428,NepTech Jewellery 428,Fashion & Accessories,Jewellery,NepTech,Jewellery made for Nepali shoppers with reliable quality and local style.,4200,4.6,218,"fashion & accessories, jewellery, nepal, neptech, gift",False,True
P0429,Himalaya Bedding 429,Kitchen & Home,Bedding,Himalaya,Bedding made for Nepali shoppers with reliable quality and local style.,9800,4.4,419,"kitchen & home, bedding, nepal, himalaya, gift",False,False
P0430,Lalitpur Looms Shoes 430,Fashion & Accessories,Shoes,Lalitpur Looms,Shoes made for Nepali shoppers with reliable quality and local style.,14500,2.8,313,"fashion & accessories, shoes, nepal, lalitpur looms, gift",False,False
P0431,NepTech Kurta 431,Traditional Attire,Kurta,NepTech,Kurta made for Nepali shoppers with reliable quality and local style.,350,4.4,399,"traditional attire, kurta, nepal, neptech, gift",False,True
P0432,Janakpur Mart Thangka 432,Handicrafts & Art,Thangka,Janakpur Mart,Thangka made for Nepali shoppers with reliable quality and local style.,4200,4.6,69,"handicrafts & art, thangka, nepal, janakpur mart, gift",False,True
P0433,Janakpur Mart Stationery 433,Books & Education,Stationery,Janakpur Mart,Stationery made for Nepali shoppers with reliable quality and local style.,1800,3.8,131,"books & education, stationery, nepal, janakpur mart, gift",False,True
P0434,Himalaya Smart Watch 434,Electronics,Smart Watch,Himalaya,Smart Watch made for Nepali shoppers with reliable quality and local style.,6500,3.5,226,"electronics, smart watch, nepal, himalaya, gift",False,True
P0435,Himalaya Thangka 435,Handicrafts & Art,Thangka,Himalaya,Thangka made for Nepali shoppers with reliable quality and local style.,2500,4.9,404,"handicrafts & art, thangka, nepal, himalaya, gift",False,False
P0436,Himalaya Smart Watch 436,Electronics,Smart Watch,Himalaya,Smart Watch made for Nepali shoppers with reliable quality and local style.,1250,3.6,187,"electronics, smart watch, nepal, himalaya, gift",False,True
P0437,NepTech Saree 437,Traditional Attire,Saree,NepTech,Saree made for Nepali shoppers with reliable quality and local style.,1250,4.5,220,"traditional attire, saree, nepal, neptech, gift",False,True
P0438,Lalitpur Looms Lokta Paper 438,Handicrafts & Art,Lokta Paper,Lalitpur Looms,Lokta Paper made for Nepali shoppers with reliable quality and local style.,6500,3.9,228,"handicrafts & art, lokta paper, nepal, lalitpur looms, gift",False,True
P0439,NepTech Smart Watch 439,Electronics,Smart Watch,NepTech,Smart Watch made for Nepali shoppers with reliable quality and local style.,4200,3.9,23,"electronics, smart watch, nepal, neptech, gift",False,True
P0440,Lalitpur Looms Shoes 440,Fashion & Accessories,Shoes,Lalitpur Looms,Shoes made for Nepali shoppers with reliable quality and local style.,550,4.1,402,"fashion & accessories, shoes, nepal, lalitpur looms, gift",False,True
P0441,Lalitpur Looms Bags 441,Fashion & Accessories,Bags,Lalitpur Looms,Bags made for Nepali shoppers with reliable quality and local style.,899,3.5,405,"fashion & accessories, bags, nepal, lalitpur looms, gift",True,True
P0442,Sagarmatha Snacks 442,Daily Groceries,Snacks,Sagarmatha,Snacks made for Nepali shoppers with reliable quality and local style.,14500,4.0,116,"daily groceries, snacks, nepal, sagarmatha, gift",False,True
P0443,Kathmandu Craft Kurta 443,Traditional Attire,Kurta,Kathmandu Craft,Kurta made for Nepali shoppers with reliable quality and local style.,899,3.4,182,"traditional attire, kurta, nepal, kathmandu craft, gift",False,True
P0444,Kathmandu Craft Appliances 444,Kitchen & Home,Appliances,Kathmandu Craft,Appliances made for Nepali shoppers with reliable quality and local style.,350,3.9,145,"kitchen & home, appliances, nepal, kathmandu craft, gift",False,True
P0445,Himalaya Literature 445,Books & Education,Literature,Himalaya,Literature made for Nepali shoppers with reliable quality and local style.,350,4.8,312,"books & education, literature, nepal, himalaya, gift",False,True
P0446,NepTech Jewellery 446,Fashion & Accessories,Jewellery,NepTech,Jewellery made for Nepali shoppers with reliable quality and local style.,350,4.3,400,"fashion & accessories, jewellery, nepal, neptech, gift",False,True
P0447,Himalaya Jewellery 447,Fashion & Accessories,Jewellery,Himalaya,Jewellery made for Nepali shoppers with reliable quality and local style.,1250,3.8,197,"fashion & accessories, jewellery, nepal, himalaya, gift",False,True
P0448,Kathmandu Craft Bedding 448,Kitchen & Home,Bedding,Kathmandu Craft,Bedding made for Nepali shoppers with reliable quality and local style.,4200,4.1,136,"kitchen & home, bedding, nepal, kathmandu craft, gift",False,True
P0449,Himalaya Dhaka Topi 449,Traditional Attire,Dhaka Topi,Himalaya,Dhaka Topi made for Nepali shoppers with reliable quality and local style.,1800,3.7,49,"traditional attire, dhaka topi, nepal, himalaya, gift",False,True
P0450,Janakpur Mart Shoes 450,Fashion & Accessories,Shoes,Janakpur Mart,Shoes made for Nepali shoppers with reliable quality and local style.,350,3.4,349,"fashion & accessories, shoes, nepal, janakpur mart, gift",False,True
P0451,Himalaya Bags 451,Fashion & Accessories,Bags,Himalaya,Bags made for Nepali shoppers with reliable quality and local style.,2500,3.0,244,"fashion & accessories, bags, nepal, himalaya, gift",True,False
P0452,Kathmandu Craft Literature 452,Books & Education,Literature,Kathmandu Craft,Literature made for Nepali shoppers with reliable quality and local style.,899,4.1,301,"books & education, literature, nepal, kathmandu craft, gift",True,True
P0453,Himalaya Woodcraft 453,Handicrafts & Art,Woodcraft,Himalaya,Woodcraft made for Nepali shoppers with reliable quality and local style.,1800,3.8,48,"handicrafts & art, woodcraft, nepal, himalaya, gift",False,True
P0454,NepTech Children Books 454,Books & Education,Children Books,NepTech,Children Books made for Nepali shoppers with reliable quality and local style.,1800,4.2,355,"books & education, children books, nepal, neptech, gift",False,True
P0455,Sagarmatha Woodcraft 455,Handicrafts & Art,Woodcraft,Sagarmatha,Woodcraft made for Nepali shoppers with reliable quality and local style.,1250,4.1,99,"handicrafts & art, woodcraft, nepal, sagarmatha, gift",False,True
P0456,NepTech Children Books 456,Books & Education,Children Books,NepTech,Children Books made for Nepali shoppers with reliable quality and local style.,2500,4.1,173,"books & education, children books, nepal, neptech, gift",False,True
P0457,Kathmandu Craft Kurta 457,Traditional Attire,Kurta,Kathmandu Craft,Kurta made for Nepali shoppers with reliable quality and local style.,9800,4.4,35,"traditional attire, kurta, nepal, kathmandu craft, gift",False,False
P0458,Kathmandu Craft Metal Craft 458,Handicrafts & Art,Metal Craft,Kathmandu Craft,Metal Craft made for Nepali shoppers with reliable quality and local style.,6500,4.7,363,"handicrafts & art, metal craft, nepal, kathmandu craft, gift",False,False
P0459,Kathmandu Craft Daura Suruwal 459,Traditional Attire,Daura Suruwal,Kathmandu Craft,Daura Suruwal made for Nepali shoppers with reliable quality and local style.,2500,3.5,219,"traditional attire, daura suruwal, nepal, kathmandu craft, gift",False,True
P0460,Kathmandu Craft Kurta 460,Traditional Attire,Kurta,Kathmandu Craft,Kurta made for Nepali shoppers with reliable quality and local style.,14500,3.5,335,"traditional attire, kurta, nepal, kathmandu craft, gift",False,True
P0461,Himalaya Spices 461,Daily Groceries,Spices,Himalaya,Spices made for Nepali shoppers with reliable quality and local style.,14500,3.7,328,"daily groceries, spices, nepal, himalaya, gift",False,True
P0462,Himalaya Metal Craft 462,Handicrafts & Art,Metal Craft,Himalaya,Metal Craft made for Nepali shoppers with reliable quality and local style.,6500,4.4,106,"handicrafts & art, metal craft, nepal, himalaya, gift",True,False
P0463,NepTech Lokta Paper 463,Handicrafts & Art,Lokta Paper,NepTech,Lokta Paper made for Nepali shoppers with reliable quality and local style.,14500,2.9,177,"handicrafts & art, lokta paper, nepal, neptech, gift",False,True
P0464,Lalitpur Looms Daura Suruwal 464,Traditional Attire,Daura Suruwal,Lalitpur Looms,Daura Suruwal made for Nepali shoppers with reliable quality and local style.,4200,4.4,69,"traditional attire, daura suruwal, nepal, lalitpur looms, gift",False,True
P0465,NepTech Bedding 465,Kitchen & Home,Bedding,NepTech,Bedding made for Nepali shoppers with reliable quality and local style.,550,4.2,142,"kitchen & home, bedding, nepal, neptech, gift",False,True
P0466,Lalitpur Looms Rice 466,Daily Groceries,Rice,Lalitpur Looms,Rice made for Nepali shoppers with reliable quality and local style.,1800,4.9,153,"daily groceries, rice, nepal, lalitpur looms, gift",False,True
P0467,NepTech Tea 467,Daily Groceries,Tea,NepTech,Tea made for Nepali shoppers with reliable quality and local style.,9800,4.2,68,"daily groceries, tea, nepal, neptech, gift",False,True
P0468,Lalitpur Looms Kurta 468,Traditional Attire,Kurta,Lalitpur Looms,Kurta made for Nepali shoppers with reliable quality and local style.,14500,4.0,304,"traditional attire, kurta, nepal, lalitpur looms, gift",False,True
P0469,Himalaya Bags 469,Fashion & Accessories,Bags,Himalaya,Bags made for Nepali shoppers with reliable quality and local style.,9800,3.7,326,"fashion & accessories, bags, nepal, himalaya, gift",False,True
P0470,Lalitpur Looms Appliances 470,Kitchen & Home,Appliances,Lalitpur Looms,Appliances made for Nepali shoppers with reliable quality and local style.,350,4.9,80,"kitchen & home, appliances, nepal, lalitpur looms, gift",False,True
P0471,Lalitpur Looms Bags 471,Fashion & Accessories,Bags,Lalitpur Looms,Bags made for Nepali shoppers with reliable quality and local style.,550,4.6,85,"fashion & accessories, bags, nepal, lalitpur looms, gift",False,True
P0472,Himalaya Sunglasses 472,Fashion & Accessories,Sunglasses,Himalaya,Sunglasses made for Nepali shoppers with reliable quality and local style.,550,2.7,197,"fashion & accessories, sunglasses, nepal, himalaya, gift",False,True
P0473,NepTech Kurta 473,Traditional Attire,Kurta,NepTech,Kurta made for Nepali shoppers with reliable quality and local style.,14500,4.2,97,"traditional attire, kurta, nepal, neptech, gift",False,True
P0474,Kathmandu Craft Thangka 474,Handicrafts & Art,Thangka,Kathmandu Craft,Thangka made for Nepali shoppers with reliable quality and local style.,899,4.5,124,"handicrafts & art, thangka, nepal, kathmandu craft, gift",False,True
P0475,Lalitpur Looms Accessories 475,Electronics,Accessories,Lalitpur Looms,Accessories made for Nepali shoppers with reliable quality and local style.,6500,3.8,58,"electronics, accessories, nepal, lalitpur looms, gift",False,True
P0476,Lalitpur Looms Spices 476,Daily Groceries,Spices,Lalitpur Looms,Spices made for Nepali shoppers with reliable quality and local style.,899,4.1,318,"daily groceries, spices, nepal, lalitpur looms, gift",True,True
P0477,Himalaya Snacks 477,Daily Groceries,Snacks,Himalaya,Snacks made for Nepali shoppers with reliable quality and local style.,4200,4.1,67,"daily groceries, snacks, nepal, himalaya, gift",False,True
P0478,Janakpur Mart Exam Prep 478,Books & Education,Exam Prep,Janakpur Mart,Exam Prep made for Nepali shoppers with reliable quality and local style.,2500,4.6,142,"books & education, exam prep, nepal, janakpur mart, gift",False,True
P0479,Lalitpur Looms Shoes 479,Fashion & Accessories,Shoes,Lalitpur Looms,Shoes made for Nepali shoppers with reliable quality and local style.,1800,3.5,269,"fashion & accessories, shoes, nepal, lalitpur looms, gift",False,True
P0480,Lalitpur Looms Decor 480,Kitchen & Home,Decor,Lalitpur Looms,Decor made for Nepali shoppers with reliable quality and local style.,9800,4.3,167,"kitchen & home, decor, nepal, lalitpur looms, gift",False,True
P0481,Lalitpur Looms Smart Watch 481,Electronics,Smart Watch,Lalitpur Looms,Smart Watch made for Nepali shoppers with reliable quality and local style.,14500,5.0,247,"electronics, smart watch, nepal, lalitpur looms, gift",False,True
P0482,Sagarmatha Cookware 482,Kitchen & Home,Cookware,Sagarmatha,Cookware made for Nepali shoppers with reliable quality and local style.,6500,5.0,43,"kitchen & home, cookware, nepal, sagarmatha, gift",False,True
P0483,Janakpur Mart Bedding 483,Kitchen & Home,Bedding,Janakpur Mart,Bedding made for Nepali shoppers with reliable quality and local style.,1250,3.7,278,"kitchen & home, bedding, nepal, janakpur mart, gift",False,True
P0484,Kathmandu Craft Accessories 484,Electronics,Accessories,Kathmandu Craft,Accessories made for Nepali shoppers with reliable quality and local style.,550,4.7,402,"electronics, accessories, nepal, kathmandu craft, gift",True,True
P0485,Himalaya Sunglasses 485,Fashion & Accessories,Sunglasses,Himalaya,Sunglasses made for Nepali shoppers with reliable quality and local style.,6500,4.7,84,"fashion & accessories, sunglasses, nepal, himalaya, gift",False,True
P0486,Himalaya Daura Suruwal 486,Traditional Attire,Daura Suruwal,Himalaya,Daura Suruwal made for Nepali shoppers with reliable quality and local style.,9800,3.6,46,"traditional attire, daura suruwal, nepal, himalaya, gift",True,True
P0487,Janakpur Mart Cookware 487,Kitchen & Home,Cookware,Janakpur Mart,Cookware made for Nepali shoppers with reliable quality and local style.,6500,2.5,267,"kitchen & home, cookware, nepal, janakpur mart, gift",False,True
P0488,Kathmandu Craft Jewellery 488,Fashion & Accessories,Jewellery,Kathmandu Craft,Jewellery made for Nepali shoppers with reliable quality and local style.,899,4.6,364,"fashion & accessories, jewellery, nepal, kathmandu craft, gift",False,True
P0489,NepTech Rice 489,Daily Groceries,Rice,NepTech,Rice made for Nepali shoppers with reliable quality and local style.,550,4.0,219,"daily groceries, rice, nepal, neptech, gift",False,True
P0490,Janakpur Mart Spices 490,Daily Groceries,Spices,Janakpur Mart,Spices made for Nepali shoppers with reliable quality and local style.,6500,3.3,100,"daily groceries, spices, nepal, janakpur mart, gift",False,True
P0491,Sagarmatha Dhaka Topi 491,Traditional Attire,Dhaka Topi,Sagarmatha,Dhaka Topi made for Nepali shoppers with reliable quality and local style.,1800,5.0,245,"traditional attire, dhaka topi, nepal, sagarmatha, gift",True,True
P0492,Janakpur Mart Stationery 492,Books & Education,Stationery,Janakpur Mart,Stationery made for Nepali shoppers with reliable quality and local style.,9800,3.4,11,"books & education, stationery, nepal, janakpur mart, gift",True,True
P0493,NepTech Kurta 493,Traditional Attire,Kurta,NepTech,Kurta made for Nepali shoppers with reliable quality and local style.,4200,4.0,374,"traditional attire, kurta, nepal, neptech, gift",False,True
P0494,Himalaya Accessories 494,Electronics,Accessories,Himalaya,Accessories made for Nepali shoppers with reliable quality and local style.,550,4.2,259,"electronics, accessories, nepal, himalaya, gift",False,True
P0495,Kathmandu Craft Tea 495,Daily Groceries,Tea,Kathmandu Craft,Tea made for Nepali shoppers with reliable quality and local style.,14500,3.3,282,"daily groceries, tea, nepal, kathmandu craft, gift",True,True
P0496,Kathmandu Craft Sunglasses 496,Fashion & Accessories,Sunglasses,Kathmandu Craft,Sunglasses made for Nepali shoppers with reliable quality and local style.,899,3.9,352,"fashion & accessories, sunglasses, nepal, kathmandu craft, gift",True,False
P0497,Sagarmatha Exam Prep 497,Books & Education,Exam Prep,Sagarmatha,Exam Prep made for Nepali shoppers with reliable quality and local style.,1250,3.6,264,"books & education, exam prep, nepal, sagarmatha, gift",False,True
P0498,Himalaya Literature 498,Books & Education,Literature,Himalaya,Literature made for Nepali shoppers with reliable quality and local style.,550,4.3,133,"books & education, literature, nepal, himalaya, gift",True,True
P0499,NepTech Literature 499,Books & Education,Literature,NepTech,Literature made for Nepali shoppers with reliable quality and local style.,9800,4.7,363,"books & education, literature, nepal, neptech, gift",False,True
P0500,NepTech Lokta Paper 500,Handicrafts & Art,Lokta Paper,NepTech,Lokta Paper made for Nepali shoppers with reliable quality and local style.,6500,3.9,225,"handicrafts & art, lokta paper, nepal, neptech, gift",False,True
